Workbook

Sheet Summary
A1: Monthly Summaries- Revenue
A2: Brand | B2: # of Listings | C2: Monthly Rev | D2: Estimated 12mo Revenue | E2: Monthly Units | F2: Monthly Rev Market Share % | G2: Price Per Unit | H2: Reviews | I2: Avg Rating
A3: Teslong | B3: 61 | C3: 1749770.4 | D3: 20997245 | E3: 15076 | F3: 0.26213266 | G3: 116.0633 | H3: 31091 | I3: 4.469763
A4: DEPSTECH | B4: 33 | C4: 642464.19 | D4: 7709570.3 | E4: 6863 | F4: 0.096247398 | G4: 93.612733 | H4: 38523 | I4: 4.4607325
A5: DXZtoz | B5: 5 | C5: 498047.53 | D5: 5976570.4 | E5: 3505 | F5: 0.074612375 | G5: 142.0963 | H5: 2174 | I5: 4.5358326
A6: Kinpthy | B6: 6 | C6: 312629.19 | D6: 3751550.3 | E6: 8975 | F6: 0.0468349 | G6: 34.833336 | H6: 26446 | I6: 4.4
A7: anysun | B7: 97 | C7: 287877.11 | D7: 3454525.3 | E7: 500 | F7: 0.043126797 | G7: 575.75422 | H7: 6168 | I7: 4.1966764
A8: VEVOR | B8: 35 | C8: 254859.43 | D8: 3058313.2 | E8: 1561 | F8: 0.038180427 | G8: 163.26677 | H8: 4194 | I8: 4.3067
A9: Sanyipace | B9: 46 | C9: 172015.92 | D9: 2064191 | E9: 375 | F9: 0.025769661 | G9: 458.70912 | H9: 2565 | I9: 4.1500195
A10: Daxiongmao | B10: 8 | C10: 159821.55 | D10: 1917858.6 | E10: 4365 | F10: 0.023942826 | G10: 36.61433 | H10: 11375 | I10: 4.4001055
A11: Ralcam | B11: 21 | C11: 144605.07 | D11: 1735260.8 | E11: 762 | F11: 0.021663249 | G11: 189.77043 | H11: 2734 | I11: 4.4377103
A12: Acoath | B12: 6 | C12: 104632.67 | D12: 1255592 | E12: 3480 | F12: 0.015674994 | G12: 30.066859 | H12: 4073 | I12: 4.4338817
A14: Market Total | B14: 1558 | C14: 6675133.1 | D14: 80101597 | E14: 92155 | F14: 1 | G14: 72.433759 | H14: 268046 | I14: 4.3556087
A16: Monthly Summary - Units
A17: Brand | B17: # of Listings | C17: Monthly Rev | D17: Estimated 12mo Units | E17: Monthly Units | F17: Monthly Unit Market Share % | G17: Price Per Unit | H17: Reviews | I17: Avg Rating
A18: Teslong | B18: 61 | C18: 1749770.4 | D18: 180912 | E18: 15076 | F18: 0.16359394 | G18: 116.0633 | H18: 31091 | I18: 4.469763
A19: Kinpthy | B19: 6 | C19: 312629.19 | D19: 107700 | E19: 8975 | F19: 0.097390266 | G19: 34.833336 | H19: 26446 | I19: 4.4
A20: DEPSTECH | B20: 33 | C20: 642464.19 | D20: 82356 | E20: 6863 | F20: 0.074472356 | G20: 93.612733 | H20: 38523 | I20: 4.4607325
A21: Daxiongmao | B21: 8 | C21: 159821.55 | D21: 52380 | E21: 4365 | F21: 0.047365851 | G21: 36.61433 | H21: 11375 | I21: 4.4001055
A22: DXZtoz | B22: 5 | C22: 498047.53 | D22: 42060 | E22: 3505 | F22: 0.038033747 | G22: 142.0963 | H22: 2174 | I22: 4.5358326
A23: Acoath | B23: 6 | C23: 104632.67 | D23: 41760 | E23: 3480 | F23: 0.037762465 | G23: 30.066859 | H23: 4073 | I23: 4.4338817
A24: AukonVee | B24: 7 | C24: 97904.13 | D24: 38892 | E24: 3241 | F24: 0.035169009 | G24: 30.208001 | H24: 579 | I24: 4.4839378
A25: Elecshion | B25: 4 | C25: 102178.58 | D25: 36456 | E25: 3038 | F25: 0.032966198 | G25: 33.633502 | H25: 3847 | I25: 4.3434104
A26: PAPIBLU | B26: 2 | C26: 51510.91 | D26: 31932 | E26: 2661 | F26: 0.028875265 | G26: 19.357726 | H26: 274 | I26: 4.3
A27: WINWEND | B27: 5 | C27: 87761.93 | D27: 31188 | E27: 2599 | F27: 0.028202485 | G27: 33.767576 | H27: 1548 | I27: 4.4925065
A29: Market Total | B29: 1558 | C29: 6675133.1 | D29: 1105860 | E29: 92155 | F29: 1 | G29: 72.433759 | H29: 268046 | I29: 4.3556087

Sheet Top 50
A1: Rank By Monthly Revenue - ONLY
A2: Ranking | B2: ASIN | C2: Product Name | D2: Brand | E2: Type | F2: 2/4-way | G2: Display | H2: Lens diameter | I2: Lens count | J2: Cable length | K2: Price | L2: Est. Monthly Retail Rev | M2: Est. Monthly Units Sold | N2: # of Reviews | O2: Avg. Rating | P2: Column2 | Q2: Link
A3: 1 | B3: B0CJY5C9QX | C3: Teslong Two-Way Articulating Borescope with Light, Industrial Endoscope Inspection Camera with Articulated Probe, Flexible Mechanic Fiber Optic Snake Scope Cam for Wall Automotive Engine Inspect-5FT | D3: teslong | E3: Articulation | F3: 2-way | G3: 4.5" | H3: 8mm | I3: Single | J3: 5ft | K3: 129.99 | L3: 699032.88 | M3: 5378 | N3: 1078 | O3: 4.7 | P3: https://amazon.com/dp/B0CJY5C9QX | Q3: https://amazon.com/dp/B0CJY5C9QX
A4: 2 | B4: B0B28HRSBP | C4: DXZtoz Two-Way Articulating Borescope, Industrial Endoscope with 0.33in Articulated Snake Camera, Video Inspection Scope with Light for Automotive Aircraft Mechanics- 5.5FT | D4: dxztoz | E4: Articulation | F4: 2-way | G4: 4.3" | H4: 8.5mm | I4: Single | J4: 5.5ft | K4: 139.39 | L4: 300981.94 | M4: 2210 | N4: 1468 | O4: 4.6 | P4: https://amazon.com/dp/B0B28HRSBP | Q4: https://amazon.com/dp/B0B28HRSBP
A5: 3 | B5: B0C9JR3N4W | C5: Endoscope Camera with Light,1920P HD Borescope Tools with 8 Adjustable LED Lights, Endoscope with Semi-Rigid Snake Camera, IP67 Waterproof Inspection Borescope for iOS and Android-16.4ft Dual-Lens | D5: kinpthy | E5: USB | G5: App | H5: 8mm | I5: Dual | J5: 16.5ft | K5: 42.99 | L5: 180193.2 | M5: 4708 | N5: 5288 | O5: 4.4 | P5: https://amazon.com/dp/B0C9JR3N4W | Q5: https://amazon.com/dp/B0C9JR3N4W
A6: 4 | B6: B0DT4H7QQM | C6: Teslong Two-Way Articulating Borescope, 5.5mm Slim Probe, 5.0'' Industrial Endoscope with Light, 5FT Flexible Snake Scope for Automotive, HVAC & Mechanics | D6: teslong | E6: Articulation | F6: 2-way | G6: 5.0" | H6: 5.5mm | I6: Single | J6: 5ft | K6: 106.39 | L6: 128609.35 | M6: 924 | N6: 177 | O6: 4.6 | P6: https://amazon.com/dp/B0DT4H7QQM | Q6: https://amazon.com/dp/B0DT4H7QQM
A7: 5 | B7: B0C3B32Q9Z | C7: DXZtoz Dual-Lens Articulating Borescope, Engine Endoscope with 0.33in Two-Way Articulated Snake Camera, 5'' Dual Screen, 1080P Inspection Camera with Light for Automotive Home Mechanics-5FT | D7: dxztoz | E7: Articulation | F7: 2-way | G7: 5.0" | H7: 8mm | I7: Dual | J7: 5ft | K7: 159.99 | L7: 127974.16 | M7: 910 | N7: 428 | O7: 4.5 | P7: https://amazon.com/dp/B0C3B32Q9Z | Q7: https://amazon.com/dp/B0C3B32Q9Z
A8: 6 | B8: B0BS1CFFH8 | C8: Triple Lens Endoscope Camera with Light with 50FT Semi-Rigid Cable, DEPSTECH 5" IPS Screen Sewer Inspection Camera, 1080P Industrial Borescope, Split Screen, Waterproof Drain Pipe Tool, Carrying Case | D8: depstech | E8: Landscape | G8: 5.0" | H8: 8mm | I8: Triple | J8: 50ft | K8: 129.99 | L8: 125621.04 | M8: 1058 | N8: 1394 | O8: 4.3 | P8: https://amazon.com/dp/B0BS1CFFH8 | Q8: https://amazon.com/dp/B0BS1CFFH8
A9: 7 | B9: B0CJY6SWBN | C9: Articulating Borescope with Dual Lens Endoscope Camera, Teslong Two-Way Articulated Industrial Inspection Camera with LED Light, Flexible Mechanic Fiber Optic Snake Scope Cam for Wall Automotive-5FT | D9: teslong | E9: Articulation | F9: 2-way | G9: 4.5" | H9: 8mm | I9: Dual | J9: 5ft | K9: 149.99 | L9: 115523.95 | M9: 839 | N9: 318 | O9: 4.4 | P9: https://amazon.com/dp/B0CJY6SWBN | Q9: https://amazon.com/dp/B0CJY6SWBN
A10: 8 | B10: B07TV2BFVR | C10: Teslong Inspection Camera, Dual Lens Borescope Camera with Light, NTS300 5" IPS Industrial Endoscope, 1080P Waterproof Flexible Mechanic Fiber Optic Snake Scope Cam for Wall Automotive Engine (16.5FT) | D10: teslong | E10: Handheld | G10: 5.0" | H10: 5.5mm | I10: Dual | J10: 16.5ft | K10: 159.99 | L10: 104232.74 | M10: 651 | N10: 3542 | O10: 4.6 | P10: https://amazon.com/dp/B07TV2BFVR | Q10: https://amazon.com/dp/B07TV2BFVR
A11: 9 | B11: B0928Q3T42 | C11: DEPSTECH Dual Lens Industrial Endoscope, 1080P Digital Borescope Inspection Camera, 7.9mm IP67 Waterproof Sewer Camera with 4.3" LCD Screen, 7 LED Lights, 16.5FT Semi-Rigid Cable, 32GB Card-Black | D11: depstech | E11: Landscape | G11: 4.3" | H11: 8mm | I11: Dual | J11: 16.5ft | K11: 69.99 | L11: 99914.55 | M11: 1428 | N11: 6721 | O11: 4.5 | P11: https://amazon.com/dp/B0928Q3T42 | Q11: https://amazon.com/dp/B0928Q3T42
A12: 10 | B12: B0CMCSGPJC | C12: [Dual-Lens] Endoscope Camera with Light, 1920P HD Borescope with 8+1 Adjustable LED Lights, IP67 Waterproof 16.5FT Semi-Rigid Snake Cord Inspection Camera for iPhone, iPad and Android Phone (Type C) | D12: elecshion | E12: USB | G12: App | H12: 8mm | I12: Dual | J12: 16.5ft | K12: 35.99 | L12: 87777.71 | M12: 2507 | N12: 1085 | O12: 4.3 | P12: https://amazon.com/dp/B0CMCSGPJC | Q12: https://amazon.com/dp/B0CMCSGPJC
A13: 11 | B13: B0DD6YVBHD | C13: DEPSTECH 50ft Sewer Camera, 1080P HD Triple Lens Borescope, 5" IPS Screen Endoscope with Light, IP67 Waterproof Plumbing Drain Pipe Snake Inspection Camera with 32G Card, Carry Case | D13: depstech | E13: Landscape | G13: 5.0" | H13: 8mm | I13: Triple | J13: 50ft | K13: 137.79 | L13: 85121.94 | M13: 718 | N13: 253 | O13: 4.3 | P13: https://amazon.com/dp/B0DD6YVBHD | Q13: https://amazon.com/dp/B0DD6YVBHD
A14: 12 | B14: B0CHW4FLS7 | C14: Articulating Borescope with Dual Lens Endoscope, Teslong 5-inch IPS Automotive Inspection Camera with Two-Way Articulation Tip, 6+1 LED Lights, Mechanics Fiber Optic Scope-Dia. 0.25 inch & L 5.0 feet | D14: teslong | E14: Articulation | F14: 2-way | G14: 5.0" | H14: 6.5mm | I14: Dual | J14: 5ft | K14: 299.99 | L14: 75799.26 | M14: 253 | N14: 184 | O14: 4.2 | P14: https://amazon.com/dp/B0CHW4FLS7 | Q14: https://amazon.com/dp/B0CHW4FLS7
A15: 13 | B15: B0BXSMSS7M | C15: Endoscope Camera with Light, 1080P HD Borescope with 8 Adjustable Lights, 4.3" Endoscope with 16.4ft Semi-Rigid Snake Camera, IP67 Waterproof Borescopese for Sewer, Cool Gadgets & Tools for Men | D15: daxiongmao | E15: Handheld | F15: No camera | G15: 4.3" | H15: 8mm | I15: Single | J15: 16.5ft | K15: 39.99 | L15: 72545.94 | M15: 2107 | N15: 1810 | O15: 4.4 | P15: https://amazon.com/dp/B0BXSMSS7M | Q15: https://amazon.com/dp/B0BXSMSS7M
A16: 14 | B16: B0F1CXQ3YS | C16: Endoscope Borescope Camera with Light, 4.3" IPS 1920P HD Inspection Camera, 7.9mm IP67 Waterproof with 8 Adjustable LEDs, 16.5FT Semi-Rigid Snake Cable for Sewer, Automotive Engine, Pipe, HVAC | D16: aukonvee | E16: Landscape | F16: No camera | G16: 4.3" | H16: 8mm | I16: Single | J16: 16.5ft | K16: 28.49 | L16: 69483.37 | M16: 2390 | N16: 233 | O16: 4.5 | P16: https://amazon.com/dp/B0F1CXQ3YS | Q16: https://amazon.com/dp/B0F1CXQ3YS
A17: 15 | B17: B0CP538LN1 | C17: WINWEND Endoscope Camera with Light - IP67 Waterproof Borescope Camera with 8 Adjustable LED Lights | 4.3" LCD Screen Borescope | HD 1080P Inspection Cameras with 16.5ft Semi-Rigid Cord Tools for Men | D17: winwend | E17: Handheld | F17: No camera | G17: 4.3" | H17: 8mm | I17: Single | J17: 16.5ft | K17: 37.95 | L17: 64529.13 | M17: 1956 | N17: 1082 | O17: 4.5 | P17: https://amazon.com/dp/B0CP538LN1 | Q17: https://amazon.com/dp/B0CP538LN1
A18: 16 | B18: B0C4V5LWWL | C18: Endoscope Camera with Light,1920P HD Borescope Tools with 8 Adjustable LED Lights, Endoscope with Semi-Rigid Snake Camera, Inspection Borescope for iOS and Android-16.4ft Single Lens | D18: kinpthy | E18: USB | G18: App | H18: 8mm | I18: Single | J18: 16.5ft | K18: 23.99 | L18: 62751.69 | M18: 2273 | N18: 5278 | O18: 4.4 | P18: https://amazon.com/dp/B0C4V5LWWL | Q18: https://amazon.com/dp/B0C4V5LWWL
A19: 17 | B19: B0DFHL8YN5 | C19: Two-Way Articulating Borescope with Light, UJOYOK Industrial Endoscope with Snake Scope Camera, Borescope Inspection Camera with Light for Automotive & Aircraft Mechanics, 5.5FT | D19: ujoyok | E19: Articulation | F19: 2-way | G19: 4.3" | H19: 8mm | I19: Single | J19: 5.5ft | K19: 105.99 | L19: 59592.67 | M19: 627 | N19: 300 | O19: 4.6 | P19: https://amazon.com/dp/B0DFHL8YN5 | Q19: https://amazon.com/dp/B0DFHL8YN5
A20: 18 | B20: B0DT16R78W | C20: DEPSTECH Dual Lens Two-Way Articulating Borescope Camera with Light, 4.5" Screen and 5FT Flexible Snake Scope Industrial Endoscope, Inspection Video Camera Tool for Wall, Engine, Auto, Mechanics | D20: depstech | E20: Articulation | F20: 2-way | G20: 4.5" | H20: 8mm | I20: Dual | J20: 5ft | K20: 129.99 | L20: 57984.25 | M20: 510 | N20: 245 | O20: 4.6 | P20: https://amazon.com/dp/B0DT16R78W | Q20: https://amazon.com/dp/B0DT16R78W
A21: 19 | B21: B0C3R381FC | C21: Endoscope Camera with Light, Borescope Camera with 4.3" IPS Screen, 1920P HD with 8 LED Lights, 16.4FT Semi-Rigid Cord Bore Scope, Gadgets for Men & Tools for Men | D21: daxiongmao | E21: Landscape | F21: No camera | G21: 4.3" | H21: 8mm | I21: Single | J21: 16.5ft | K21: 32.98 | L21: 57070.35 | M21: 1595 | N21: 3741 | O21: 4.4 | P21: https://amazon.com/dp/B0C3R381FC | Q21: https://amazon.com/dp/B0C3R381FC
A22: 20 | B22: B0DGFBCH38 | C22: Acoath Endoscope Camera with Light, Dual-Lens 1920P HD Borescope with 8 Adjustable LED Lights, IP67 Waterproof Boroscope Inspection Tools, 16.4ft Semi-Rigid Snake Camera for iOS & Android | D22: acoath | E22: USB | G22: App | H22: 8mm | I22: Dual | J22: 16.5ft | K22: 35.99 | L22: 56990.09 | M22: 2048 | N22: 1132 | O22: 4.4 | P22: https://amazon.com/dp/B0DGFBCH38 | Q22: https://amazon.com/dp/B0DGFBCH38
A23: 21 | B23: B0F62WJY8N | C23: DEPSTECH Dual Lens Articulating Endoscope Camera with Lights, 4.5" Screen Two-Way Industrial Borescope, Flexible Snake Scope, Video Inspection Camera Tool for Wall Engine Auto Mechanics - 10FT | D23: depstech | E23: Articulation | F23: 2-way | G23: 4.5" | H23: 8mm | I23: Dual | J23: 10ft | K23: 159.99 | L23: 55154.49 | M23: 386 | N23: 252 | O23: 4.6 | P23: https://amazon.com/dp/B0F62WJY8N | Q23: https://amazon.com/dp/B0F62WJY8N
A24: 22 | B24: B0FC2HS5GZ | C24: Endoscope with Light, 1920P HD Borescope with 8 Adjustable LED Lights, 16.4FT Semi-Rigid Snake Camera, IP67 Waterproof Inspection Tool for iPhone & Android - Dual Lens | D24: papiblu | E24: USB | G24: App | H24: 8mm | I24: Dual | J24: 16.5ft | K24: 22.99 | L24: 50110.88 | M24: 2575 | N24: 137 | O24: 4.3 | P24: https://amazon.com/dp/B0FC2HS5GZ | Q24: https://amazon.com/dp/B0FC2HS5GZ
A25: 23 | B25: B0DT98YB3X | C25: Two-Way Articulating Borescope Camera with Light: Industrial Endoscope Inspection Snake Camera - Flexible Bore Scope Cam with 0.33in Articulated Probe for Mechanic Automotive Engine Wall - 5.5FT | D25: wanawong k | E25: Articulation | F25: 2-way | G25: 4.3" | H25: 8mm | I25: Single | J25: 5.5ft | K25: 79.99 | L25: 46412.67 | M25: 616 | N25: 164 | O25: 4.5 | P25: https://amazon.com/dp/B0DT98YB3X | Q25: https://amazon.com/dp/B0DT98YB3X
A26: 24 | B26: B09ZV7KJHL | C26: Two-Way Articulating Borescope with Light, Teslong 5-inch IPS Endoscope Inspection Camera with Articulation Head, Automotive Mechanics Fiber Optic Scope-0.33inch | D26: teslong | E26: Articulation | F26: 2-way | G26: 5.0" | H26: 8mm | I26: Single | J26: 5ft | K26: 279.99 | L26: 43464.52 | M26: 179 | N26: 549 | O26: 4.7 | P26: https://amazon.com/dp/B09ZV7KJHL | Q26: https://amazon.com/dp/B09ZV7KJHL
A27: 25 | B27: B0D7PYRRKD | C27: Teslong 3.9mm 4-Way Articulating Borescope with Light, 6'' IPS Endoscope Inspection Camera with 360 Articulated Probe, Flexible Automotive Mechanics Gadgets Fiber Optic Scope Cam (0.15inch-5FT) | D27: teslong | E27: Articulation | F27: 4-way | G27: 6.0" | H27: 3.9mm | I27: Single | J27: 5ft | K27: 699.99 | L27: 40745.77 | M27: 58 | N27: 21 | O27: 4.6 | P27: https://amazon.com/dp/B0D7PYRRKD | Q27: https://amazon.com/dp/B0D7PYRRKD
A28: 26 | B28: B0DK965BZP | C28: Teslong Endoscope Borescope with Light, Snake Inspection Camera for Automotive Engine, Waterproof Fiber Optic Camera for Mechanics - Ideal for Wall, Vent, Wire Video Scope (16.5FT) | D28: teslong | E28: Landscape | G28: 4.3" | H28: 8mm | I28: Single | J28: 16.5ft | K28: 37.99 | L28: 39438.44 | M28: 803 | N28: 234 | O28: 4.5 | P28: https://amazon.com/dp/B0DK965BZP | Q28: https://amazon.com/dp/B0DK965BZP
A29: 27 | B29: B0B71PT47Q | C29: DXZtoz 10FT Articulating Borescope, Inspection Camera with 0.33in Two-Way Steering Snake Camera, Waterproof 1080P Endoscope with Light for Mechanics Electriction Wall Pipe Inspection | D29: dxztoz | E29: Articulation | F29: 2-way | G29: 4.3" | H29: 8mm | I29: Single | J29: 10ft | K29: 172.89 | L29: 38511.09 | M29: 212 | N29: 180 | O29: 4.3 | P29: https://amazon.com/dp/B0B71PT47Q | Q29: https://amazon.com/dp/B0B71PT47Q
A30: 28 | B30: B08NJ8627V | C30: DEPSTECH Dual Lens Wireless Endoscope, 1080P Scope Snake Camera with 7 LED Lights,0.31In Lens Video HD Inspection Camera,IP67 Waterproof Borescope,16.5FT Cable for Android & iOS Phone or Tablet-Yellow | D30: depstech | E30: Wireless | H30: 8mm | I30: Dual | J30: 16.5ft | K30: 54.99 | L30: 36197.11 | M30: 658 | N30: 2461 | O30: 4.3 | P30: https://amazon.com/dp/B08NJ8627V | Q30: https://amazon.com/dp/B08NJ8627V
A31: 29 | B31: B0DPHJSPBY | C31: FOXWELL 2-Way Articulating Borescope Camera with Light, 0.24in Industrial Endoscope Inspection Camera with Articulated Snake Cameras, HD Video Scope for Automotive Engine HVAC Inspection - 5.25FT | D31: foxwell | E31: Articulation | F31: 2-way | G31: 4.3" | H31: 6.2mm | I31: Single | J31: 5.25ft | K31: 199.99 | L31: 36138.18 | M31: 232 | N31: 97 | O31: 4.8 | P31: https://amazon.com/dp/B0DPHJSPBY | Q31: https://amazon.com/dp/B0DPHJSPBY
A32: 30 | B32: B0DWSKVF5H | C32: Endoscope Camera with Light: 5" Dual-Lens Inspection Borescope Camera for Sewer - 16.4ft Waterproof Industrial Endoscope - Flexible Snake Bore Scope for Plumbing Automotive | D32: tgjor | E32: Handheld | F32: No camera | G32: 5.0" | H32: 8mm | I32: Dual | J32: 16.5ft | K32: 49.99 | L32: 36045.72 | M32: 899 | N32: 191 | O32: 4.6 | P32: https://amazon.com/dp/B0DWSKVF5H | Q32: https://amazon.com/dp/B0DWSKVF5H
A33: 31 | B33: B0BF64PP4F | C33: Endoscope Camera with Light,1920P HD Borescope Tools with 8 Adjustable LED Lights, Endoscope with Semi-Rigid Snake Camera, IP67 Waterproof Inspection Borescope for iOS and Android-32.8ft Single Lens | D33: kinpthy | E33: USB | G33: App | H33: 8mm | I33: Single | J33: 32.8ft | K33: 40.99 | L33: 33366.73 | M33: 915 | N33: 5287 | O33: 4.4 | P33: https://amazon.com/dp/B0BF64PP4F | Q33: https://amazon.com/dp/B0BF64PP4F
A34: 32 | B34: B0D9M3Q7FK | C34: Two-Way Articulating Borescope Camera with Light, KAIWEETS 0.33in Industrial Endoscope Camera with Light, 5FT Flexible Snake Inspection Scope for Automotive and Aircraft Mechanics | D34: kaiweets | E34: Articulation | F34: 2-way | G34: 4.3" | H34: 8mm | I34: Single | J34: 5ft | K34: 119.99 | L34: 33220.95 | M34: 343 | N34: 464 | O34: 4.4 | P34: https://amazon.com/dp/B0D9M3Q7FK | Q34: https://amazon.com/dp/B0D9M3Q7FK
A35: 33 | B35: B07Q86XGN2 | C35: Triple Lens Borescope Inspection Camera, Teslong Professional Endoscope with Light, Digital Video Scope Camera, 5" IPS Screen, Waterproof Flexible Cable for Automotive/Home/Wall/Pipe/Car (16.5FT) | D35: teslong | E35: Handheld | G35: 5.0" | H35: 8mm | I35: Triple | J35: 16.5ft | K35: 179.99 | L35: 33131.59 | M35: 200 | N35: 339 | O35: 4.5 | P35: https://amazon.com/dp/B07Q86XGN2 | Q35: https://amazon.com/dp/B07Q86XGN2
A36: 34 | B36: B0CM3FBXJT | C36: VEVOR Sewer Inspection Camera, 300 ft/91.5 m, 9" Pipeline Camera w/DVR & 512Hz Locator, IP68 Waterproof, 12 LEDs, 16 GB SD Card for Sewer, Drain & Duct Pipe Plumbing | D36: vevor | E36: Sewer camera | G36: 9.0" | H36: 23mm | I36: Single | J36: 300ft | K36: 659.99 | L36: 33096.25 | M36: 48 | N36: 22 | O36: 4.1 | P36: https://amazon.com/dp/B0CM3FBXJT | Q36: https://amazon.com/dp/B0CM3FBXJT
A37: 35 | B37: B0C1GFBTDC | C37: USB C Endoscope Camera with Light, Teslong Type-C Snake Borescope Camera with 8 LED Lights, 10FT Flexible Waterproof Inspection Cam, Fiber Optic Scope Compatible with iPhone 15/16, Android Phone | D37: teslong | E37: USB | G37: App | H37: 8mm | I37: Single | J37: 10ft | K37: 29.99 | L37: 32368.85 | M37: 1080 | N37: 911 | O37: 4.4 | P37: https://amazon.com/dp/B0C1GFBTDC | Q37: https://amazon.com/dp/B0C1GFBTDC
A38: 36 | B38: B0DTHZDGYD | C38: Teslong 360 Articulating Borescope with Light, 5'' Monitor Industrial Inspection Camera with 4-Way Joystick Articulation, HD Endoscope Camera for Automotive, Pipes, and Mechanics (0.24inch-5FT) | D38: teslong | E38: Articulation | F38: 4-way | G38: 5.0" | H38: 6mm | I38: Single | J38: 5ft | K38: 449.99 | L38: 31681.51 | M38: 71 | N38: 28 | O38: 4.7 | P38: https://amazon.com/dp/B0DTHZDGYD | Q38: https://amazon.com/dp/B0DTHZDGYD
A39: 37 | B39: B0D54NQWZH | C39: Klein Tools ET17 Utility Borescope with 5.5 mm 9.8-Foot Waterproof Gooseneck Snake, LEDs, 4.3-Inch LCD, Attachments, Endoscope Inspection Camera | D39: klein tools | E39: Landscape | G39: 4.3" | H39: 5.5mm | I39: Single | J39: 9.8ft | K39: 102.99 | L39: 31444.16 | M39: 305 | N39: 101 | O39: 4.4 | P39: https://amazon.com/dp/B0D54NQWZH | Q39: https://amazon.com/dp/B0D54NQWZH
A40: 38 | B40: B0DT45G8F3 | C40: Epicmate Triple Lens Sewer Inspection Camera-Endoscope Camera with Light 50 ft, 5" IPS Sewer Snake Camera with Lights 1080P Industrial Borescope, IP67 Waterproof Plumbing Pipe Snake Camera(32G Card) | D40: bestisan | E40: Portrait | G40: 5.0" | H40: 8mm | I40: Triple | J40: 50ft | K40: 120.89 | L40: 30628.24 | M40: 252 | N40: 94 | O40: 4.7 | P40: https://amazon.com/dp/B0DT45G8F3 | Q40: https://amazon.com/dp/B0DT45G8F3
A41: 39 | B41: B0DYDXH1NQ | C41: Teslong Dual Lens Endoscope with Light, Mechanic Borescope Inspection Camera, Fiber Optic Scope, Flexible Snake Probe for Automotive, HVAC, Wall & Home Inspections (16.5FT) | D41: teslong | E41: Landscape | G41: 4.3" | H41: 8mm | I41: Dual | J41: 16.5ft | K41: 59.99 | L41: 30537.74 | M41: 543 | N41: 57 | O41: 4.8 | P41: https://amazon.com/dp/B0DYDXH1NQ | Q41: https://amazon.com/dp/B0DYDXH1NQ
A42: 40 | B42: B0CC27QRQ6 | C42: 1920P Snake Inspection Borescope, Pancellent Type C Endoscope, Scope Camera with 8 LED Lights for Android and iOS Smartphone, iPhone, iPad, Samsung (16.5 FT/5M) | D42: pancellent | E42: USB | G42: App | H42: 8mm | I42: Single | J42: 16.5ft | K42: 22.43 | L42: 30076.21 | M42: 1350 | N42: 2034 | O42: 4.4 | P42: https://amazon.com/dp/B0CC27QRQ6 | Q42: https://amazon.com/dp/B0CC27QRQ6
A43: 41 | B43: B0FBX2NSHL | C43: gogolux Two-Way Articulating Borescope Camera with Light, 1920P HD Articulating Endoscope with Semi-Rigid Snake Camera, IP67 Waterproof Inspection, Gifts/Tools Bore Scope for Men for iPhone | D43: gogolux | E43: Articulation | F43: 2-way | G43: App | H43: 6.2mm | I43: Single | J43: 5.6ft | K43: 99.99 | L43: 29718.51 | M43: 363 | N43: 76 | O43: 4.4 | P43: https://amazon.com/dp/B0FBX2NSHL | Q43: https://amazon.com/dp/B0FBX2NSHL
A44: 42 | B44: B0C9GR791B | C44: VEVOR Articulating Borescope Camera with Light, Two-Way Articulated Endoscope Inspection Camera with 6.4mm Tiny Lens, 5" IPS 1080P HD Screen, 8X Zoom, 8 LED Light Snake Cameras for Auto, Plumbing | D44: vevor | E44: Articulation | F44: 2-way | G44: 5.0" | H44: 6.4mm | I44: Single | J44: 5ft | K44: 84.89 | L44: 28620.75 | M44: 298 | N44: 437 | O44: 4.6 | P44: https://amazon.com/dp/B0C9GR791B | Q44: https://amazon.com/dp/B0C9GR791B
A45: 43 | B45: B0F13BKB4P | C45: Dual-Lens Borescope with Light, Endoscope Camera with Light with 4.3" IPS Screen,1920P HD with 8 LED Lights,16.4ft Semi-Rigid Cable and Back LED Light,IP67 Waterproof Borescope, Cool Gadgets for Men | D45: ferdiiz | E45: Landscape | F45: No camera | G45: 4.3" | H45: 8mm | I45: Dual | J45: 16.5ft | K45: 39.99 | L45: 27920.55 | M45: 794 | N45: 694 | O45: 4.7 | P45: https://amazon.com/dp/B0F13BKB4P | Q45: https://amazon.com/dp/B0F13BKB4P
A46: 44 | B46: B0DSW1DKTZ | C46: Ralcam 360° Articulating Borescope Dual Lens, 5'' Joystick 4 Ways Industrial Endoscope Camera with Light, 6.5mm Slim Probe, 5.0FT Semi-Rigid Snake Inspection Camera for Automotive Mechanics | D46: ralcam | E46: Articulation | F46: 4-way | G46: 5.0" | H46: 6.5mm | I46: Dual | J46: 5ft | K46: 299.99 | L46: 27060.04 | M46: 95 | N46: 60 | O46: 4.4 | P46: https://amazon.com/dp/B0DSW1DKTZ | Q46: https://amazon.com/dp/B0DSW1DKTZ
A47: 45 | B47: B0CG46T9ZF | C47: 16.4ft Endoscope Camera with Light for iPhone and Android, 1920P HD IP67 Waterproof Borescope with 8 Adjustable LED Lights, Semi-Rigid Snake Camera, 7.9mm Black | D47: matrixcamp | E47: USB | G47: App | H47: 8mm | I47: Single | J47: 16.5ft | K47: 25.99 | L47: 26488.62 | M47: 1020 | N47: 831 | O47: 4.3 | P47: https://amazon.com/dp/B0CG46T9ZF | Q47: https://amazon.com/dp/B0CG46T9ZF
A48: 46 | B48: B0DH24P6NY | C48: Teslong 50FT Sewer Camera, Dual Lens Borescope with Light, 4.3" HD Drain Plumbing Endoscope Inspection Camera, Home Waterproof Flexible in Wall Cam Pipe Tools, Snake Scope for Air Duct HVAC | D48: teslong | E48: Handheld | G48: 4.3" | H48: 8mm | I48: Dual | J48: 50ft | K48: 99.99 | L48: 25378.47 | M48: 286 | N48: 106 | O48: 4.4 | P48: https://amazon.com/dp/B0DH24P6NY | Q48: https://amazon.com/dp/B0DH24P6NY
A49: 47 | B49: B0DLDS8N7D | C49: Klein Tools ET19 Wi-Fi Pro Borescope with Dual-Lens, 5.5 mm 9.8-Foot Armored Waterproof Gooseneck Snake, LEDs, 4.3-Inch LCD, Endoscope Inspection | D49: klein tools | E49: Landscape | G49: 4.3" | H49: 5.5mm | I49: Dual | J49: 9.8ft | K49: 169.99 | L49: 25252.58 | M49: 149 | N49: 100 | O49: 4.4 | P49: https://amazon.com/dp/B0DLDS8N7D | Q49: https://amazon.com/dp/B0DLDS8N7D
A50: Outlier | B50: B0C64RBKJL | C50: Ralcam 360° Articulating Borescope, 6.2mm/0.24in Slim Probe, Joystick 4 Ways Endoscope Inspection Camera with Light, 3.3 FT Flexible Snake Tube for Automotive, HVAC, Mechanics | D50: ralcam | K50: 265.98 | L50: 24957.45 | M50: 86 | N50: 526 | O50: 4.3 | P50: https://amazon.com/dp/B0C64RBKJL | Q50: https://amazon.com/dp/B0C64RBKJL
A51: Outlier | B51: B0FD3NRZ5S | C51: DEPSTECH Articulating Borescope Camera with Light, 5" IPS HD Screen, Industrial Endoscope Inspection Camera with Two-Way Articulated Probe, 0.24'' Flexible Snake Scope for Wall Automotive Engine - 5FT | D51: depstech | K51: 139.99 | L51: 24438.31 | M51: 178 | N51: 84 | O51: 4.7 | P51: https://amazon.com/dp/B0FD3NRZ5S | Q51: https://amazon.com/dp/B0FD3NRZ5S
A52: Outlier | B52: B08519F2W9 | C52: Teslong Inspection Camera, Dual Lens Borescope Camera with Light, NTS300 5" IPS Industrial Endoscope, 1080P Waterproof Flexible Mechanic Fiber Optic Snake Scope Cam for Wall Automotive Engine (3.3FT) | D52: teslong | K52: 139.99 | L52: 24226.12 | M52: 173 | N52: 3542 | O52: 4.6 | P52: https://amazon.com/dp/B08519F2W9 | Q52: https://amazon.com/dp/B08519F2W9
A55: Rank By Monthly Units - ONLY
A56: Ranking | B56: ASIN | C56: Product Name | D56: Brand | E56: Type | F56: 2/4-way | G56: Display | H56: Lens diameter | I56: Lens count | J56: Cable length | K56: Price | L56: Est. Monthly Retail Rev | M56: Est. Monthly Units Sold | N56: # of Reviews | O56: Avg. Rating | P56: Column2 | Q56: Link
A57: 1 | B57: B0CJY5C9QX | C57: Teslong Two-Way Articulating Borescope with Light, Industrial Endoscope Inspection Camera with Articulated Probe, Flexible Mechanic Fiber Optic Snake Scope Cam for Wall Automotive Engine Inspect-5FT | D57: teslong | E57: Articulation | F57: 2-way | G57: 4.5" | H57: 8mm | I57: Single | J57: 5ft | K57: 129.99 | L57: 699032.88 | M57: 5378 | N57: 1078 | O57: 4.7 | P57: https://amazon.com/dp/B0CJY5C9QX | Q57: https://amazon.com/dp/B0CJY5C9QX
A58: 2 | B58: B0C9JR3N4W | C58: Endoscope Camera with Light,1920P HD Borescope Tools with 8 Adjustable LED Lights, Endoscope with Semi-Rigid Snake Camera, IP67 Waterproof Inspection Borescope for iOS and Android-16.4ft Dual-Lens | D58: kinpthy | E58: USB | G58: App | H58: 8mm | I58: Dual | J58: 16.5ft | K58: 42.99 | L58: 180193.2 | M58: 4708 | N58: 5288 | O58: 4.4 | P58: https://amazon.com/dp/B0C9JR3N4W | Q58: https://amazon.com/dp/B0C9JR3N4W
A59: 3 | B59: B0FC2HS5GZ | C59: Endoscope with Light, 1920P HD Borescope with 8 Adjustable LED Lights, 16.4FT Semi-Rigid Snake Camera, IP67 Waterproof Inspection Tool for iPhone & Android - Dual Lens | D59: papiblu | E59: USB | G59: App | H59: 8mm | I59: Dual | J59: 16.5ft | K59: 22.99 | L59: 50110.88 | M59: 2575 | N59: 137 | O59: 4.3 | P59: https://amazon.com/dp/B0FC2HS5GZ | Q59: https://amazon.com/dp/B0FC2HS5GZ
A60: 4 | B60: B0CMCSGPJC | C60: [Dual-Lens] Endoscope Camera with Light, 1920P HD Borescope with 8+1 Adjustable LED Lights, IP67 Waterproof 16.5FT Semi-Rigid Snake Cord Inspection Camera for iPhone, iPad and Android Phone (Type C) | D60: elecshion | E60: USB | G60: App | H60: 8mm | I60: Dual | J60: 16.5ft | K60: 35.99 | L60: 87777.71 | M60: 2507 | N60: 1085 | O60: 4.3 | P60: https://amazon.com/dp/B0CMCSGPJC | Q60: https://amazon.com/dp/B0CMCSGPJC
A61: 5 | B61: B0F1CXQ3YS | C61: Endoscope Borescope Camera with Light, 4.3" IPS 1920P HD Inspection Camera, 7.9mm IP67 Waterproof with 8 Adjustable LEDs, 16.5FT Semi-Rigid Snake Cable for Sewer, Automotive Engine, Pipe, HVAC | D61: aukonvee | E61: Landscape | F61: No camera | G61: 4.3" | H61: 8mm | I61: Single | J61: 16.5ft | K61: 28.49 | L61: 69483.37 | M61: 2390 | N61: 233 | O61: 4.5 | P61: https://amazon.com/dp/B0F1CXQ3YS | Q61: https://amazon.com/dp/B0F1CXQ3YS
A62: 6 | B62: B0C4V5LWWL | C62: Endoscope Camera with Light,1920P HD Borescope Tools with 8 Adjustable LED Lights, Endoscope with Semi-Rigid Snake Camera, Inspection Borescope for iOS and Android-16.4ft Single Lens | D62: kinpthy | E62: USB | G62: App | H62: 8mm | I62: Single | J62: 16.5ft | K62: 23.99 | L62: 62751.69 | M62: 2273 | N62: 5278 | O62: 4.4 | P62: https://amazon.com/dp/B0C4V5LWWL | Q62: https://amazon.com/dp/B0C4V5LWWL
A63: 7 | B63: B0B28HRSBP | C63: DXZtoz Two-Way Articulating Borescope, Industrial Endoscope with 0.33in Articulated Snake Camera, Video Inspection Scope with Light for Automotive Aircraft Mechanics- 5.5FT | D63: dxztoz | E63: Articulation | F63: 2-way | G63: 4.3" | H63: 8.5mm | I63: Single | J63: 5.5ft | K63: 139.39 | L63: 300981.94 | M63: 2210 | N63: 1468 | O63: 4.6 | P63: https://amazon.com/dp/B0B28HRSBP | Q63: https://amazon.com/dp/B0B28HRSBP
A64: 8 | B64: B0BXSMSS7M | C64: Endoscope Camera with Light, 1080P HD Borescope with 8 Adjustable Lights, 4.3" Endoscope with 16.4ft Semi-Rigid Snake Camera, IP67 Waterproof Borescopese for Sewer, Cool Gadgets & Tools for Men | D64: daxiongmao | E64: Handheld | F64: No camera | G64: 4.3" | H64: 8mm | I64: Single | J64: 16.5ft | K64: 39.99 | L64: 72545.94 | M64: 2107 | N64: 1810 | O64: 4.4 | P64: https://amazon.com/dp/B0BXSMSS7M | Q64: https://amazon.com/dp/B0BXSMSS7M
A65: 9 | B65: B0DGFBCH38 | C65: Acoath Endoscope Camera with Light, Dual-Lens 1920P HD Borescope with 8 Adjustable LED Lights, IP67 Waterproof Boroscope Inspection Tools, 16.4ft Semi-Rigid Snake Camera for iOS & Android | D65: acoath | E65: USB | G65: App | H65: 8mm | I65: Dual | J65: 16.5ft | K65: 35.99 | L65: 56990.09 | M65: 2048 | N65: 1132 | O65: 4.4 | P65: https://amazon.com/dp/B0DGFBCH38 | Q65: https://amazon.com/dp/B0DGFBCH38
A66: 10 | B66: B0CP538LN1 | C66: WINWEND Endoscope Camera with Light - IP67 Waterproof Borescope Camera with 8 Adjustable LED Lights | 4.3" LCD Screen Borescope | HD 1080P Inspection Cameras with 16.5ft Semi-Rigid Cord Tools for Men | D66: winwend | E66: Handheld | F66: No camera | G66: 4.3" | H66: 8mm | I66: Single | J66: 16.5ft | K66: 37.95 | L66: 64529.13 | M66: 1956 | N66: 1082 | O66: 4.5 | P66: https://amazon.com/dp/B0CP538LN1 | Q66: https://amazon.com/dp/B0CP538LN1
A67: 11 | B67: B0C3R381FC | C67: Endoscope Camera with Light, Borescope Camera with 4.3" IPS Screen, 1920P HD with 8 LED Lights, 16.4FT Semi-Rigid Cord Bore Scope, Gadgets for Men & Tools for Men | D67: daxiongmao | E67: Landscape | F67: No camera | G67: 4.3" | H67: 8mm | I67: Single | J67: 16.5ft | K67: 32.98 | L67: 57070.35 | M67: 1595 | N67: 3741 | O67: 4.4 | P67: https://amazon.com/dp/B0C3R381FC | Q67: https://amazon.com/dp/B0C3R381FC
A68: 12 | B68: B0928Q3T42 | C68: DEPSTECH Dual Lens Industrial Endoscope, 1080P Digital Borescope Inspection Camera, 7.9mm IP67 Waterproof Sewer Camera with 4.3" LCD Screen, 7 LED Lights, 16.5FT Semi-Rigid Cable, 32GB Card-Black | D68: depstech | E68: Landscape | G68: 4.3" | H68: 8mm | I68: Dual | J68: 16.5ft | K68: 69.99 | L68: 99914.55 | M68: 1428 | N68: 6721 | O68: 4.5 | P68: https://amazon.com/dp/B0928Q3T42 | Q68: https://amazon.com/dp/B0928Q3T42
A69: 13 | B69: B0CC27QRQ6 | C69: 1920P Snake Inspection Borescope, Pancellent Type C Endoscope, Scope Camera with 8 LED Lights for Android and iOS Smartphone, iPhone, iPad, Samsung (16.5 FT/5M) | D69: pancellent | E69: USB | G69: App | H69: 8mm | I69: Single | J69: 16.5ft | K69: 22.43 | L69: 30076.21 | M69: 1350 | N69: 2034 | O69: 4.4 | P69: https://amazon.com/dp/B0CC27QRQ6 | Q69: https://amazon.com/dp/B0CC27QRQ6
A70: 14 | B70: B0C1GFBTDC | C70: USB C Endoscope Camera with Light, Teslong Type-C Snake Borescope Camera with 8 LED Lights, 10FT Flexible Waterproof Inspection Cam, Fiber Optic Scope Compatible with iPhone 15/16, Android Phone | D70: teslong | E70: USB | G70: App | H70: 8mm | I70: Single | J70: 10ft | K70: 29.99 | L70: 32368.85 | M70: 1080 | N70: 911 | O70: 4.4 | P70: https://amazon.com/dp/B0C1GFBTDC | Q70: https://amazon.com/dp/B0C1GFBTDC
A71: 15 | B71: B0BS1CFFH8 | C71: Triple Lens Endoscope Camera with Light with 50FT Semi-Rigid Cable, DEPSTECH 5" IPS Screen Sewer Inspection Camera, 1080P Industrial Borescope, Split Screen, Waterproof Drain Pipe Tool, Carrying Case | D71: depstech | E71: Landscape | G71: 5.0" | H71: 8mm | I71: Triple | J71: 50ft | K71: 129.99 | L71: 125621.04 | M71: 1058 | N71: 1394 | O71: 4.3 | P71: https://amazon.com/dp/B0BS1CFFH8 | Q71: https://amazon.com/dp/B0BS1CFFH8
A72: 16 | B72: B0CG46T9ZF | C72: 16.4ft Endoscope Camera with Light for iPhone and Android, 1920P HD IP67 Waterproof Borescope with 8 Adjustable LED Lights, Semi-Rigid Snake Camera, 7.9mm Black | D72: matrixcamp | E72: USB | G72: App | H72: 8mm | I72: Single | J72: 16.5ft | K72: 25.99 | L72: 26488.62 | M72: 1020 | N72: 831 | O72: 4.3 | P72: https://amazon.com/dp/B0CG46T9ZF | Q72: https://amazon.com/dp/B0CG46T9ZF
A73: 17 | B73: B0DT4H7QQM | C73: Teslong Two-Way Articulating Borescope, 5.5mm Slim Probe, 5.0'' Industrial Endoscope with Light, 5FT Flexible Snake Scope for Automotive, HVAC & Mechanics | D73: teslong | E73: Articulation | F73: 2-way | G73: 5.0" | H73: 5.5mm | I73: Single | J73: 5ft | K73: 106.39 | L73: 128609.35 | M73: 924 | N73: 177 | O73: 4.6 | P73: https://amazon.com/dp/B0DT4H7QQM | Q73: https://amazon.com/dp/B0DT4H7QQM
A74: 18 | B74: B0BF64PP4F | C74: Endoscope Camera with Light,1920P HD Borescope Tools with 8 Adjustable LED Lights, Endoscope with Semi-Rigid Snake Camera, IP67 Waterproof Inspection Borescope for iOS and Android-32.8ft Single Lens | D74: kinpthy | E74: USB | G74: App | H74: 8mm | I74: Single | J74: 32.8ft | K74: 40.99 | L74: 33366.73 | M74: 915 | N74: 5287 | O74: 4.4 | P74: https://amazon.com/dp/B0BF64PP4F | Q74: https://amazon.com/dp/B0BF64PP4F
A75: 19 | B75: B0C3B32Q9Z | C75: DXZtoz Dual-Lens Articulating Borescope, Engine Endoscope with 0.33in Two-Way Articulated Snake Camera, 5'' Dual Screen, 1080P Inspection Camera with Light for Automotive Home Mechanics-5FT | D75: dxztoz | E75: Articulation | F75: 2-way | G75: 5.0" | H75: 8mm | I75: Dual | J75: 5ft | K75: 159.99 | L75: 127974.16 | M75: 910 | N75: 428 | O75: 4.5 | P75: https://amazon.com/dp/B0C3B32Q9Z | Q75: https://amazon.com/dp/B0C3B32Q9Z
A76: 20 | B76: B0DWSKVF5H | C76: Endoscope Camera with Light: 5" Dual-Lens Inspection Borescope Camera for Sewer - 16.4ft Waterproof Industrial Endoscope - Flexible Snake Bore Scope for Plumbing Automotive | D76: tgjor | E76: Handheld | F76: No camera | G76: 5.0" | H76: 8mm | I76: Dual | J76: 16.5ft | K76: 49.99 | L76: 36045.72 | M76: 899 | N76: 191 | O76: 4.6 | P76: https://amazon.com/dp/B0DWSKVF5H | Q76: https://amazon.com/dp/B0DWSKVF5H
A77: 21 | B77: B0CJY6SWBN | C77: Articulating Borescope with Dual Lens Endoscope Camera, Teslong Two-Way Articulated Industrial Inspection Camera with LED Light, Flexible Mechanic Fiber Optic Snake Scope Cam for Wall Automotive-5FT | D77: teslong | E77: Articulation | F77: 2-way | G77: 4.5" | H77: 8mm | I77: Dual | J77: 5ft | K77: 149.99 | L77: 115523.95 | M77: 839 | N77: 318 | O77: 4.4 | P77: https://amazon.com/dp/B0CJY6SWBN | Q77: https://amazon.com/dp/B0CJY6SWBN
A78: 22 | B78: B0DK965BZP | C78: Teslong Endoscope Borescope with Light, Snake Inspection Camera for Automotive Engine, Waterproof Fiber Optic Camera for Mechanics - Ideal for Wall, Vent, Wire Video Scope (16.5FT) | D78: teslong | E78: Landscape | G78: 4.3" | H78: 8mm | I78: Single | J78: 16.5ft | K78: 37.99 | L78: 39438.44 | M78: 803 | N78: 234 | O78: 4.5 | P78: https://amazon.com/dp/B0DK965BZP | Q78: https://amazon.com/dp/B0DK965BZP
A79: 23 | B79: B0F13BKB4P | C79: Dual-Lens Borescope with Light, Endoscope Camera with Light with 4.3" IPS Screen,1920P HD with 8 LED Lights,16.4ft Semi-Rigid Cable and Back LED Light,IP67 Waterproof Borescope, Cool Gadgets for Men | D79: ferdiiz | E79: Landscape | F79: No camera | G79: 4.3" | H79: 8mm | I79: Dual | J79: 16.5ft | K79: 39.99 | L79: 27920.55 | M79: 794 | N79: 694 | O79: 4.7 | P79: https://amazon.com/dp/B0F13BKB4P | Q79: https://amazon.com/dp/B0F13BKB4P
A80: 24 | B80: B0F5Q2YXY5 | C80: Borescope Camera with Light, 1080P HD Endoscope with 8 Adjustable LEDs, 4.3" Inspection Camera with 16.4ft Semi-Rigid Cable, 8mm IP67 Waterproof Lens-Father's Day Gift&Cool Gadgets for Men | D80: ilihome | E80: Landscape | F80: No camera | G80: 4.3" | H80: 8mm | I80: Single | J80: 16.5ft | K80: 19.55 | L80: 15836.17 | M80: 744 | N80: 1762 | O80: 4.4 | P80: https://amazon.com/dp/B0F5Q2YXY5 | Q80: https://amazon.com/dp/B0F5Q2YXY5
A81: 25 | B81: B0C2P7TP2V | C81: Industrial HD Digital Borescope, Lightswim 1080P 4.3" IPS Endoscope Inspection Camera with Handheld IP67 Waterproof Snake Sewer with 8 LED Lights 16.5ft Semi-Rigid Cable | D81: lightswim | E81: Landscape | F81: No camera | G81: 4.3" | H81: 8mm | I81: Single | J81: 16.5ft | K81: 20 | L81: 18882.49 | M81: 743 | N81: 2350 | O81: 4.4 | P81: https://amazon.com/dp/B0C2P7TP2V | Q81: https://amazon.com/dp/B0C2P7TP2V
A82: 26 | B82: B0DD6YVBHD | C82: DEPSTECH 50ft Sewer Camera, 1080P HD Triple Lens Borescope, 5" IPS Screen Endoscope with Light, IP67 Waterproof Plumbing Drain Pipe Snake Inspection Camera with 32G Card, Carry Case | D82: depstech | E82: Landscape | G82: 5.0" | H82: 8mm | I82: Triple | J82: 50ft | K82: 137.79 | L82: 85121.94 | M82: 718 | N82: 253 | O82: 4.3 | P82: https://amazon.com/dp/B0DD6YVBHD | Q82: https://amazon.com/dp/B0DD6YVBHD
A83: 27 | B83: B0CKQH4VZY | C83: [Dual-Lens] Borescope,Endoscope Camera with Light,1920P Inspection Camera with 8+1 Adjustable LED Lights, 16.5ft Semi-Rigid Cable Snake Endoscope for iPhone, iPad, Samsung | D83: fulljion | E83: USB | G83: App | H83: 8mm | I83: Dual | J83: 16.5ft | K83: 26.25 | L83: 16191.91 | M83: 704 | N83: 942 | O83: 4.3 | P83: https://amazon.com/dp/B0CKQH4VZY | Q83: https://amazon.com/dp/B0CKQH4VZY
A84: 28 | B84: B0DWSNQWJ1 | C84: Endoscope Camera with Light: 4.3" Inspection Borescope Camera for Sewer - 16.4ft Waterproof Industrial Endoscope - Flexible Snake Bore Scope for Plumbing Automotive | D84: tgjor | E84: Handheld | F84: No camera | G84: 4.3" | H84: 8mm | I84: Single | J84: 16.5ft | K84: 35.99 | L84: 23745.04 | M84: 660 | N84: 156 | O84: 4.6 | P84: https://amazon.com/dp/B0DWSNQWJ1 | Q84: https://amazon.com/dp/B0DWSNQWJ1
A85: 29 | B85: B08NJ8627V | C85: DEPSTECH Dual Lens Wireless Endoscope, 1080P Scope Snake Camera with 7 LED Lights,0.31In Lens Video HD Inspection Camera,IP67 Waterproof Borescope,16.5FT Cable for Android & iOS Phone or Tablet-Yellow | D85: depstech | E85: Wireless | H85: 8mm | I85: Dual | J85: 16.5ft | K85: 54.99 | L85: 36197.11 | M85: 658 | N85: 2461 | O85: 4.3 | P85: https://amazon.com/dp/B08NJ8627V | Q85: https://amazon.com/dp/B08NJ8627V
A86: 30 | B86: B07TV2BFVR | C86: Teslong Inspection Camera, Dual Lens Borescope Camera with Light, NTS300 5" IPS Industrial Endoscope, 1080P Waterproof Flexible Mechanic Fiber Optic Snake Scope Cam for Wall Automotive Engine (16.5FT) | D86: teslong | E86: Handheld | G86: 5.0" | H86: 5.5mm | I86: Dual | J86: 16.5ft | K86: 159.99 | L86: 104232.74 | M86: 651 | N86: 3542 | O86: 4.6 | P86: https://amazon.com/dp/B07TV2BFVR | Q86: https://amazon.com/dp/B07TV2BFVR
A87: 31 | B87: B0DGFBJYG2 | C87: Acoath Endoscope Camera with Light, Dual-Lens 1920P HD Borescope with 8 Adjustable LED Lights, IP67 Waterproof Boroscope Inspection Tools, 9.8ft Semi-Rigid Snake Camera for iOS & Android | D87: acoath | E87: USB | G87: App | H87: 8mm | I87: Dual | J87: 9.8ft | K87: 29.99 | L87: 16586.2 | M87: 646 | N87: 1119 | O87: 4.4 | P87: https://amazon.com/dp/B0DGFBJYG2 | Q87: https://amazon.com/dp/B0DGFBJYG2
A88: 32 | B88: B0DH1XWTKK | C88: Endoscope Camera with Light: Dual Lens Industrial Endoscope Borescope - 1080P HD Borescope Camera with Light- 16.4FT Flexible Waterproof Inspection Bore Scope for Plumbing Automotive Sewer | D88: tgjor | E88: Landscape | F88: No camera | G88: 4.3" | H88: 8mm | I88: Dual | J88: 16.5ft | K88: 39.99 | L88: 21474.78 | M88: 646 | N88: 341 | O88: 4.5 | P88: https://amazon.com/dp/B0DH1XWTKK | Q88: https://amazon.com/dp/B0DH1XWTKK
A89: 33 | B89: B0DFHL8YN5 | C89: Two-Way Articulating Borescope with Light, UJOYOK Industrial Endoscope with Snake Scope Camera, Borescope Inspection Camera with Light for Automotive & Aircraft Mechanics, 5.5FT | D89: ujoyok | E89: Articulation | F89: 2-way | G89: 4.3" | H89: 8mm | I89: Single | J89: 5.5ft | K89: 105.99 | L89: 59592.67 | M89: 627 | N89: 300 | O89: 4.6 | P89: https://amazon.com/dp/B0DFHL8YN5 | Q89: https://amazon.com/dp/B0DFHL8YN5
A90: 34 | B90: B0CW65T636 | C90: Endoscope Camera with Light - 4.3" LCD Screen Inspection Cameras,IP67 Waterproof Borescope with 8 Adjustable LED Lights,HD 1080P Endoscope Camera 16.5ft Semi-Rigid Cord,gifts for men tools and gadgets | D90: winwend | E90: Landscape | F90: No camera | G90: 4.3" | H90: 8mm | I90: Single | J90: 16.5ft | K90: 28.9 | L90: 22156.79 | M90: 621 | N90: 374 | O90: 4.5 | P90: https://amazon.com/dp/B0CW65T636 | Q90: https://amazon.com/dp/B0CW65T636
A91: 35 | B91: B0DT98YB3X | C91: Two-Way Articulating Borescope Camera with Light: Industrial Endoscope Inspection Snake Camera - Flexible Bore Scope Cam with 0.33in Articulated Probe for Mechanic Automotive Engine Wall - 5.5FT | D91: wanawong k | E91: Articulation | F91: 2-way | G91: 4.3" | H91: 8mm | I91: Single | J91: 5.5ft | K91: 79.99 | L91: 46412.67 | M91: 616 | N91: 164 | O91: 4.5 | P91: https://amazon.com/dp/B0DT98YB3X | Q91: https://amazon.com/dp/B0DT98YB3X
A92: 36 | B92: B0DNJJYG53 | C92: Endoscope Camera with Light, Pancellent 1920P Inspection Snake, HD Color Display, Waterproof Industrial Borescope with 8 Adjustable LED,16.5ft Semi-Rigid Cable Sewer Camera (Getting Start Level) | D92: pancellent | E92: Handheld | F92: No camera | G92: 2.4" | H92: 8mm | I92: Single | J92: 16.5ft | K92: 29.9 | L92: 17916.11 | M92: 599 | N92: 1305 | O92: 4.5 | P92: https://amazon.com/dp/B0DNJJYG53 | Q92: https://amazon.com/dp/B0DNJJYG53
A93: 37 | B93: B0F2PQTT1G | C93: 1920P HD 10FT Endoscope with Light, Borescope with 8 Adjustable LED Lights, USB Type C, Inspection Camera with Semi-Rigid Snake Cable for Android and iOS Smartphones, iPhone, iPad. KEEMIKA | D93: keemika | E93: USB | G93: App | H93: 8mm | I93: Single | J93: 10ft | K93: 15.47 | L93: 10031.75 | M93: 595 | N93: 304 | O93: 4.3 | P93: https://amazon.com/dp/B0F2PQTT1G | Q93: https://amazon.com/dp/B0F2PQTT1G
A94: 38 | B94: B0CL4KT182 | C94: Teslong 50FT USB-C Borescope Camera with Light, Only Compatible with iPhone 15/16 Android Phones, 50 ft Flexible Waterproof Endoscope for DIY Pipe Inspection with Drain Snake | D94: teslong | E94: USB | G94: App | H94: 8.5mm | I94: Single | J94: 50ft | K94: 39.99 | L94: 20712.57 | M94: 590 | N94: 717 | O94: 4.1 | P94: https://amazon.com/dp/B0CL4KT182 | Q94: https://amazon.com/dp/B0CL4KT182
A95: 39 | B95: B0DGFC3D9H | C95: Acoath Endoscope Camera with Light, Dual-Lens 1920P HD Borescope with 8 Adjustable LED Lights, IP67 Waterproof Boroscope Inspection Tools, 33ft Semi-Rigid Snake Camera for iOS & Android | D95: acoath | E95: USB | G95: App | H95: 8mm | I95: Dual | J95: 33ft | K95: 39.99 | L95: 19298.9 | M95: 581 | N95: 1132 | O95: 4.4 | P95: https://amazon.com/dp/B0DGFC3D9H | Q95: https://amazon.com/dp/B0DGFC3D9H
A96: 40 | B96: B0F9X12NH3 | C96: Endoscope Camera with Light, Handheld Borescope with 4.3" IPS Screen, 1080P HD Inspection Camera with 8 Adjustable LED Lights, IP67 Waterproof, 16.5FT Semi-Rigid Cord for Automotive, Sewer, HVAC, Pipe | D96: aukonvee | E96: Handheld | F96: No camera | G96: 4.3" | H96: 8mm | I96: Single | J96: 16.5ft | K96: 31.59 | L96: 16581.08 | M96: 547 | N96: 53 | O96: 4.6 | P96: https://amazon.com/dp/B0F9X12NH3 | Q96: https://amazon.com/dp/B0F9X12NH3
A97: 41 | B97: B0FMY9WR1H | C97: Vorth Endoscope Camera with Light, 1920P HD Borescope with 8 LED Lights, 16.5 FT Semi-Rigid Snake Inspection Camera, IP67 Waterproof Drain Pipe Borescope Mens Tool for iOS and Android | D97: vorth | E97: USB | G97: App | H97: 8mm | I97: Single | J97: 16.5ft | K97: 25.99 | L97: 13101.42 | M97: 544 | N97: 83 | O97: 4.4 | P97: https://amazon.com/dp/B0FMY9WR1H | Q97: https://amazon.com/dp/B0FMY9WR1H
A98: 42 | B98: B0DYDXH1NQ | C98: Teslong Dual Lens Endoscope with Light, Mechanic Borescope Inspection Camera, Fiber Optic Scope, Flexible Snake Probe for Automotive, HVAC, Wall & Home Inspections (16.5FT) | D98: teslong | E98: Landscape | G98: 4.3" | H98: 8mm | I98: Dual | J98: 16.5ft | K98: 59.99 | L98: 30537.74 | M98: 543 | N98: 57 | O98: 4.8 | P98: https://amazon.com/dp/B0DYDXH1NQ | Q98: https://amazon.com/dp/B0DYDXH1NQ
A99: 43 | B99: B0DXKXXNLJ | C99: 3.9mm Endoscope Camera with Light NIDAGE 1920P HD Industrial Borescope Inspection Camera with 4.3" IPS Screen, 5FT Semi-Rigid Cable, IP67 Waterproof Snake Cam for Car Engine Aircraft Mechanic Tools | D99: nidage | E99: Handheld | F99: No camera | G99: 4.3" | H99: 3.9mm | I99: Single | J99: 5ft | K99: 39.98 | L99: 21020.51 | M99: 533 | N99: 363 | O99: 4.7 | P99: https://amazon.com/dp/B0DXKXXNLJ | Q99: https://amazon.com/dp/B0DXKXXNLJ
A100: 44 | B100: B0C2P7KP5D | C100: 1920P Endoscope Snake Inspection Camera, Lightswim Type C Borescope, Scope Camera with 8 LED Lights for Android and iOS Smartphone, iPhone, iPad, Samsung (16.5 FT/5M) | D100: lightswim | E100: USB | G100: App | H100: 8mm | I100: Single | J100: 16.5ft | K100: 19.44 | L100: 9732.45 | M100: 525 | N100: 2151 | O100: 4.6 | P100: https://amazon.com/dp/B0C2P7KP5D | Q100: https://amazon.com/dp/B0C2P7KP5D
A101: 45 | B101: B0FJ2CFSHR | C101: Endoscope Camera with Light,1920P HD Borescope Tools with 8 Adjustable LED Lights, Endoscope with Semi-Rigid Snake Camera, Inspection Borescope for iOS and Android-16.4ft Single Lens(Yellow) | D101: kinpthy | E101: USB | G101: App | H101: 8mm | I101: Dual | J101: 16.5ft | K101: 25.99 | L101: 17968.77 | M101: 517 | N101: 5288 | O101: 4.4 | P101: https://amazon.com/dp/B0FJ2CFSHR | Q101: https://amazon.com/dp/B0FJ2CFSHR
A102: 46 | B102: B0FJ29BJZ7 | C102: Endoscope Camera with Light,1920P HD Borescope Tools with 8 Adjustable LED Lights, Endoscope with Semi-Rigid Snake Camera, Inspection Borescope for iOS and Android-16.4ft Single Lens(Blue) | D102: kinpthy | E102: USB | G102: App | H102: 8mm | I102: Single | J102: 16.5ft | K102: 25.99 | L102: 17879.27 | M102: 515 | N102: 5288 | O102: 4.4 | P102: https://amazon.com/dp/B0FJ29BJZ7 | Q102: https://amazon.com/dp/B0FJ29BJZ7
...

Sheet Top 50 Type Summary
A1: Top 50 By Revenue Summary
A2: Type | B2: Avg Price | C2: Quantity/Mo | D2: Qty by % | E2: Revenue/Mo | F2: Revenue by %
A3: Articulation | B3: 203.65316 | C3: 14504 | D3: 0.28859661 | E3: 1976226.9 | F3: 0.54328326
A4: Handheld | B4: 94.65 | C4: 6099 | D4: 0.12135623 | E4: 335863.59 | F4: 0.092332041
A5: Landscape | B5: 81.019 | C5: 9783 | D5: 0.19465945 | E5: 591804.72 | F5: 0.16269265
A6: Portrait | B6: 120.89 | C6: 252 | D6: 0.0050142269 | E6: 30628.24 | F6: 0.0084199895
A7: Sewer camera | B7: 659.99 | C7: 48 | D7: 0.00095509083 | E7: 33096.25 | F7: 0.0090984686
A8: USB | B8: 31.261111 | C8: 18476 | D8: 0.36763038 | E8: 560123.98 | F8: 0.15398332
A9: Wireless | B9: 54.99 | C9: 658 | D9: 0.013092704 | E9: 36197.11 | F9: 0.009950924
B10: 181.98667 | C10: 437 | D10: 0.0086953061 | E10: 73621.88 | F10: 0.020239343
A11: Total | B11: 178.55499 | C11: 50257 | D11: 1 | E11: 3637562.7 | F11: 1
A29: Top 50 By Unit Summary
A30: Type | B30: Avg Price | C30: Quantity/Mo | D30: Qty by % | E30: Revenue/Mo | F30: Revenue by %
A31: Articulation | B31: 125.215 | C31: 12014 | D31: 0.20775403 | E31: 1536111.9 | F31: 0.46797832
A32: Handheld | B32: 53.1725 | C32: 7952 | D32: 0.13751124 | E32: 356616.27 | F32: 0.10864357
A33: Landscape | B33: 50.395714 | C33: 13030 | D33: 0.22532337 | E33: 642702.91 | F33: 0.19580021
A34: USB | B34: 28.917895 | C34: 24174 | D34: 0.41803279 | E34: 710814.25 | F34: 0.21655041
A35: Wireless | B35: 54.99 | C35: 658 | D35: 0.011378571 | E35: 36197.11 | F35: 0.011027493
A36: Total | B36: 62.538222 | C36: 57828 | D36: 1 | E36: 3282442.4 | F36: 1

Sheet Top50 2or4way Summary 
A1: Top 50 By Revenue Summary
A2: 2/4-way | B2: Avg Price | C2: Quantity/Mo | D2: Qty by % | E2: Revenue/Mo | F2: Revenue by %
A3: 2-way | B3: 151.215 | C3: 14280 | D3: 0.28413952 | E3: 1876739.6 | F3: 0.51593327
A4: 4-way | B4: 483.32333 | C4: 224 | D4: 0.0044570906 | E4: 99487.32 | F4: 0.027349994
A5: No camera | B5: 38.231667 | C5: 9741 | D5: 0.19382375 | E5: 327595.06 | F5: 0.090058945
B6: 112.4752 | C6: 26012 | D6: 0.51757964 | E6: 1333740.7 | F6: 0.36665779
A7: Total | B7: 196.3113 | C7: 50257 | D7: 1 | E7: 3637562.7 | F7: 1
A25: Top 50 By Unit Summary
A26: 2/4-way | B26: Avg Price | C26: Quantity/Mo | D26: Qty by % | E26: Revenue/Mo | F26: Revenue by %
A27: 2-way | B27: 125.215 | C27: 12014 | D27: 0.20775403 | E27: 1536111.9 | F27: 0.46797832
A28: No camera | B28: 33.44875 | C28: 15781 | D28: 0.27289548 | E28: 514452.73 | F28: 0.15672864
B29: 46.160385 | C29: 30033 | D29: 0.51935049 | E29: 1231877.8 | F29: 0.37529305
A30: Total | B30: 68.274712 | C30: 57828 | D30: 1 | E30: 3282442.4 | F30: 1

Sheet Top 50 Display Summary 
A1: Top 50 By Revenue Summary
A2: Display | B2: Avg Price | C2: Quantity/Mo | D2: Qty by % | E2: Revenue/Mo | F2: Revenue by %
A3: 4.3" | B3: 90.504706 | C3: 16596 | D3: 0.33022266 | E3: 1058372.8 | F3: 0.29095657
A4: 4.5" | B4: 142.49 | C4: 7113 | D4: 0.14153252 | E4: 927695.57 | F4: 0.25503219
A5: 5.0" | B5: 189.22077 | C5: 6508 | D5: 0.1294944 | E5: 877990.86 | F5: 0.2413679
A6: 6.0" | B6: 699.99 | C6: 58 | D6: 0.0011540681 | E6: 40745.77 | F6: 0.011201393
A7: 9.0" | B7: 659.99 | C7: 48 | D7: 0.00095509083 | E7: 33096.25 | F7: 0.0090984686
A8: App | B8: 38.134 | C8: 18839 | D8: 0.37485325 | E8: 589842.49 | F8: 0.16215322
B9: 150.2375 | C9: 1095 | D9: 0.02178801 | E9: 109818.99 | F9: 0.030190267
A10: Total | B10: 281.50957 | C10: 50257 | D10: 1 | E10: 3637562.7 | F10: 1
A28: Top 50 By Unit Summary
A29: Display | B29: Avg Price | C29: Quantity/Mo | D29: Qty by % | E29: Revenue/Mo | F29: Revenue by %
A30: 2.4" | B30: 29.9 | C30: 599 | D30: 0.010358304 | E30: 17916.11 | F30: 0.0054581643
A31: 4.3" | B31: 47.4315 | C31: 20510 | D31: 0.35467248 | E31: 1037368.9 | F31: 0.31603568
A32: 4.5" | B32: 136.65667 | C32: 6727 | D32: 0.11632773 | E32: 872541.08 | F32: 0.26582068
A33: 5.0" | B33: 124.02333 | C33: 5160 | D33: 0.089230131 | E33: 607604.95 | F33: 0.18510757
A34: App | B34: 28.917895 | C34: 24174 | D34: 0.41803279 | E34: 710814.25 | F34: 0.21655041
B35: 54.99 | C35: 658 | D35: 0.011378571 | E35: 36197.11 | F35: 0.011027493
A36: Total | B36: 70.319899 | C36: 57828 | D36: 1 | E36: 3282442.4 | F36: 1

Sheet Top50 Lensdiameter Summary  
A1: Top 50 By Revenue Summary
A2: Lens diameter | B2: Avg Price | C2: Quantity/Mo | D2: Qty by % | E2: Revenue/Mo | F2: Revenue by %
A3: 23mm | B3: 659.99 | C3: 48 | D3: 0.00095509083 | E3: 33096.25 | F3: 0.0090984686
A4: 3.9mm | B4: 699.99 | C4: 58 | D4: 0.0011540681 | E4: 40745.77 | F4: 0.011201393
A5: 5.5mm | B5: 134.84 | C5: 2029 | D5: 0.040372485 | E5: 289538.83 | F5: 0.079596932
A6: 6.2mm | B6: 149.99 | C6: 595 | D6: 0.011839147 | E6: 65856.69 | F6: 0.01810462
A7: 6.4mm | B7: 84.89 | C7: 298 | D7: 0.0059295223 | E7: 28620.75 | F7: 0.0078681118
A8: 6.5mm | B8: 299.99 | C8: 348 | D8: 0.0069244085 | E8: 102859.3 | F8: 0.028276983
A9: 6mm | B9: 449.99 | C9: 71 | D9: 0.0014127385 | E9: 31681.51 | F9: 0.0087095433
A10: 8.5mm | B10: 139.39 | C10: 2210 | D10: 0.043973974 | E10: 300981.94 | F10: 0.082742749
A11: 8mm | B11: 85.033824 | C11: 44163 | D11: 0.87874326 | E11: 2670559.8 | F11: 0.73416186
B12: 181.98667 | C12: 437 | D12: 0.0086953061 | E12: 73621.88 | F12: 0.020239343
A13: Total | B13: 288.60905 | C13: 50257 | D13: 1 | E13: 3637562.7 | F13: 1
A31: Top 50 By Unit Summary
A32: Lens diameter | B32: Avg Price | C32: Quantity/Mo | D32: Qty by % | E32: Revenue/Mo | F32: Revenue by %
A33: 3.9mm | B33: 39.98 | C33: 533 | D33: 0.0092169883 | E33: 21020.51 | F33: 0.0064039235
A34: 5.5mm | B34: 133.19 | C34: 1575 | D34: 0.027235941 | E34: 232842.09 | F34: 0.070935621
A35: 8.5mm | B35: 89.69 | C35: 2800 | D35: 0.048419451 | E35: 321694.51 | F35: 0.098004617
A36: 8mm | B36: 50.029556 | C36: 52920 | D36: 0.91512762 | E36: 2706885.3 | F36: 0.82465584
A37: Total | B37: 78.222389 | C37: 57828 | D37: 1 | E37: 3282442.4 | F37: 1

Sheet Top50 Lens count Summary 
A1: Top 50 By Revenue Summary
A2: Lens count | B2: Avg Price | C2: Quantity/Mo | D2: Qty by % | E2: Revenue/Mo | F2: Revenue by %
A3: Dual | B3: 113.49 | C3: 20239 | D3: 0.40271007 | E3: 1220047.5 | F3: 0.33540246
A4: Single | B4: 150.1296 | C4: 27353 | D4: 0.54426249 | E4: 2069390.5 | F4: 0.56889481
A5: Triple | B5: 142.165 | C5: 2228 | D5: 0.044332133 | E5: 274502.81 | F5: 0.075463389
B6: 181.98667 | C6: 437 | D6: 0.0086953061 | E6: 73621.88 | F6: 0.020239343
A7: Total | B7: 146.94282 | C7: 50257 | D7: 1 | E7: 3637562.7 | F7: 1
A25: Top 50 By Unit Summary
A26: Lens count | B26: Avg Price | C26: Quantity/Mo | D26: Qty by % | E26: Revenue/Mo | F26: Revenue by %
A27: Dual | B27: 65.282222 | C27: 22164 | D27: 0.38327454 | E27: 1102923.2 | F27: 0.33600687
A28: Single | B28: 43.140333 | C28: 33888 | D28: 0.5860137 | E28: 1968776.2 | F28: 0.59979003
A29: Triple | B29: 133.89 | C29: 1776 | D29: 0.030711766 | E29: 210742.98 | F29: 0.064203101
A30: Total | B30: 80.770852 | C30: 57828 | D30: 1 | E30: 3282442.4 | F30: 1

Sheet Top50 Cable length Summary  
A1: Top 50 By Revenue Summary
A2: Cable length | B2: Avg Price | C2: Quantity/Mo | D2: Qty by % | E2: Revenue/Mo | F2: Revenue by %
A3: 10ft | B3: 120.95667 | C3: 1678 | D3: 0.033388384 | E3: 126034.43 | F3: 0.034648043
A4: 16.5ft | B4: 52.773684 | C4: 30505 | D4: 0.60698012 | E4: 1165435.6 | F4: 0.32038915
A5: 300ft | B5: 659.99 | C5: 48 | D5: 0.00095509083 | E5: 33096.25 | F5: 0.0090984686
A6: 32.8ft | B6: 40.99 | C6: 915 | D6: 0.018206419 | E6: 33366.73 | F6: 0.0091728261
A7: 5.25ft | B7: 199.99 | C7: 232 | D7: 0.0046162724 | E7: 36138.18 | F7: 0.0099347236
A8: 5.5ft | B8: 108.45667 | C8: 3453 | D8: 0.068706847 | E8: 406987.28 | F8: 0.11188461
A9: 5.6ft | B9: 99.99 | C9: 363 | D9: 0.0072228744 | E9: 29718.51 | F9: 0.0081698963
A10: 50ft | B10: 122.165 | C10: 2314 | D10: 0.046043337 | E10: 266749.69 | F10: 0.073331984
A11: 5ft | B11: 242.59833 | C11: 9858 | D11: 0.19615178 | E11: 1409717.4 | F11: 0.38754449
A12: 9.8ft | B12: 136.49 | C12: 454 | D12: 0.0090335675 | E12: 56696.74 | F12: 0.015586464
B13: 181.98667 | C13: 437 | D13: 0.0086953061 | E13: 73621.88 | F13: 0.020239343
A14: Total | B14: 178.76246 | C14: 50257 | D14: 1 | E14: 3637562.7 | F14: 1
A32: Top 50 By Unit Summary
A33: Cable length | B33: Avg Price | C33: Quantity/Mo | D33: Qty by % | E33: Revenue/Mo | F33: Revenue by %
A34: 10ft | B34: 22.73 | C34: 1675 | D34: 0.028965207 | E34: 42400.6 | F34: 0.012917393
A35: 16.5ft | B35: 37.308182 | C35: 39098 | D35: 0.67610846 | E35: 1382202.1 | F35: 0.42108951
A36: 32.8ft | B36: 40.99 | C36: 915 | D36: 0.015822785 | E36: 33366.73 | F36: 0.010165214
A37: 33ft | B37: 39.99 | C37: 581 | D37: 0.010047036 | E37: 19298.9 | F37: 0.0058794329
A38: 5.5ft | B38: 108.45667 | C38: 3453 | D38: 0.059711558 | E38: 406987.28 | F38: 0.12398916
A39: 50ft | B39: 102.59 | C39: 2366 | D39: 0.040914436 | E39: 231455.55 | F39: 0.07051321
A40: 5ft | B40: 119.38833 | C40: 9094 | D40: 0.15725946 | E40: 1150145.1 | F40: 0.35039308
A41: 9.8ft | B41: 29.99 | C41: 646 | D41: 0.011171059 | E41: 16586.2 | F41: 0.0050530056
A42: Total | B42: 62.680398 | C42: 57828 | D42: 1 | E42: 3282442.4 | F42: 1

Sheet Teslong
A1: #VALUE!
A7: Rank by Revenue
A8: Product Name | B8: ASIN | C8: Avg Price | D8: Estimated 12mo Revenue | E8: Monthly Rev | F8: Estimated 12mo Units | G8: Monthly Units | H8: # of Reviews | I8: Tool Rating | J8: Column1 | K8: Link
A9: Teslong Two-Way Articulating Borescope with Light, Industrial Endoscope Inspection Camera with Articulated Probe, Flexible Mechanic Fiber Optic Snake Scope Cam for Wall Automotive Engine Inspect-5FT | B9: B0CJY5C9QX | C9: 129.99 | D9: 8388394.6 | E9: 699032.88 | F9: 64536 | G9: 5378 | H9: 1078 | I9: 4.7 | J9: https://amazon.com/dp/B0CJY5C9QX | K9: =HYPERLINK(J9) -> https://amazon.com/dp/B0CJY5C9QX
A10: Teslong Two-Way Articulating Borescope, 5.5mm Slim Probe, 5.0'' Industrial Endoscope with Light, 5FT Flexible Snake Scope for Automotive, HVAC & Mechanics | B10: B0DT4H7QQM | C10: 106.39 | D10: 1543312.2 | E10: 128609.35 | F10: 11088 | G10: 924 | H10: 177 | I10: 4.6 | J10: https://amazon.com/dp/B0DT4H7QQM | K10: =HYPERLINK(J10) -> https://amazon.com/dp/B0DT4H7QQM
A11: Articulating Borescope with Dual Lens Endoscope Camera, Teslong Two-Way Articulated Industrial Inspection Camera with LED Light, Flexible Mechanic Fiber Optic Snake Scope Cam for Wall Automotive-5FT | B11: B0CJY6SWBN | C11: 149.99 | D11: 1386287.4 | E11: 115523.95 | F11: 10068 | G11: 839 | H11: 318 | I11: 4.4 | J11: https://amazon.com/dp/B0CJY6SWBN | K11: =HYPERLINK(J11) -> https://amazon.com/dp/B0CJY6SWBN
A12: Teslong Inspection Camera, Dual Lens Borescope Camera with Light, NTS300 5" IPS Industrial Endoscope, 1080P Waterproof Flexible Mechanic Fiber Optic Snake Scope Cam for Wall Automotive Engine (16.5FT) | B12: B07TV2BFVR | C12: 159.99 | D12: 1250792.9 | E12: 104232.74 | F12: 7812 | G12: 651 | H12: 3542 | I12: 4.6 | J12: https://amazon.com/dp/B07TV2BFVR | K12: =HYPERLINK(J12) -> https://amazon.com/dp/B07TV2BFVR
A13: Articulating Borescope with Dual Lens Endoscope, Teslong 5-inch IPS Automotive Inspection Camera with Two-Way Articulation Tip, 6+1 LED Lights, Mechanics Fiber Optic Scope-Dia. 0.25 inch & L 5.0 feet | B13: B0CHW4FLS7 | C13: 299.99 | D13: 909591.12 | E13: 75799.26 | F13: 3036 | G13: 253 | H13: 184 | I13: 4.2 | J13: https://amazon.com/dp/B0CHW4FLS7 | K13: =HYPERLINK(J13) -> https://amazon.com/dp/B0CHW4FLS7
A14: Two-Way Articulating Borescope with Light, Teslong 5-inch IPS Endoscope Inspection Camera with Articulation Head, Automotive Mechanics Fiber Optic Scope-0.33inch | B14: B09ZV7KJHL | C14: 279.99 | D14: 521574.24 | E14: 43464.52 | F14: 2148 | G14: 179 | H14: 549 | I14: 4.7 | J14: https://amazon.com/dp/B09ZV7KJHL | K14: =HYPERLINK(J14) -> https://amazon.com/dp/B09ZV7KJHL
A15: Teslong 3.9mm 4-Way Articulating Borescope with Light, 6'' IPS Endoscope Inspection Camera with 360 Articulated Probe, Flexible Automotive Mechanics Gadgets Fiber Optic Scope Cam (0.15inch-5FT) | B15: B0D7PYRRKD | C15: 699.99 | D15: 488949.24 | E15: 40745.77 | F15: 696 | G15: 58 | H15: 21 | I15: 4.6 | J15: https://amazon.com/dp/B0D7PYRRKD | K15: =HYPERLINK(J15) -> https://amazon.com/dp/B0D7PYRRKD
A16: Teslong Endoscope Borescope with Light, Snake Inspection Camera for Automotive Engine, Waterproof Fiber Optic Camera for Mechanics - Ideal for Wall, Vent, Wire Video Scope (16.5FT) | B16: B0DK965BZP | C16: 37.99 | D16: 473261.28 | E16: 39438.44 | F16: 9636 | G16: 803 | H16: 234 | I16: 4.5 | J16: https://amazon.com/dp/B0DK965BZP | K16: =HYPERLINK(J16) -> https://amazon.com/dp/B0DK965BZP
A17: Triple Lens Borescope Inspection Camera, Teslong Professional Endoscope with Light, Digital Video Scope Camera, 5" IPS Screen, Waterproof Flexible Cable for Automotive/Home/Wall/Pipe/Car (16.5FT) | B17: B07Q86XGN2 | C17: 179.99 | D17: 397579.08 | E17: 33131.59 | F17: 2400 | G17: 200 | H17: 339 | I17: 4.5 | J17: https://amazon.com/dp/B07Q86XGN2 | K17: =HYPERLINK(J17) -> https://amazon.com/dp/B07Q86XGN2
A18: USB C Endoscope Camera with Light, Teslong Type-C Snake Borescope Camera with 8 LED Lights, 10FT Flexible Waterproof Inspection Cam, Fiber Optic Scope Compatible with iPhone 15/16, Android Phone | B18: B0C1GFBTDC | C18: 29.99 | D18: 388426.2 | E18: 32368.85 | F18: 12960 | G18: 1080 | H18: 911 | I18: 4.4 | J18: https://amazon.com/dp/B0C1GFBTDC | K18: =HYPERLINK(J18) -> https://amazon.com/dp/B0C1GFBTDC
A19: Teslong 360 Articulating Borescope with Light, 5'' Monitor Industrial Inspection Camera with 4-Way Joystick Articulation, HD Endoscope Camera for Automotive, Pipes, and Mechanics (0.24inch-5FT) | B19: B0DTHZDGYD | C19: 449.99 | D19: 380178.12 | E19: 31681.51 | F19: 852 | G19: 71 | H19: 28 | I19: 4.7 | J19: https://amazon.com/dp/B0DTHZDGYD | K19: =HYPERLINK(J19) -> https://amazon.com/dp/B0DTHZDGYD
A20: Teslong Dual Lens Endoscope with Light, Mechanic Borescope Inspection Camera, Fiber Optic Scope, Flexible Snake Probe for Automotive, HVAC, Wall & Home Inspections (16.5FT) | B20: B0DYDXH1NQ | C20: 59.99 | D20: 366452.88 | E20: 30537.74 | F20: 6516 | G20: 543 | H20: 57 | I20: 4.8 | J20: https://amazon.com/dp/B0DYDXH1NQ | K20: =HYPERLINK(J20) -> https://amazon.com/dp/B0DYDXH1NQ
... A68: Teslong Endoscope Replacement Cable with Light, Single Lens Inspection Camera 5.5mm/0.21inch Waterproof Probe Compatible with NTS500, NTS300(10FT) | B68: B08QCZQMJ4 | C68: 69.99 | D68: 2012.16 | E68: 167.68 | F68: 24 | G68: 2 | H68: 3 | I68: 4.7 | J68: https://amazon.com/dp/B08QCZQMJ4 | K68: =HYPERLINK(J68) -> https://amazon.com/dp/B08QCZQMJ4
A69: 10FT Single Lens Probe, 3.9mm/0.15inch Diameter Semi-Rigid Cable Compatible with MS450 Inspection Camera | B69: B0D9JGJG5R | C69: 59.99 | F69: 0 | G69: 0 | J69: https://amazon.com/dp/B0D9JGJG5R | K69: =HYPERLINK(J69) -> https://amazon.com/dp/B0D9JGJG5R
A70: Total | D70: =SUM(D9:D69) -> 20997245 | E70: =SUM(E9:E69) -> 1749770.4
A73: Rank by Units
A74: Product Name | B74: ASIN | C74: Avg Price | D74: Estimated 12mo Revenue | E74: Monthly Rev | F74: Estimated 12mo Units | G74: Monthly Units | H74: # of Reviews | I74: Tool Rating | J74: Column1 | K74: Link
A75: Teslong Two-Way Articulating Borescope with Light, Industrial Endoscope Inspection Camera with Articulated Probe, Flexible Mechanic Fiber Optic Snake Scope Cam for Wall Automotive Engine Inspect-5FT | B75: B0CJY5C9QX | C75: 129.99 | D75: 8388394.6 | E75: 699032.88 | F75: 64536 | G75: 5378 | H75: 1078 | I75: 4.7 | J75: https://amazon.com/dp/B0CJY5C9QX | K75: =HYPERLINK(J75) -> https://amazon.com/dp/B0CJY5C9QX
A76: USB C Endoscope Camera with Light, Teslong Type-C Snake Borescope Camera with 8 LED Lights, 10FT Flexible Waterproof Inspection Cam, Fiber Optic Scope Compatible with iPhone 15/16, Android Phone | B76: B0C1GFBTDC | C76: 29.99 | D76: 388426.2 | E76: 32368.85 | F76: 12960 | G76: 1080 | H76: 911 | I76: 4.4 | J76: https://amazon.com/dp/B0C1GFBTDC | K76: =HYPERLINK(J76) -> https://amazon.com/dp/B0C1GFBTDC
A77: Teslong Two-Way Articulating Borescope, 5.5mm Slim Probe, 5.0'' Industrial Endoscope with Light, 5FT Flexible Snake Scope for Automotive, HVAC & Mechanics | B77: B0DT4H7QQM | C77: 106.39 | D77: 1543312.2 | E77: 128609.35 | F77: 11088 | G77: 924 | H77: 177 | I77: 4.6 | J77: https://amazon.com/dp/B0DT4H7QQM | K77: =HYPERLINK(J77) -> https://amazon.com/dp/B0DT4H7QQM
A78: Articulating Borescope with Dual Lens Endoscope Camera, Teslong Two-Way Articulated Industrial Inspection Camera with LED Light, Flexible Mechanic Fiber Optic Snake Scope Cam for Wall Automotive-5FT | B78: B0CJY6SWBN | C78: 149.99 | D78: 1386287.4 | E78: 115523.95 | F78: 10068 | G78: 839 | H78: 318 | I78: 4.4 | J78: https://amazon.com/dp/B0CJY6SWBN | K78: =HYPERLINK(J78) -> https://amazon.com/dp/B0CJY6SWBN
A79: Teslong Endoscope Borescope with Light, Snake Inspection Camera for Automotive Engine, Waterproof Fiber Optic Camera for Mechanics - Ideal for Wall, Vent, Wire Video Scope (16.5FT) | B79: B0DK965BZP | C79: 37.99 | D79: 473261.28 | E79: 39438.44 | F79: 9636 | G79: 803 | H79: 234 | I79: 4.5 | J79: https://amazon.com/dp/B0DK965BZP | K79: =HYPERLINK(J79) -> https://amazon.com/dp/B0DK965BZP
A80: Teslong Inspection Camera, Dual Lens Borescope Camera with Light, NTS300 5" IPS Industrial Endoscope, 1080P Waterproof Flexible Mechanic Fiber Optic Snake Scope Cam for Wall Automotive Engine (16.5FT) | B80: B07TV2BFVR | C80: 159.99 | D80: 1250792.9 | E80: 104232.74 | F80: 7812 | G80: 651 | H80: 3542 | I80: 4.6 | J80: https://amazon.com/dp/B07TV2BFVR | K80: =HYPERLINK(J80) -> https://amazon.com/dp/B07TV2BFVR
A81: Teslong 50FT USB-C Borescope Camera with Light, Only Compatible with iPhone 15/16 Android Phones, 50 ft Flexible Waterproof Endoscope for DIY Pipe Inspection with Drain Snake | B81: B0CL4KT182 | C81: 39.99 | D81: 248550.84 | E81: 20712.57 | F81: 7080 | G81: 590 | H81: 717 | I81: 4.1 | J81: https://amazon.com/dp/B0CL4KT182 | K81: =HYPERLINK(J81) -> https://amazon.com/dp/B0CL4KT182
A82: Teslong Dual Lens Endoscope with Light, Mechanic Borescope Inspection Camera, Fiber Optic Scope, Flexible Snake Probe for Automotive, HVAC, Wall & Home Inspections (16.5FT) | B82: B0DYDXH1NQ | C82: 59.99 | D82: 366452.88 | E82: 30537.74 | F82: 6516 | G82: 543 | H82: 57 | I82: 4.8 | J82: https://amazon.com/dp/B0DYDXH1NQ | K82: =HYPERLINK(J82) -> https://amazon.com/dp/B0DYDXH1NQ
A83: Teslong Rifle Borescope, Bore Camera Gun Cleaning Camera - Fits .20 Caliber & Larger-Hunting Shooting Firearms Visual Barrel Inspection Tool w/3 Right-Angle Mirrors and Carrying Case(45inch-Flexible) | B83: B07TTQF24F | C83: 55.99 | D83: 256079.4 | E83: 21339.95 | F83: 4572 | G83: 381 | H83: 2098 | I83: 4.4 | J83: https://amazon.com/dp/B07TTQF24F | K83: =HYPERLINK(J83) -> https://amazon.com/dp/B07TTQF24F
A84: Teslong Rifle Borescope for Phone & PC, USB C Bore Scope Camera with Lights & Mirror Set, Fits .20 Caliber & Larger, Flexible Gun Cleaning Camera, Compatible with iPhone 15/16 & USB-C Android Devices | B84: B0DRP8LPF8 | C84: 65.99 | D84: 268233.36 | E84: 22352.78 | F84: 4068 | G84: 339 | H84: 114 | I84: 4.3 | J84: https://amazon.com/dp/B0DRP8LPF8 | K84: =HYPERLINK(J84) -> https://amazon.com/dp/B0DRP8LPF8
A85: Teslong 50FT Sewer Camera, Dual Lens Borescope with Light, 4.3" HD Drain Plumbing Endoscope Inspection Camera, Home Waterproof Flexible in Wall Cam Pipe Tools, Snake Scope for Air Duct HVAC | B85: B0DH24P6NY | C85: 99.99 | D85: 304541.64 | E85: 25378.47 | F85: 3432 | G85: 286 | H85: 106 | I85: 4.4 | J85: https://amazon.com/dp/B0DH24P6NY | K85: =HYPERLINK(J85) -> https://amazon.com/dp/B0DH24P6NY
A86: Articulating Borescope with Dual Lens Endoscope, Teslong 5-inch IPS Automotive Inspection Camera with Two-Way Articulation Tip, 6+1 LED Lights, Mechanics Fiber Optic Scope-Dia. 0.25 inch & L 5.0 feet | B86: B0CHW4FLS7 | C86: 299.99 | D86: 909591.12 | E86: 75799.26 | F86: 3036 | G86: 253 | H86: 184 | I86: 4.2 | J86: https://amazon.com/dp/B0CHW4FLS7 | K86: =HYPERLINK(J86) -> https://amazon.com/dp/B0CHW4FLS7
... A134: Teslong Endoscope Replacement Cable with Light, Single Lens Inspection Camera 5.5mm/0.21inch Waterproof Probe Compatible with NTS500, NTS300(10FT) | B134: B08QCZQMJ4 | C134: 69.99 | D134: 2012.16 | E134: 167.68 | F134: 24 | G134: 2 | H134: 3 | I134: 4.7 | J134: https://amazon.com/dp/B08QCZQMJ4 | K134: =HYPERLINK(J134) -> https://amazon.com/dp/B08QCZQMJ4
A135: 10FT Single Lens Probe, 3.9mm/0.15inch Diameter Semi-Rigid Cable Compatible with MS450 Inspection Camera | B135: B0D9JGJG5R | C135: 59.99 | F135: 0 | G135: 0 | J135: https://amazon.com/dp/B0D9JGJG5R | K135: =HYPERLINK(J135) -> https://amazon.com/dp/B0D9JGJG5R
A136: Total | F136: =SUM(Table43161821[Estimated 12mo Units]) -> 180912 | G136: =SUM(Table43161821[Monthly Units]) -> 15076

Sheet DEPSTECH
A1: #VALUE!
A7: Rank by Revenue
A8: Product Name | B8: ASIN | C8: Avg Price | D8: Estimated 12mo Revenue | E8: Monthly Rev | F8: Estimated 12mo Units | G8: Monthly Units | H8: # of Reviews | I8: Tool Rating | J8: Column1 | K8: Link
A9: Triple Lens Endoscope Camera with Light with 50FT Semi-Rigid Cable, DEPSTECH 5" IPS Screen Sewer Inspection Camera, 1080P Industrial Borescope, Split Screen, Waterproof Drain Pipe Tool, Carrying Case | B9: B0BS1CFFH8 | C9: 129.99 | D9: 1507452.5 | E9: 125621.04 | F9: 12696 | G9: 1058 | H9: 1394 | I9: 4.3 | J9: https://amazon.com/dp/B0BS1CFFH8 | K9: =HYPERLINK(J9) -> https://amazon.com/dp/B0BS1CFFH8
A10: DEPSTECH Dual Lens Industrial Endoscope, 1080P Digital Borescope Inspection Camera, 7.9mm IP67 Waterproof Sewer Camera with 4.3" LCD Screen, 7 LED Lights, 16.5FT Semi-Rigid Cable, 32GB Card-Black | B10: B0928Q3T42 | C10: 69.99 | D10: 1198974.6 | E10: 99914.55 | F10: 17136 | G10: 1428 | H10: 6721 | I10: 4.5 | J10: https://amazon.com/dp/B0928Q3T42 | K10: =HYPERLINK(J10) -> https://amazon.com/dp/B0928Q3T42
A11: DEPSTECH 50ft Sewer Camera, 1080P HD Triple Lens Borescope, 5" IPS Screen Endoscope with Light, IP67 Waterproof Plumbing Drain Pipe Snake Inspection Camera with 32G Card, Carry Case | B11: B0DD6YVBHD | C11: 137.79 | D11: 1021463.3 | E11: 85121.94 | F11: 8616 | G11: 718 | H11: 253 | I11: 4.3 | J11: https://amazon.com/dp/B0DD6YVBHD | K11: =HYPERLINK(J11) -> https://amazon.com/dp/B0DD6YVBHD
A12: DEPSTECH Dual Lens Two-Way Articulating Borescope Camera with Light, 4.5" Screen and 5FT Flexible Snake Scope Industrial Endoscope, Inspection Video Camera Tool for Wall, Engine, Auto, Mechanics | B12: B0DT16R78W | C12: 129.99 | D12: 695811 | E12: 57984.25 | F12: 6120 | G12: 510 | H12: 245 | I12: 4.6 | J12: https://amazon.com/dp/B0DT16R78W | K12: =HYPERLINK(J12) -> https://amazon.com/dp/B0DT16R78W
A13: DEPSTECH Dual Lens Articulating Endoscope Camera with Lights, 4.5" Screen Two-Way Industrial Borescope, Flexible Snake Scope, Video Inspection Camera Tool for Wall Engine Auto Mechanics - 10FT | B13: B0F62WJY8N | C13: 159.99 | D13: 661853.88 | E13: 55154.49 | F13: 4632 | G13: 386 | H13: 252 | I13: 4.6 | J13: https://amazon.com/dp/B0F62WJY8N | K13: =HYPERLINK(J13) -> https://amazon.com/dp/B0F62WJY8N
A14: DEPSTECH Dual Lens Wireless Endoscope, 1080P Scope Snake Camera with 7 LED Lights,0.31In Lens Video HD Inspection Camera,IP67 Waterproof Borescope,16.5FT Cable for Android & iOS Phone or Tablet-Yellow | B14: B08NJ8627V | C14: 54.99 | D14: 434365.32 | E14: 36197.11 | F14: 7896 | G14: 658 | H14: 2461 | I14: 4.3 | J14: https://amazon.com/dp/B08NJ8627V | K14: =HYPERLINK(J14) -> https://amazon.com/dp/B08NJ8627V
A15: DEPSTECH Articulating Borescope Camera with Light, 5" IPS HD Screen, Industrial Endoscope Inspection Camera with Two-Way Articulated Probe, 0.24'' Flexible Snake Scope for Wall Automotive Engine - 5FT | B15: B0FD3NRZ5S | C15: 139.99 | D15: 293259.72 | E15: 24438.31 | F15: 2136 | G15: 178 | H15: 84 | I15: 4.7 | J15: https://amazon.com/dp/B0FD3NRZ5S | K15: =HYPERLINK(J15) -> https://amazon.com/dp/B0FD3NRZ5S
A16: Dual-Lens Endoscope Camera with Light, DEPSTECH 1080P HD Borescope with 5" IPS Screen, 16.5FT Flexible Sewer Plumbing Snake Camera, Cool Gadgets for Men, Women | B16: B0CT2CX59S | C16: 69.99 | D16: 290535.12 | E16: 24211.26 | F16: 4272 | G16: 356 | H16: 1273 | I16: 4.6 | J16: https://amazon.com/dp/B0CT2CX59S | K16: =HYPERLINK(J16) -> https://amazon.com/dp/B0CT2CX59S
A17: DEPSTECH Inspection Endoscope Camera with Lights: 1080P Triple Lens Snake Camera with 5" Screen and 16.5FT Flexible Cable, Waterproof Industrial Borescope Tool for Auto, Wall, Sewer, Pipe, Mechanics | B17: B0FKM8K5QX | C17: 74.99 | D17: 206101.08 | E17: 17175.09 | F17: 3204 | G17: 267 | H17: 85 | I17: 4.7 | J17: https://amazon.com/dp/B0FKM8K5QX | K17: =HYPERLINK(J17) -> https://amazon.com/dp/B0FKM8K5QX
A18: DEPSTECH 210° Two-Way Articulating Borescope, 0.24in Ultra-Slim Endoscope Camera with Lights, 4.5” IPS Screen, 5ft Waterproof Flexible Snake Tube, Industrial Inspection Camera for Automotive Mechanics | B18: B0DBZ6Q4YH | C18: 124.99 | D18: 146783.4 | E18: 12231.95 | F18: 1260 | G18: 105 | H18: 299 | I18: 4.6 | J18: https://amazon.com/dp/B0DBZ6Q4YH | K18: =HYPERLINK(J18) -> https://amazon.com/dp/B0DBZ6Q4YH
A19: DEPSTECH 7'' IPS Endoscope Camera with Lights, 1080P Triple-Lens Digital Borescope Tool, Inspection Camera with Split Screen, Sound Recording, 16.5ft IP67 Waterproof Snake Cable, 180° Rotation View | B19: B0CT5L1H9B | C19: 139.99 | D19: 143746.8 | E19: 11978.9 | F19: 1176 | G19: 98 | H19: 184 | I19: 4.6 | J19: https://amazon.com/dp/B0CT5L1H9B | K19: =HYPERLINK(J19) -> https://amazon.com/dp/B0CT5L1H9B
A20: DEPSTECH Endoscope, 7'' IPS Screen Borescope Camera with Light, Triple-Lens Inspection Camera with Sound Recording, 1080P HD 7.9 mm Snake Camera, 16.5ft Gooseneck Camera for Automotive Wall Pipe HVAC | B20: B0BVML78W1 | C20: 194.97 | D20: 135734.52 | E20: 11311.21 | F20: 780 | G20: 65 | H20: 184 | I20: 4.6 | J20: https://amazon.com/dp/B0BVML78W1 | K20: =HYPERLINK(J20) -> https://amazon.com/dp/B0BVML78W1
... A38: DEPSTECH Endoscope Camera with Light, 1080P HD Borescope Inspection Camera with 2X Zoom, IP67 Waterproof Plumbing Snake Camera, 16.5ft Semi-Rigid Cable, 2.4'' IPS Screen Scope Camera Gadgets for Men | B38: B0CJM3HDR1 | C38: 39.99 | D38: 7824.12 | E38: 652.01 | F38: 192 | G38: 16 | H38: 224 | I38: 4.5 | J38: https://amazon.com/dp/B0CJM3HDR1 | K38: =HYPERLINK(J38) -> https://amazon.com/dp/B0CJM3HDR1
A39: DEPSTECH Dual Lens Borescope Camera with Light, Two-Way Articulating Borescope, 5" IPS Dual View Endoscope with 0.33in Slim Probe, 1080P Waterproof Inspection Camera for Wall Auto Engine Inspect-5FT | B39: B0FQC32XV7 | C39: 159.99 | F39: 0 | G39: 0 | H39: 15 | I39: 4.6 | J39: https://amazon.com/dp/B0FQC32XV7 | K39: =HYPERLINK(J39) -> https://amazon.com/dp/B0FQC32XV7
A40: DEPSTECH DS700SE Triple Lens Endoscope Camera with Lights: 7'' IPS Screen and 16.5FT Flexible Cable Inspection Snake Camera, Industrial Borescope with Video and Sound Recording for Auto, Sewer, Pipe | B40: B0FS68V4ZV | C40: 129.99 | F40: 0 | G40: 0 | H40: 2 | I40: 5 | J40: https://amazon.com/dp/B0FS68V4ZV | K40: =HYPERLINK(J40) -> https://amazon.com/dp/B0FS68V4ZV
A41: DEPSTECH Endoscope With Light, FHD Borescope Inspection Camera, Bluart 3.0 Tech, 7mm Slim Probe, 16.4ft Semi-Rigid Cable, IP67 Waterproof Snake Camera for IOS Smartphone, Cool Gadget for Men | B41: B0CT8MDJQD | C41: 25.49 | F41: 0 | G41: 0 | H41: 170 | I41: 4.3 | J41: https://amazon.com/dp/B0CT8MDJQD | K41: =HYPERLINK(J41) -> https://amazon.com/dp/B0CT8MDJQD
A42: Total | D42: =SUM(D9:D41) -> 7709570.3 | E42: =SUM(E9:E41) -> 642464.19
A45: Rank by Units
A46: Product Name | B46: ASIN | C46: Avg Price | D46: Estimated 12mo Revenue | E46: Monthly Rev | F46: Estimated 12mo Units | G46: Monthly Units | H46: # of Reviews | I46: Tool Rating | J46: Column1 | K46: Link
A47: DEPSTECH Dual Lens Industrial Endoscope, 1080P Digital Borescope Inspection Camera, 7.9mm IP67 Waterproof Sewer Camera with 4.3" LCD Screen, 7 LED Lights, 16.5FT Semi-Rigid Cable, 32GB Card-Black | B47: B0928Q3T42 | C47: 69.99 | D47: 1198974.6 | E47: 99914.55 | F47: 17136 | G47: 1428 | H47: 6721 | I47: 4.5 | J47: https://amazon.com/dp/B0928Q3T42 | K47: =HYPERLINK(J47) -> https://amazon.com/dp/B0928Q3T42
A48: Triple Lens Endoscope Camera with Light with 50FT Semi-Rigid Cable, DEPSTECH 5" IPS Screen Sewer Inspection Camera, 1080P Industrial Borescope, Split Screen, Waterproof Drain Pipe Tool, Carrying Case | B48: B0BS1CFFH8 | C48: 129.99 | D48: 1507452.5 | E48: 125621.04 | F48: 12696 | G48: 1058 | H48: 1394 | I48: 4.3 | J48: https://amazon.com/dp/B0BS1CFFH8 | K48: =HYPERLINK(J48) -> https://amazon.com/dp/B0BS1CFFH8
A49: DEPSTECH 50ft Sewer Camera, 1080P HD Triple Lens Borescope, 5" IPS Screen Endoscope with Light, IP67 Waterproof Plumbing Drain Pipe Snake Inspection Camera with 32G Card, Carry Case | B49: B0DD6YVBHD | C49: 137.79 | D49: 1021463.3 | E49: 85121.94 | F49: 8616 | G49: 718 | H49: 253 | I49: 4.3 | J49: https://amazon.com/dp/B0DD6YVBHD | K49: =HYPERLINK(J49) -> https://amazon.com/dp/B0DD6YVBHD
A50: DEPSTECH Dual Lens Wireless Endoscope, 1080P Scope Snake Camera with 7 LED Lights,0.31In Lens Video HD Inspection Camera,IP67 Waterproof Borescope,16.5FT Cable for Android & iOS Phone or Tablet-Yellow | B50: B08NJ8627V | C50: 54.99 | D50: 434365.32 | E50: 36197.11 | F50: 7896 | G50: 658 | H50: 2461 | I50: 4.3 | J50: https://amazon.com/dp/B08NJ8627V | K50: =HYPERLINK(J50) -> https://amazon.com/dp/B08NJ8627V
A51: DEPSTECH Dual Lens Two-Way Articulating Borescope Camera with Light, 4.5" Screen and 5FT Flexible Snake Scope Industrial Endoscope, Inspection Video Camera Tool for Wall, Engine, Auto, Mechanics | B51: B0DT16R78W | C51: 129.99 | D51: 695811 | E51: 57984.25 | F51: 6120 | G51: 510 | H51: 245 | I51: 4.6 | J51: https://amazon.com/dp/B0DT16R78W | K51: =HYPERLINK(J51) -> https://amazon.com/dp/B0DT16R78W
A52: DEPSTECH Dual Lens Articulating Endoscope Camera with Lights, 4.5" Screen Two-Way Industrial Borescope, Flexible Snake Scope, Video Inspection Camera Tool for Wall Engine Auto Mechanics - 10FT | B52: B0F62WJY8N | C52: 159.99 | D52: 661853.88 | E52: 55154.49 | F52: 4632 | G52: 386 | H52: 252 | I52: 4.6 | J52: https://amazon.com/dp/B0F62WJY8N | K52: =HYPERLINK(J52) -> https://amazon.com/dp/B0F62WJY8N
A53: Dual-Lens Endoscope Camera with Light, DEPSTECH 1080P HD Borescope with 5" IPS Screen, 16.5FT Flexible Sewer Plumbing Snake Camera, Cool Gadgets for Men, Women | B53: B0CT2CX59S | C53: 69.99 | D53: 290535.12 | E53: 24211.26 | F53: 4272 | G53: 356 | H53: 1273 | I53: 4.6 | J53: https://amazon.com/dp/B0CT2CX59S | K53: =HYPERLINK(J53) -> https://amazon.com/dp/B0CT2CX59S
A54: DEPSTECH Inspection Endoscope Camera with Lights: 1080P Triple Lens Snake Camera with 5" Screen and 16.5FT Flexible Cable, Waterproof Industrial Borescope Tool for Auto, Wall, Sewer, Pipe, Mechanics | B54: B0FKM8K5QX | C54: 74.99 | D54: 206101.08 | E54: 17175.09 | F54: 3204 | G54: 267 | H54: 85 | I54: 4.7 | J54: https://amazon.com/dp/B0FKM8K5QX | K54: =HYPERLINK(J54) -> https://amazon.com/dp/B0FKM8K5QX
A55: DEPSTECH Articulating Borescope Camera with Light, 5" IPS HD Screen, Industrial Endoscope Inspection Camera with Two-Way Articulated Probe, 0.24'' Flexible Snake Scope for Wall Automotive Engine - 5FT | B55: B0FD3NRZ5S | C55: 139.99 | D55: 293259.72 | E55: 24438.31 | F55: 2136 | G55: 178 | H55: 84 | I55: 4.7 | J55: https://amazon.com/dp/B0FD3NRZ5S | K55: =HYPERLINK(J55) -> https://amazon.com/dp/B0FD3NRZ5S
A56: DEPSTECH 5.5mm Industrial Endoscope, 1080P Digital Borescope Inspection Camera with 4.3" Screen, IP67 Waterproof Snake Camera with Lights,16.5FT Semi-Rigid Cable, 32GB Card &Photo Capture,Helpful Tool | B56: B094XGX6GQ | C56: 49.99 | D56: 103971.12 | E56: 8664.26 | F56: 2076 | G56: 173 | H56: 4253 | I56: 4.4 | J56: https://amazon.com/dp/B094XGX6GQ | K56: =HYPERLINK(J56) -> https://amazon.com/dp/B094XGX6GQ
A57: DEPSTECH 210° Two-Way Articulating Borescope, 0.24in Ultra-Slim Endoscope Camera with Lights, 4.5” IPS Screen, 5ft Waterproof Flexible Snake Tube, Industrial Inspection Camera for Automotive Mechanics | B57: B0DBZ6Q4YH | C57: 124.99 | D57: 146783.4 | E57: 12231.95 | F57: 1260 | G57: 105 | H57: 299 | I57: 4.6 | J57: https://amazon.com/dp/B0DBZ6Q4YH | K57: =HYPERLINK(J57) -> https://amazon.com/dp/B0DBZ6Q4YH
A58: DEPSTECH 7'' IPS Endoscope Camera with Lights, 1080P Triple-Lens Digital Borescope Tool, Inspection Camera with Split Screen, Sound Recording, 16.5ft IP67 Waterproof Snake Cable, 180° Rotation View | B58: B0CT5L1H9B | C58: 139.99 | D58: 143746.8 | E58: 11978.9 | F58: 1176 | G58: 98 | H58: 184 | I58: 4.6 | J58: https://amazon.com/dp/B0CT5L1H9B | K58: =HYPERLINK(J58) -> https://amazon.com/dp/B0CT5L1H9B
... A76: Dual Lens Articulating Borescope, DEPSTECH Endoscope Camera with Light, Articulated Probe, Flexible Snake Inspection Camera for Wall, Automotive Engine Inspect-4.92FT | B76: B0CXSTNWTW | C76: 271.69 | D76: 19101.36 | E76: 1591.78 | F76: 84 | G76: 7 | H76: 144 | I76: 4.3 | J76: https://amazon.com/dp/B0CXSTNWTW | K76: =HYPERLINK(J76) -> https://amazon.com/dp/B0CXSTNWTW
A77: DEPSTECH DS700SE Triple Lens Endoscope Camera with Lights: 7'' IPS Screen and 16.5FT Flexible Cable Inspection Snake Camera, Industrial Borescope with Video and Sound Recording for Auto, Sewer, Pipe | B77: B0FS68V4ZV | C77: 129.99 | F77: 0 | G77: 0 | H77: 2 | I77: 5 | J77: https://amazon.com/dp/B0FS68V4ZV | K77: =HYPERLINK(J77) -> https://amazon.com/dp/B0FS68V4ZV
A78: DEPSTECH Dual Lens Borescope Camera with Light, Two-Way Articulating Borescope, 5" IPS Dual View Endoscope with 0.33in Slim Probe, 1080P Waterproof Inspection Camera for Wall Auto Engine Inspect-5FT | B78: B0FQC32XV7 | C78: 159.99 | F78: 0 | G78: 0 | H78: 15 | I78: 4.6 | J78: https://amazon.com/dp/B0FQC32XV7 | K78: =HYPERLINK(J78) -> https://amazon.com/dp/B0FQC32XV7
A79: DEPSTECH Endoscope With Light, FHD Borescope Inspection Camera, Bluart 3.0 Tech, 7mm Slim Probe, 16.4ft Semi-Rigid Cable, IP67 Waterproof Snake Camera for IOS Smartphone, Cool Gadget for Men | B79: B0CT8MDJQD | C79: 25.49 | F79: 0 | G79: 0 | H79: 170 | I79: 4.3 | J79: https://amazon.com/dp/B0CT8MDJQD | K79: =HYPERLINK(J79) -> https://amazon.com/dp/B0CT8MDJQD
A80: Total | F80: =SUM(Table4316[Estimated 12mo Units]) -> 82356 | G80: =SUM(Table4316[Monthly Units]) -> 6863

Sheet KINPTHY
A1: #VALUE!
A7: Rank by Revenue
A8: Product Name | B8: ASIN | C8: Avg Price | D8: Estimated 12mo Revenue | E8: Monthly Rev | F8: Estimated 12mo Units | G8: Monthly Units | H8: # of Reviews | I8: Tool Rating | J8: Column1 | K8: Link
A9: Endoscope Camera with Light,1920P HD Borescope Tools with 8 Adjustable LED Lights, Endoscope with Semi-Rigid Snake Camera, IP67 Waterproof Inspection Borescope for iOS and Android-16.4ft Dual-Lens | B9: B0C9JR3N4W | C9: 42.99 | D9: 2162318.4 | E9: 180193.2 | F9: 56496 | G9: 4708 | H9: 5288 | I9: 4.4 | J9: https://amazon.com/dp/B0C9JR3N4W | K9: =HYPERLINK(J9) -> https://amazon.com/dp/B0C9JR3N4W
A10: Endoscope Camera with Light,1920P HD Borescope Tools with 8 Adjustable LED Lights, Endoscope with Semi-Rigid Snake Camera, Inspection Borescope for iOS and Android-16.4ft Single Lens | B10: B0C4V5LWWL | C10: 23.99 | D10: 753020.28 | E10: 62751.69 | F10: 27276 | G10: 2273 | H10: 5278 | I10: 4.4 | J10: https://amazon.com/dp/B0C4V5LWWL | K10: =HYPERLINK(J10) -> https://amazon.com/dp/B0C4V5LWWL
A11: Endoscope Camera with Light,1920P HD Borescope Tools with 8 Adjustable LED Lights, Endoscope with Semi-Rigid Snake Camera, IP67 Waterproof Inspection Borescope for iOS and Android-32.8ft Single Lens | B11: B0BF64PP4F | C11: 40.99 | D11: 400400.76 | E11: 33366.73 | F11: 10980 | G11: 915 | H11: 5287 | I11: 4.4 | J11: https://amazon.com/dp/B0BF64PP4F | K11: =HYPERLINK(J11) -> https://amazon.com/dp/B0BF64PP4F
A12: Endoscope Camera with Light,1920P HD Borescope Tools with 8 Adjustable LED Lights, Endoscope with Semi-Rigid Snake Camera, Inspection Borescope for iOS and Android-16.4ft Single Lens(Yellow) | B12: B0FJ2CFSHR | C12: 25.99 | D12: 215625.24 | E12: 17968.77 | F12: 6204 | G12: 517 | H12: 5288 | I12: 4.4 | J12: https://amazon.com/dp/B0FJ2CFSHR | K12: =HYPERLINK(J12) -> https://amazon.com/dp/B0FJ2CFSHR
A13: Endoscope Camera with Light,1920P HD Borescope Tools with 8 Adjustable LED Lights, Endoscope with Semi-Rigid Snake Camera, Inspection Borescope for iOS and Android-16.4ft Single Lens(Blue) | B13: B0FJ29BJZ7 | C13: 25.99 | D13: 214551.24 | E13: 17879.27 | F13: 6180 | G13: 515 | H13: 5288 | I13: 4.4 | J13: https://amazon.com/dp/B0FJ29BJZ7 | K13: =HYPERLINK(J13) -> https://amazon.com/dp/B0FJ29BJZ7
A14: Endoscope 4-Piece Accessories Hook Magnet Side View Mirror Set, 8-Piece Accessories, Suitable for Kinpthy W400 W400-B Series | B14: B0DBDJ3FK2 | C14: 9.99 | D14: 5634.36 | E14: 469.53 | F14: 564 | G14: 47 | H14: 17 | I14: 4.4 | J14: https://amazon.com/dp/B0DBDJ3FK2 | K14: =HYPERLINK(J14) -> https://amazon.com/dp/B0DBDJ3FK2
A15: Total | D15: =SUM(D9:D14) -> 3751550.3 | E15: =SUM(E9:E14) -> 312629.19
A18: Rank by Units
A19: Product Name | B19: ASIN | C19: Avg Price | D19: Estimated 12mo Revenue | E19: Monthly Rev | F19: Estimated 12mo Units | G19: Monthly Units | H19: # of Reviews | I19: Tool Rating | J19: Column1 | K19: Link
A20: Endoscope Camera with Light,1920P HD Borescope Tools with 8 Adjustable LED Lights, Endoscope with Semi-Rigid Snake Camera, IP67 Waterproof Inspection Borescope for iOS and Android-16.4ft Dual-Lens | B20: B0C9JR3N4W | C20: 42.99 | D20: 2162318.4 | E20: 180193.2 | F20: 56496 | G20: 4708 | H20: 5288 | I20: 4.4 | J20: https://amazon.com/dp/B0C9JR3N4W | K20: =HYPERLINK(J20) -> https://amazon.com/dp/B0C9JR3N4W
A21: Endoscope Camera with Light,1920P HD Borescope Tools with 8 Adjustable LED Lights, Endoscope with Semi-Rigid Snake Camera, Inspection Borescope for iOS and Android-16.4ft Single Lens | B21: B0C4V5LWWL | C21: 23.99 | D21: 753020.28 | E21: 62751.69 | F21: 27276 | G21: 2273 | H21: 5278 | I21: 4.4 | J21: https://amazon.com/dp/B0C4V5LWWL | K21: =HYPERLINK(J21) -> https://amazon.com/dp/B0C4V5LWWL
A22: Endoscope Camera with Light,1920P HD Borescope Tools with 8 Adjustable LED Lights, Endoscope with Semi-Rigid Snake Camera, IP67 Waterproof Inspection Borescope for iOS and Android-32.8ft Single Lens | B22: B0BF64PP4F | C22: 40.99 | D22: 400400.76 | E22: 33366.73 | F22: 10980 | G22: 915 | H22: 5287 | I22: 4.4 | J22: https://amazon.com/dp/B0BF64PP4F | K22: =HYPERLINK(J22) -> https://amazon.com/dp/B0BF64PP4F
A23: Endoscope Camera with Light,1920P HD Borescope Tools with 8 Adjustable LED Lights, Endoscope with Semi-Rigid Snake Camera, Inspection Borescope for iOS and Android-16.4ft Single Lens(Yellow) | B23: B0FJ2CFSHR | C23: 25.99 | D23: 215625.24 | E23: 17968.77 | F23: 6204 | G23: 517 | H23: 5288 | I23: 4.4 | J23: https://amazon.com/dp/B0FJ2CFSHR | K23: =HYPERLINK(J23) -> https://amazon.com/dp/B0FJ2CFSHR
A24: Endoscope Camera with Light,1920P HD Borescope Tools with 8 Adjustable LED Lights, Endoscope with Semi-Rigid Snake Camera, Inspection Borescope for iOS and Android-16.4ft Single Lens(Blue) | B24: B0FJ29BJZ7 | C24: 25.99 | D24: 214551.24 | E24: 17879.27 | F24: 6180 | G24: 515 | H24: 5288 | I24: 4.4 | J24: https://amazon.com/dp/B0FJ29BJZ7 | K24: =HYPERLINK(J24) -> https://amazon.com/dp/B0FJ29BJZ7
A25: Endoscope 4-Piece Accessories Hook Magnet Side View Mirror Set, 8-Piece Accessories, Suitable for Kinpthy W400 W400-B Series | B25: B0DBDJ3FK2 | C25: 9.99 | D25: 5634.36 | E25: 469.53 | F25: 564 | G25: 47 | H25: 17 | I25: 4.4 | J25: https://amazon.com/dp/B0DBDJ3FK2 | K25: =HYPERLINK(J25) -> https://amazon.com/dp/B0DBDJ3FK2
A26: Total | F26: =SUM(Table431618[Estimated 12mo Units]) -> 107700 | G26: =SUM(Table431618[Monthly Units]) -> 8975

Sheet Acoath
A1: #VALUE!
A7: Rank by Revenue
A8: Product Name | B8: ASIN | C8: Avg Price | D8: Estimated 12mo Revenue | E8: Monthly Rev | F8: Estimated 12mo Units | G8: Monthly Units | H8: # of Reviews | I8: Tool Rating | J8: Column1 | K8: Link
A9: Acoath Endoscope Camera with Light, Dual-Lens 1920P HD Borescope with 8 Adjustable LED Lights, IP67 Waterproof Boroscope Inspection Tools, 16.4ft Semi-Rigid Snake Camera for iOS & Android | B9: B0DGFBCH38 | C9: 35.99 | D9: 683881.08 | E9: 56990.09 | F9: 24576 | G9: 2048 | H9: 1132 | I9: 4.4 | J9: https://amazon.com/dp/B0DGFBCH38 | K9: =HYPERLINK(J9) -> https://amazon.com/dp/B0DGFBCH38
A10: Acoath Endoscope Camera with Light, Dual-Lens 1920P HD Borescope with 8 Adjustable LED Lights, IP67 Waterproof Boroscope Inspection Tools, 33ft Semi-Rigid Snake Camera for iOS & Android | B10: B0DGFC3D9H | C10: 39.99 | D10: 231586.8 | E10: 19298.9 | F10: 6972 | G10: 581 | H10: 1132 | I10: 4.4 | J10: https://amazon.com/dp/B0DGFC3D9H | K10: =HYPERLINK(J10) -> https://amazon.com/dp/B0DGFC3D9H
A11: Acoath Endoscope Camera with Light, Dual-Lens 1920P HD Borescope with 8 Adjustable LED Lights, IP67 Waterproof Boroscope Inspection Tools, 9.8ft Semi-Rigid Snake Camera for iOS & Android | B11: B0DGFBJYG2 | C11: 29.99 | D11: 199034.4 | E11: 16586.2 | F11: 7752 | G11: 646 | H11: 1119 | I11: 4.4 | J11: https://amazon.com/dp/B0DGFBJYG2 | K11: =HYPERLINK(J11) -> https://amazon.com/dp/B0DGFBJYG2
A12: Acoath Borescope Endoscope Camera with Light, Dual-Lens 1080P HD Industrial Inspection Camera with 8 LED Lights, 16.5Ft Semi-Rigid Snake Cable, 5" IPS Screen, 32GB Card, IP67 Waterproof Sewer Tools | B12: B0DRSCP6DN | C12: 59.99 | D12: 70812.72 | E12: 5901.06 | F12: 1236 | G12: 103 | H12: 230 | I12: 4.6 | J12: https://amazon.com/dp/B0DRSCP6DN | K12: =HYPERLINK(J12) -> https://amazon.com/dp/B0DRSCP6DN
A13: Acoath Borescope Endoscope Camera with Light, Dual-Lens 1080P HD Industrial Inspection Camera with 8 LED Lights, 33Ft Semi-Rigid Snake Cable, 5" IPS Screen, 32GB Card, IP67 Waterproof Sewer Tools | B13: B0DRSBKCW3 | C13: 63.99 | D13: 46052.52 | E13: 3837.71 | F13: 756 | G13: 63 | H13: 230 | I13: 4.6 | J13: https://amazon.com/dp/B0DRSBKCW3 | K13: =HYPERLINK(J13) -> https://amazon.com/dp/B0DRSBKCW3
A14: Acoath Borescope Endoscope Camera with Light, Dual-Lens 1080P HD Industrial Inspection Camera with 8 LED Lights, 9.8Ft Semi-Rigid Snake Cable, 5"IPS Screen, 32GB Card, IP67 Waterproof Sewer Tools | B14: B0DRSF5Q5Z | C14: 49.99 | D14: 24224.52 | E14: 2018.71 | F14: 468 | G14: 39 | H14: 230 | I14: 4.6 | J14: https://amazon.com/dp/B0DRSF5Q5Z | K14: =HYPERLINK(J14) -> https://amazon.com/dp/B0DRSF5Q5Z
A15: Total | D15: =SUM(D9:D14) -> 1255592 | E15: =SUM(E9:E14) -> 104632.67
A18: Rank by Units
A19: Product Name | B19: ASIN | C19: Avg Price | D19: Estimated 12mo Revenue | E19: Monthly Rev | F19: Estimated 12mo Units | G19: Monthly Units | H19: # of Reviews | I19: Tool Rating | J19: Column1 | K19: Link
A20: Acoath Endoscope Camera with Light, Dual-Lens 1920P HD Borescope with 8 Adjustable LED Lights, IP67 Waterproof Boroscope Inspection Tools, 16.4ft Semi-Rigid Snake Camera for iOS & Android | B20: B0DGFBCH38 | C20: 35.99 | D20: 683881.08 | E20: 56990.09 | F20: 24576 | G20: 2048 | H20: 1132 | I20: 4.4 | J20: https://amazon.com/dp/B0DGFBCH38 | K20: =HYPERLINK(J20) -> https://amazon.com/dp/B0DGFBCH38
A21: Acoath Endoscope Camera with Light, Dual-Lens 1920P HD Borescope with 8 Adjustable LED Lights, IP67 Waterproof Boroscope Inspection Tools, 16.4ft Semi-Rigid Snake Camera for iOS & Android | B21: B0DGFBCH38 | C21: 35.99 | D21: 683881.08 | E21: 56990.09 | F21: 24576 | G21: 2048 | H21: 1132 | I21: 4.4 | J21: https://amazon.com/dp/B0DGFBCH38 | K21: =HYPERLINK(J21) -> https://amazon.com/dp/B0DGFBCH38
A22: Acoath Endoscope Camera with Light, Dual-Lens 1920P HD Borescope with 8 Adjustable LED Lights, IP67 Waterproof Boroscope Inspection Tools, 9.8ft Semi-Rigid Snake Camera for iOS & Android | B22: B0DGFBJYG2 | C22: 29.99 | D22: 199034.4 | E22: 16586.2 | F22: 7752 | G22: 646 | H22: 1119 | I22: 4.4 | J22: https://amazon.com/dp/B0DGFBJYG2 | K22: =HYPERLINK(J22) -> https://amazon.com/dp/B0DGFBJYG2
A23: Acoath Endoscope Camera with Light, Dual-Lens 1920P HD Borescope with 8 Adjustable LED Lights, IP67 Waterproof Boroscope Inspection Tools, 33ft Semi-Rigid Snake Camera for iOS & Android | B23: B0DGFC3D9H | C23: 39.99 | D23: 231586.8 | E23: 19298.9 | F23: 6972 | G23: 581 | H23: 1132 | I23: 4.4 | J23: https://amazon.com/dp/B0DGFC3D9H | K23: =HYPERLINK(J23) -> https://amazon.com/dp/B0DGFC3D9H
A24: Acoath Borescope Endoscope Camera with Light, Dual-Lens 1080P HD Industrial Inspection Camera with 8 LED Lights, 16.5Ft Semi-Rigid Snake Cable, 5" IPS Screen, 32GB Card, IP67 Waterproof Sewer Tools | B24: B0DRSCP6DN | C24: 59.99 | D24: 70812.72 | E24: 5901.06 | F24: 1236 | G24: 103 | H24: 230 | I24: 4.6 | J24: https://amazon.com/dp/B0DRSCP6DN | K24: =HYPERLINK(J24) -> https://amazon.com/dp/B0DRSCP6DN
A25: Acoath Borescope Endoscope Camera with Light, Dual-Lens 1080P HD Industrial Inspection Camera with 8 LED Lights, 33Ft Semi-Rigid Snake Cable, 5" IPS Screen, 32GB Card, IP67 Waterproof Sewer Tools | B25: B0DRSBKCW3 | C25: 63.99 | D25: 46052.52 | E25: 3837.71 | F25: 756 | G25: 63 | H25: 230 | I25: 4.6 | J25: https://amazon.com/dp/B0DRSBKCW3 | K25: =HYPERLINK(J25) -> https://amazon.com/dp/B0DRSBKCW3
A26: Acoath Borescope Endoscope Camera with Light, Dual-Lens 1080P HD Industrial Inspection Camera with 8 LED Lights, 9.8Ft Semi-Rigid Snake Cable, 5"IPS Screen, 32GB Card, IP67 Waterproof Sewer Tools | B26: B0DRSF5Q5Z | C26: 49.99 | D26: 24224.52 | E26: 2018.71 | F26: 468 | G26: 39 | H26: 230 | I26: 4.6 | J26: https://amazon.com/dp/B0DRSF5Q5Z | K26: =HYPERLINK(J26) -> https://amazon.com/dp/B0DRSF5Q5Z
A27: Total | F27: =SUM(Acoath!F20:F26) -> 66336 | G27: =SUM(Acoath!G20:G26) -> 5528

Sheet DAXIONGMAO
A1: #VALUE!
A7: Rank by Revenue
A8: Product Name | B8: ASIN | C8: Avg Price | D8: Estimated 12mo Revenue | E8: Monthly Rev | F8: Estimated 12mo Units | G8: Monthly Units | H8: # of Reviews | I8: Tool Rating | J8: Column1 | K8: Link
A9: Endoscope Camera with Light, 1080P HD Borescope with 8 Adjustable Lights, 4.3" Endoscope with 16.4ft Semi-Rigid Snake Camera, IP67 Waterproof Borescopese for Sewer, Cool Gadgets & Tools for Men | B9: B0BXSMSS7M | C9: 39.99 | D9: 870551.28 | E9: 72545.94 | F9: 25284 | G9: 2107 | H9: 1810 | I9: 4.4 | J9: https://amazon.com/dp/B0BXSMSS7M | K9: =HYPERLINK(J9) -> https://amazon.com/dp/B0BXSMSS7M
A10: Endoscope Camera with Light, Borescope Camera with 4.3" IPS Screen, 1920P HD with 8 LED Lights, 16.4FT Semi-Rigid Cord Bore Scope, Gadgets for Men & Tools for Men | B10: B0C3R381FC | C10: 32.98 | D10: 684844.2 | E10: 57070.35 | F10: 19140 | G10: 1595 | H10: 3741 | I10: 4.4 | J10: https://amazon.com/dp/B0C3R381FC | K10: =HYPERLINK(J10) -> https://amazon.com/dp/B0C3R381FC
A11: Endoscope Camera with Light, 1080P HD Borescope with 8 Adjustable Lights, 4.3" Endoscope with Semi-Rigid Snake Camera, IP67 Waterproof Borescopese for Sewer, Cool Gadgets & Tools for Men | B11: B0FCRFV5TX | C11: 33.99 | D11: 117014.16 | E11: 9751.18 | F11: 3888 | G11: 324 | H11: 99 | I11: 4.3 | J11: https://amazon.com/dp/B0FCRFV5TX | K11: =HYPERLINK(J11) -> https://amazon.com/dp/B0FCRFV5TX
A12: Endoscope Camera with Light, 1080P HD Borescope with 8 Adjustable Lights, 4.3" Endoscope with 33 ft Semi-Rigid Snake Camera, IP67 Waterproof Borescopese for Sewer, Cool Gadgets & Tools for Men | B12: B0CJC65Q9P | C12: 59.99 | D12: 81307.8 | E12: 6775.65 | F12: 1356 | G12: 113 | H12: 1810 | I12: 4.4 | J12: https://amazon.com/dp/B0CJC65Q9P | K12: =HYPERLINK(J12) -> https://amazon.com/dp/B0CJC65Q9P
A13: Endoscope Camera with Light, Borescope Camera with 4.3" IPS Screen, 1920P HD with 8 LED Lights, 50 FT Semi-Rigid Cord Bore Scope, IP67 Waterproof Endoscope for Sewer, Tools for Men | B13: B0BYHMRHG1 | C13: 49.99 | D13: 79086.72 | E13: 6590.56 | F13: 1584 | G13: 132 | H13: 3721 | I13: 4.4 | J13: https://amazon.com/dp/B0BYHMRHG1 | K13: =HYPERLINK(J13) -> https://amazon.com/dp/B0BYHMRHG1
A14: Borescope Camera with Lights, Industrial Endoscope Inspection Camera with Articulated Probe, Flexible Mechanic Fiber Optic Snake Scope Cam for Wall Automotive Engine Inspect-5.0 FT | B14: B0CW67ZYP1 | C14: 109.97 | D14: 53887.68 | E14: 4490.64 | F14: 576 | G14: 48 | H14: 83 | I14: 4.4 | J14: https://amazon.com/dp/B0CW67ZYP1 | K14: =HYPERLINK(J14) -> https://amazon.com/dp/B0CW67ZYP1
A15: Endoscope Camera with Light, 5-inch Dual Lens 1920P HD Borescope, 7.9mm Camera with 9 LEDs, 16.5ft Semi-Rigid Cable, IP67 Waterproof - for Sewer/Drain Pipe, Automotive Inspection, Tools & Cool Gadgets | B15: B0CJC8KTBM | C15: 49.99 | D15: 28373.76 | E15: 2364.48 | F15: 516 | G15: 43 | H15: 80 | I15: 4.5 | J15: https://amazon.com/dp/B0CJC8KTBM | K15: =HYPERLINK(J15) -> https://amazon.com/dp/B0CJC8KTBM
A16: Endoscope Camera with Light, 5" IPS Screen Borescope,1920P HD Inspection Camera with Lights, IP67 Waterproof Flexible Cable for Automotive/Home/Wall/Pipe/Car (16.5FT) | B16: B0C2P62QN5 | C16: 77.99 | D16: 2793 | E16: 232.75 | F16: 36 | G16: 3 | H16: 31 | I16: 4.5 | J16: https://amazon.com/dp/B0C2P62QN5 | K16: =HYPERLINK(J16) -> https://amazon.com/dp/B0C2P62QN5
A17: Total | D17: =SUM(D9:D16) -> 1917858.6 | E17: =SUM(E9:E16) -> 159821.55
A20: Rank by Units
A21: Product Name | B21: ASIN | C21: Avg Price | D21: Estimated 12mo Revenue | E21: Monthly Rev | F21: Estimated 12mo Units | G21: Monthly Units | H21: # of Reviews | I21: Tool Rating | J21: Column1 | K21: Link
A22: Endoscope Camera with Light, 1080P HD Borescope with 8 Adjustable Lights, 4.3" Endoscope with 16.4ft Semi-Rigid Snake Camera, IP67 Waterproof Borescopese for Sewer, Cool Gadgets & Tools for Men | B22: B0BXSMSS7M | C22: 39.99 | D22: 870551.28 | E22: 72545.94 | F22: 25284 | G22: 2107 | H22: 1810 | I22: 4.4 | J22: https://amazon.com/dp/B0BXSMSS7M | K22: =HYPERLINK(J22) -> https://amazon.com/dp/B0BXSMSS7M
A23: Endoscope Camera with Light, Borescope Camera with 4.3" IPS Screen, 1920P HD with 8 LED Lights, 16.4FT Semi-Rigid Cord Bore Scope, Gadgets for Men & Tools for Men | B23: B0C3R381FC | C23: 32.98 | D23: 684844.2 | E23: 57070.35 | F23: 19140 | G23: 1595 | H23: 3741 | I23: 4.4 | J23: https://amazon.com/dp/B0C3R381FC | K23: =HYPERLINK(J23) -> https://amazon.com/dp/B0C3R381FC
A24: Endoscope Camera with Light, 1080P HD Borescope with 8 Adjustable Lights, 4.3" Endoscope with Semi-Rigid Snake Camera, IP67 Waterproof Borescopese for Sewer, Cool Gadgets & Tools for Men | B24: B0FCRFV5TX | C24: 33.99 | D24: 117014.16 | E24: 9751.18 | F24: 3888 | G24: 324 | H24: 99 | I24: 4.3 | J24: https://amazon.com/dp/B0FCRFV5TX | K24: =HYPERLINK(J24) -> https://amazon.com/dp/B0FCRFV5TX
A25: Endoscope Camera with Light, Borescope Camera with 4.3" IPS Screen, 1920P HD with 8 LED Lights, 50 FT Semi-Rigid Cord Bore Scope, IP67 Waterproof Endoscope for Sewer, Tools for Men | B25: B0BYHMRHG1 | C25: 49.99 | D25: 79086.72 | E25: 6590.56 | F25: 1584 | G25: 132 | H25: 3721 | I25: 4.4 | J25: https://amazon.com/dp/B0BYHMRHG1 | K25: =HYPERLINK(J25) -> https://amazon.com/dp/B0BYHMRHG1
A26: Endoscope Camera with Light, 1080P HD Borescope with 8 Adjustable Lights, 4.3" Endoscope with 33 ft Semi-Rigid Snake Camera, IP67 Waterproof Borescopese for Sewer, Cool Gadgets & Tools for Men | B26: B0CJC65Q9P | C26: 59.99 | D26: 81307.8 | E26: 6775.65 | F26: 1356 | G26: 113 | H26: 1810 | I26: 4.4 | J26: https://amazon.com/dp/B0CJC65Q9P | K26: =HYPERLINK(J26) -> https://amazon.com/dp/B0CJC65Q9P
A27: Borescope Camera with Lights, Industrial Endoscope Inspection Camera with Articulated Probe, Flexible Mechanic Fiber Optic Snake Scope Cam for Wall Automotive Engine Inspect-5.0 FT | B27: B0CW67ZYP1 | C27: 109.97 | D27: 53887.68 | E27: 4490.64 | F27: 576 | G27: 48 | H27: 83 | I27: 4.4 | J27: https://amazon.com/dp/B0CW67ZYP1 | K27: =HYPERLINK(J27) -> https://amazon.com/dp/B0CW67ZYP1
A28: Endoscope Camera with Light, 5-inch Dual Lens 1920P HD Borescope, 7.9mm Camera with 9 LEDs, 16.5ft Semi-Rigid Cable, IP67 Waterproof - for Sewer/Drain Pipe, Automotive Inspection, Tools & Cool Gadgets | B28: B0CJC8KTBM | C28: 49.99 | D28: 28373.76 | E28: 2364.48 | F28: 516 | G28: 43 | H28: 80 | I28: 4.5 | J28: https://amazon.com/dp/B0CJC8KTBM | K28: =HYPERLINK(J28) -> https://amazon.com/dp/B0CJC8KTBM
A29: Endoscope Camera with Light, 5" IPS Screen Borescope,1920P HD Inspection Camera with Lights, IP67 Waterproof Flexible Cable for Automotive/Home/Wall/Pipe/Car (16.5FT) | B29: B0C2P62QN5 | C29: 77.99 | D29: 2793 | E29: 232.75 | F29: 36 | G29: 3 | H29: 31 | I29: 4.5 | J29: https://amazon.com/dp/B0C2P62QN5 | K29: =HYPERLINK(J29) -> https://amazon.com/dp/B0C2P62QN5
A30: Total | F30: =SUM(Table43[Estimated 12mo Units]) -> 52380 | G30: =SUM(Table43[Monthly Units]) -> 4365

Sheet DZXtoz
A1: #VALUE!
A7: Rank by Revenue
A8: Product Name | B8: ASIN | C8: Avg Price | D8: Estimated 12mo Revenue | E8: Monthly Rev | F8: Estimated 12mo Units | G8: Monthly Units | H8: # of Reviews | I8: Tool Rating | J8: Column1 | K8: Link
A9: DXZtoz Two-Way Articulating Borescope, Industrial Endoscope with 0.33in Articulated Snake Camera, Video Inspection Scope with Light for Automotive Aircraft Mechanics- 5.5FT | B9: B0B28HRSBP | C9: 139.39 | D9: 3611783.3 | E9: 300981.94 | F9: 26520 | G9: 2210 | H9: 1468 | I9: 4.6 | J9: https://amazon.com/dp/B0B28HRSBP | K9: =HYPERLINK(J9) -> https://amazon.com/dp/B0B28HRSBP
A10: DXZtoz Dual-Lens Articulating Borescope, Engine Endoscope with 0.33in Two-Way Articulated Snake Camera, 5'' Dual Screen, 1080P Inspection Camera with Light for Automotive Home Mechanics-5FT | B10: B0C3B32Q9Z | C10: 159.99 | D10: 1535689.9 | E10: 127974.16 | F10: 10920 | G10: 910 | H10: 428 | I10: 4.5 | J10: https://amazon.com/dp/B0C3B32Q9Z | K10: =HYPERLINK(J10) -> https://amazon.com/dp/B0C3B32Q9Z
A11: DXZtoz 10FT Articulating Borescope, Inspection Camera with 0.33in Two-Way Steering Snake Camera, Waterproof 1080P Endoscope with Light for Mechanics Electriction Wall Pipe Inspection | B11: B0B71PT47Q | C11: 172.89 | D11: 462133.08 | E11: 38511.09 | F11: 2544 | G11: 212 | H11: 180 | I11: 4.3 | J11: https://amazon.com/dp/B0B71PT47Q | K11: =HYPERLINK(J11) -> https://amazon.com/dp/B0B71PT47Q
A12: DXZtoz Dual-Lens Articulating Borescope, 6.5mm Slim Probe, Two-Way 210°Rotate Industrial Endoscope, 5'' Dual Screen Inspection Camera with Light for Aircraft Automotive Mechanic Electrician-5FT | B12: B0DNFL72B5 | C12: 159.99 | D12: 212159.76 | E12: 17679.98 | F12: 1332 | G12: 111 | H12: 23 | I12: 4.7 | J12: https://amazon.com/dp/B0DNFL72B5 | K12: =HYPERLINK(J12) -> https://amazon.com/dp/B0DNFL72B5
A13: DXZtoz 3.9mm Articulating Borescope, Professional Industrial Endoscope Inspection Camera with Super Thin Articulated Camera, Flexible Fiber Optic Scope with Light, Cool Gadgets for Men- 3.3FT | B13: B0CJ8TBWG8 | C13: 200.19 | D13: 154804.32 | E13: 12900.36 | F13: 744 | G13: 62 | H13: 75 | I13: 4 | J13: https://amazon.com/dp/B0CJ8TBWG8 | K13: =HYPERLINK(J13) -> https://amazon.com/dp/B0CJ8TBWG8
A14: Total | D14: =SUM(D9:D13) -> 5976570.4 | E14: =SUM(E9:E13) -> 498047.53
A17: Rank by Units
A18: Product Name | B18: ASIN | C18: Avg Price | D18: Estimated 12mo Revenue | E18: Monthly Rev | F18: Estimated 12mo Units | G18: Monthly Units | H18: # of Reviews | I18: Tool Rating | J18: Column1 | K18: Link
A19: DXZtoz Two-Way Articulating Borescope, Industrial Endoscope with 0.33in Articulated Snake Camera, Video Inspection Scope with Light for Automotive Aircraft Mechanics- 5.5FT | B19: B0B28HRSBP | C19: 139.39 | D19: 3611783.3 | E19: 300981.94 | F19: 26520 | G19: 2210 | H19: 1468 | I19: 4.6 | J19: https://amazon.com/dp/B0B28HRSBP | K19: =HYPERLINK(J19) -> https://amazon.com/dp/B0B28HRSBP
A20: DXZtoz Dual-Lens Articulating Borescope, Engine Endoscope with 0.33in Two-Way Articulated Snake Camera, 5'' Dual Screen, 1080P Inspection Camera with Light for Automotive Home Mechanics-5FT | B20: B0C3B32Q9Z | C20: 159.99 | D20: 1535689.9 | E20: 127974.16 | F20: 10920 | G20: 910 | H20: 428 | I20: 4.5 | J20: https://amazon.com/dp/B0C3B32Q9Z | K20: =HYPERLINK(J20) -> https://amazon.com/dp/B0C3B32Q9Z
A21: DXZtoz 10FT Articulating Borescope, Inspection Camera with 0.33in Two-Way Steering Snake Camera, Waterproof 1080P Endoscope with Light for Mechanics Electriction Wall Pipe Inspection | B21: B0B71PT47Q | C21: 172.89 | D21: 462133.08 | E21: 38511.09 | F21: 2544 | G21: 212 | H21: 180 | I21: 4.3 | J21: https://amazon.com/dp/B0B71PT47Q | K21: =HYPERLINK(J21) -> https://amazon.com/dp/B0B71PT47Q
A22: DXZtoz Dual-Lens Articulating Borescope, 6.5mm Slim Probe, Two-Way 210°Rotate Industrial Endoscope, 5'' Dual Screen Inspection Camera with Light for Aircraft Automotive Mechanic Electrician-5FT | B22: B0DNFL72B5 | C22: 159.99 | D22: 212159.76 | E22: 17679.98 | F22: 1332 | G22: 111 | H22: 23 | I22: 4.7 | J22: https://amazon.com/dp/B0DNFL72B5 | K22: =HYPERLINK(J22) -> https://amazon.com/dp/B0DNFL72B5
A23: DXZtoz 3.9mm Articulating Borescope, Professional Industrial Endoscope Inspection Camera with Super Thin Articulated Camera, Flexible Fiber Optic Scope with Light, Cool Gadgets for Men- 3.3FT | B23: B0CJ8TBWG8 | C23: 200.19 | D23: 154804.32 | E23: 12900.36 | F23: 744 | G23: 62 | H23: 75 | I23: 4 | J23: https://amazon.com/dp/B0CJ8TBWG8 | K23: =HYPERLINK(J23) -> https://amazon.com/dp/B0CJ8TBWG8
A24: Total | F24: =SUM(DZXtoz!F19:F23) -> 42060 | G24: =SUM(DZXtoz!G19:G23) -> 3505

Sheet RALCAM
A1: #VALUE!
A7: Rank by Revenue
A8: Product Name | B8: ASIN | C8: Avg Price | D8: Estimated 12mo Revenue | E8: Monthly Rev | F8: Estimated 12mo Units | G8: Monthly Units | H8: # of Reviews | I8: Tool Rating | J8: Column1 | K8: Link
A9: Ralcam 360° Articulating Borescope Dual Lens, 5'' Joystick 4 Ways Industrial Endoscope Camera with Light, 6.5mm Slim Probe, 5.0FT Semi-Rigid Snake Inspection Camera for Automotive Mechanics | B9: B0DSW1DKTZ | C9: 299.99 | D9: 324720.48 | E9: 27060.04 | F9: 1140 | G9: 95 | H9: 60 | I9: 4.4 | J9: https://amazon.com/dp/B0DSW1DKTZ | K9: =HYPERLINK(J9) -> https://amazon.com/dp/B0DSW1DKTZ
A10: Ralcam 360° Articulating Borescope, 6.2mm/0.24in Slim Probe, Joystick 4 Ways Endoscope Inspection Camera with Light, 3.3 FT Flexible Snake Tube for Automotive, HVAC, Mechanics | B10: B0C64RBKJL | C10: 265.98 | D10: 299489.4 | E10: 24957.45 | F10: 1032 | G10: 86 | H10: 526 | I10: 4.3 | J10: https://amazon.com/dp/B0C64RBKJL | K10: =HYPERLINK(J10) -> https://amazon.com/dp/B0C64RBKJL
A11: 4-Way 360° Articulating Borescope, Ralcam Joystick 5" Endoscope Camera with Light, 6.2mm/0.24in Slim Snake Inspection Camera with 5.0ft Semi-Rigid Cable for Engine, Pipe, HVAC Inspection | B11: B0F8BN91TL | C11: 379.99 | D11: 163491.6 | E11: 13624.3 | F11: 432 | G11: 36 | H11: 33 | I11: 4.7 | J11: https://amazon.com/dp/B0F8BN91TL | K11: =HYPERLINK(J11) -> https://amazon.com/dp/B0F8BN91TL
A12: Two-Way Articulating Borescope for Smartphone&iPhone, Ralcam 8.5mm/0.33inch Endoscope Camera with Light, HD 1080P Inspection Camera Automotive Tool | B12: B08Y5S32YV | C12: 99.99 | D12: 90868.68 | E12: 7572.39 | F12: 912 | G12: 76 | H12: 190 | I12: 4.4 | J12: https://amazon.com/dp/B08Y5S32YV | K12: =HYPERLINK(J12) -> https://amazon.com/dp/B08Y5S32YV
A13: Ralcam Two-Way Articulating Borescope, Endoscope Camera with Light 0.24in/6.2mm Articulated Inspection Camera, Semi-Rigid HD Video Snake Scope for Automotive Aircraft Mechanics | B13: B0D8SDT9HT | C13: 89.99 | D13: 79711.92 | E13: 6642.66 | F13: 948 | G13: 79 | H13: 156 | I13: 4.6 | J13: https://amazon.com/dp/B0D8SDT9HT | K13: =HYPERLINK(J13) -> https://amazon.com/dp/B0D8SDT9HT
A14: Ralcam 360° Articulating Borescope Dual Lens 5'', Joystick 4-Way Industrial Endoscope Camera with Light, 0.25in Slim Probe Flexible Inspection Camera for Automotive Mechanics | B14: B0FJLPG74M | C14: 299.99 | D14: 78428.76 | E14: 6535.73 | F14: 264 | G14: 22 | H14: 60 | I14: 4.4 | J14: https://amazon.com/dp/B0FJLPG74M | K14: =HYPERLINK(J14) -> https://amazon.com/dp/B0FJLPG74M
A15: Ralcam 360° Joystick Articulating Borescope, 6.2mm 4 Ways Automotive Endoscope Inspection Camera with 6 Adjustable LED Lights 6.6FT Semi-Rigid Snake Tube | B15: B0CZQCQFPZ | C15: 266.73 | D15: 76965.6 | E15: 6413.8 | F15: 252 | G15: 21 | H15: 526 | I15: 4.3 | J15: https://amazon.com/dp/B0CZQCQFPZ | K15: =HYPERLINK(J15) -> https://amazon.com/dp/B0CZQCQFPZ
A16: Ralcam Two-Way Articulating Borescope, 5.5mm/0.22in Slim Probe, 5" Industrial Endoscope Camera with Light, 8X Zoom 5FT Flexible Snake Inspection Scope for Engine, Automotive, HVAC | B16: B0FHGMHLJR | C16: 139.99 | D16: 71945.52 | E16: 5995.46 | F16: 492 | G16: 41 | H16: 75 | I16: 4.4 | J16: https://amazon.com/dp/B0FHGMHLJR | K16: =HYPERLINK(J16) -> https://amazon.com/dp/B0FHGMHLJR
A17: Ralcam Dual Lens Articulating Borescope, 6.5mm Slim Probe, 5" Endoscope Camera with Light, 5FT Semi-Rigid Cable, Two-Way Articulated Inspection Camera for Automotive Wall Pipe | B17: B0DSVY5LQD | C17: 139.99 | D17: 62609.16 | E17: 5217.43 | F17: 444 | G17: 37 | H17: 91 | I17: 4.7 | J17: https://amazon.com/dp/B0DSVY5LQD | K17: =HYPERLINK(J17) -> https://amazon.com/dp/B0DSVY5LQD
A18: Ralcam Articulating Borescope, Industrial Endoscope Inspection Camera for Android and iOS Smartphone, 8.5mm HD 1080P with 10FT Semi Rigid Cable | B18: B0DT95GVP1 | C18: 129.99 | D18: 62571.24 | E18: 5214.27 | F18: 480 | G18: 40 | H18: 189 | I18: 4.4 | J18: https://amazon.com/dp/B0DT95GVP1 | K18: =HYPERLINK(J18) -> https://amazon.com/dp/B0DT95GVP1
A19: Ralcam 3.9mm Two-Way Articulating Borescope, 5 Inch HD Industrial Endoscope Inspection Camera with Light, Stainless Steel Flexible Fiber Optic Scope Camera 0.15in Automotive Mechanics Tool | B19: B0FJLL4LY1 | C19: 329.99 | D19: 60835.92 | E19: 5069.66 | F19: 180 | G19: 15 | H19: 20 | I19: 4.8 | J19: https://amazon.com/dp/B0FJLL4LY1 | K19: =HYPERLINK(J19) -> https://amazon.com/dp/B0FJLL4LY1
A20: Ralcam Two-Way Articulating Borescope, 0.33in Industrial Inspection Endoscope Camera with Light, 4.3inch HD Waterproof Flexible Articulated Snake Scope Probe for Mechanic Automotive Engine Wall | B20: B0FPX7QDCS | C20: 89.99 | D20: 55931.52 | E20: 4660.96 | F20: 576 | G20: 48 | H20: 91 | I20: 4.7 | J20: https://amazon.com/dp/B0FPX7QDCS | K20: =HYPERLINK(J20) -> https://amazon.com/dp/B0FPX7QDCS
... A25: Ralcam Dual Lens Articulating Borescope 5", 6.5mm Slim Probe, Two-Way Articulated Endoscope Inspection Camera with 5FT Flexible Snake Cable for Engine Automotive HVAC Wall Pipe | B25: B0FJLQJ18V | C25: 139.99 | D25: 43716.84 | E25: 3643.07 | F25: 312 | G25: 26 | H25: 91 | I25: 4.7 | J25: https://amazon.com/dp/B0FJLQJ18V | K25: =HYPERLINK(J25) -> https://amazon.com/dp/B0FJLQJ18V
A26: Ralcam 360° Articulating Borescope 0.24in, 4-Way Endoscope Camera with Light, 6 LEDs Waterproof Inspection Camera 6.6FT Semi-Rigid Cable for Engine, Pipe & HVAC Inspection | B26: B0FJFD212D | C26: 249.99 | D26: 25198.08 | E26: 2099.84 | F26: 84 | G26: 7 | J26: https://amazon.com/dp/B0FJFD212D | K26: =HYPERLINK(J26) -> https://amazon.com/dp/B0FJFD212D
A27: Ralcam Two-Way Articulating Borescope, 0.24in/6.2mm Inspection Endoscope Camera with Light HD 6.6FT Semi-Rigid Cable Video Snake Camera Scope for Automotive Aircraft Mechanics | B27: B0DXFBLWLJ | C27: 99.99 | D27: 22900.68 | E27: 1908.39 | F27: 240 | G27: 20 | H27: 156 | I27: 4.6 | J27: https://amazon.com/dp/B0DXFBLWLJ | K27: =HYPERLINK(J27) -> https://amazon.com/dp/B0DXFBLWLJ
A28: Ralcam Two-Way Articulating Borescope with 10FT Semi-Rigid Cable, 0.33in/8.5mm Inspection Endoscope Camera with Light HD Video Snake Camera Scope for Automotive Aircraft Mechanics | B28: B0FHCQYXRP | C28: 119.99 | D28: 14951.64 | E28: 1245.97 | F28: 120 | G28: 10 | H28: 156 | I28: 4.6 | J28: https://amazon.com/dp/B0FHCQYXRP | K28: =HYPERLINK(J28) -> https://amazon.com/dp/B0FHCQYXRP
A29: Ralcam Articulating Borescope Endoscope Camera with Light, 210° Dual-Direction Snake Camera for Automotive Inspection, 6.2mm Probe, 4.3" HD Screen, 6 Adjustable LEDs, IP67 Waterproof Semi-Rigid Cable | B29: B0FX4FQC6Y | C29: 98.99 | F29: 0 | G29: 0 | H29: 63 | I29: 4.5 | J29: https://amazon.com/dp/B0FX4FQC6Y | K29: =HYPERLINK(J29) -> https://amazon.com/dp/B0FX4FQC6Y
A30: Total | D30: =SUM(D9:D29) -> 1735260.8 | E30: =SUM(E9:E29) -> 144605.07
A33: Rank by Units
A34: Product Name | B34: ASIN | C34: Avg Price | D34: Estimated 12mo Revenue | E34: Monthly Rev | F34: Estimated 12mo Units | G34: Monthly Units | H34: # of Reviews | I34: Tool Rating | J34: Column1 | K34: Link
A35: Ralcam 360° Articulating Borescope Dual Lens, 5'' Joystick 4 Ways Industrial Endoscope Camera with Light, 6.5mm Slim Probe, 5.0FT Semi-Rigid Snake Inspection Camera for Automotive Mechanics | B35: B0DSW1DKTZ | C35: 299.99 | D35: 324720.48 | E35: 27060.04 | F35: 1140 | G35: 95 | H35: 60 | I35: 4.4 | J35: https://amazon.com/dp/B0DSW1DKTZ | K35: =HYPERLINK(J35) -> https://amazon.com/dp/B0DSW1DKTZ
A36: Ralcam 360° Articulating Borescope, 6.2mm/0.24in Slim Probe, Joystick 4 Ways Endoscope Inspection Camera with Light, 3.3 FT Flexible Snake Tube for Automotive, HVAC, Mechanics | B36: B0C64RBKJL | C36: 265.98 | D36: 299489.4 | E36: 24957.45 | F36: 1032 | G36: 86 | H36: 526 | I36: 4.3 | J36: https://amazon.com/dp/B0C64RBKJL | K36: =HYPERLINK(J36) -> https://amazon.com/dp/B0C64RBKJL
A37: Ralcam Two-Way Articulating Borescope, Endoscope Camera with Light 0.24in/6.2mm Articulated Inspection Camera, Semi-Rigid HD Video Snake Scope for Automotive Aircraft Mechanics | B37: B0D8SDT9HT | C37: 89.99 | D37: 79711.92 | E37: 6642.66 | F37: 948 | G37: 79 | H37: 156 | I37: 4.6 | J37: https://amazon.com/dp/B0D8SDT9HT | K37: =HYPERLINK(J37) -> https://amazon.com/dp/B0D8SDT9HT
A38: Two-Way Articulating Borescope for Smartphone&iPhone, Ralcam 8.5mm/0.33inch Endoscope Camera with Light, HD 1080P Inspection Camera Automotive Tool | B38: B08Y5S32YV | C38: 99.99 | D38: 90868.68 | E38: 7572.39 | F38: 912 | G38: 76 | H38: 190 | I38: 4.4 | J38: https://amazon.com/dp/B08Y5S32YV | K38: =HYPERLINK(J38) -> https://amazon.com/dp/B08Y5S32YV
A39: Ralcam Two-Way 210° Articulating Borescope, 6.2mm Slim Probe USB-C Flexible Endoscope Inspection Camera Compatible with iPhone & Android for Engine, Pipe & HVAC Inspection | B39: B0FN38759M | C39: 79.99 | D39: 50456.28 | E39: 4204.69 | F39: 636 | G39: 53 | H39: 41 | I39: 4.4 | J39: https://amazon.com/dp/B0FN38759M | K39: =HYPERLINK(J39) -> https://amazon.com/dp/B0FN38759M
A40: Ralcam Two-Way Articulating Borescope, 0.33in Industrial Inspection Endoscope Camera with Light, 4.3inch HD Waterproof Flexible Articulated Snake Scope Probe for Mechanic Automotive Engine Wall | B40: B0FPX7QDCS | C40: 89.99 | D40: 55931.52 | E40: 4660.96 | F40: 576 | G40: 48 | H40: 91 | I40: 4.7 | J40: https://amazon.com/dp/B0FPX7QDCS | K40: =HYPERLINK(J40) -> https://amazon.com/dp/B0FPX7QDCS
A41: Ralcam Two-Way Articulating Borescope, 5.5mm/0.22in Slim Probe, 5" Industrial Endoscope Camera with Light, 8X Zoom 5FT Flexible Snake Inspection Scope for Engine, Automotive, HVAC | B41: B0FHGMHLJR | C41: 139.99 | D41: 71945.52 | E41: 5995.46 | F41: 492 | G41: 41 | H41: 75 | I41: 4.4 | J41: https://amazon.com/dp/B0FHGMHLJR | K41: =HYPERLINK(J41) -> https://amazon.com/dp/B0FHGMHLJR
A42: Ralcam Articulating Borescope, Industrial Endoscope Inspection Camera for Android and iOS Smartphone, 8.5mm HD 1080P with 10FT Semi Rigid Cable | B42: B0DT95GVP1 | C42: 129.99 | D42: 62571.24 | E42: 5214.27 | F42: 480 | G42: 40 | H42: 189 | I42: 4.4 | J42: https://amazon.com/dp/B0DT95GVP1 | K42: =HYPERLINK(J42) -> https://amazon.com/dp/B0DT95GVP1
A43: Two-Way Articulating Borescope for iPhone & Smartphone, Ralcam 5.5mm/0.21in Endoscope Camera with Light, HD Inspection Snake Camera with Battery for Engine, Pipe, HVAC Inspection | B43: B0F5W6HJF8 | C43: 109.99 | D43: 48282.24 | E43: 4023.52 | F43: 444 | G43: 37 | H43: 189 | I43: 4.4 | J43: https://amazon.com/dp/B0F5W6HJF8 | K43: =HYPERLINK(J43) -> https://amazon.com/dp/B0F5W6HJF8
A44: Ralcam Dual Lens Articulating Borescope, 6.5mm Slim Probe, 5" Endoscope Camera with Light, 5FT Semi-Rigid Cable, Two-Way Articulated Inspection Camera for Automotive Wall Pipe | B44: B0DSVY5LQD | C44: 139.99 | D44: 62609.16 | E44: 5217.43 | F44: 444 | G44: 37 | H44: 91 | I44: 4.7 | J44: https://amazon.com/dp/B0DSVY5LQD | K44: =HYPERLINK(J44) -> https://amazon.com/dp/B0DSVY5LQD
A45: 4-Way 360° Articulating Borescope, Ralcam Joystick 5" Endoscope Camera with Light, 6.2mm/0.24in Slim Snake Inspection Camera with 5.0ft Semi-Rigid Cable for Engine, Pipe, HVAC Inspection | B45: B0F8BN91TL | C45: 379.99 | D45: 163491.6 | E45: 13624.3 | F45: 432 | G45: 36 | H45: 33 | I45: 4.7 | J45: https://amazon.com/dp/B0F8BN91TL | K45: =HYPERLINK(J45) -> https://amazon.com/dp/B0F8BN91TL
A46: Ralcam Dual Lens Articulating Borescope 5", 6.5mm Slim Probe, Two-Way Articulated Endoscope Inspection Camera with 5FT Flexible Snake Cable for Engine Automotive HVAC Wall Pipe | B46: B0FJLQJ18V | C46: 139.99 | D46: 43716.84 | E46: 3643.07 | F46: 312 | G46: 26 | H46: 91 | I46: 4.7 | J46: https://amazon.com/dp/B0FJLQJ18V | K46: =HYPERLINK(J46) -> https://amazon.com/dp/B0FJLQJ18V
... A52: Ralcam 360° Articulating Borescope Camera with Light, 4-Way Joystick Endoscope Inspection Camera, 5 inch 6.0mm Waterproof Snake Scope for Mechanics Automotive Wall Pipe Engine 3.3FT | B52: B0CP6P5C3M | C52: 599.99 | D52: 48270.48 | E52: 4022.54 | F52: 84 | G52: 7 | H52: 1 | I52: 5 | J52: https://amazon.com/dp/B0CP6P5C3M | K52: =HYPERLINK(J52) -> https://amazon.com/dp/B0CP6P5C3M
A53: Ralcam 360° Articulating Borescope 0.24in, 4-Way Endoscope Camera with Light, 6 LEDs Waterproof Inspection Camera 6.6FT Semi-Rigid Cable for Engine, Pipe & HVAC Inspection | B53: B0FJFD212D | C53: 249.99 | D53: 25198.08 | E53: 2099.84 | F53: 84 | G53: 7 | J53: https://amazon.com/dp/B0FJFD212D | K53: =HYPERLINK(J53) -> https://amazon.com/dp/B0FJFD212D
A54: Ralcam 3mm Two-Way Articulating Borescope, 5 Inch HD Industrial Endoscope Inspection Camera with Light, Stainless Steel Flexible Fiber Optic Scope Camera 0.12in Automotive Mechanics Tool | B54: B0FLNJ8CNL | C54: 799.99 | D54: 53914.8 | E54: 4492.9 | F54: 72 | G54: 6 | H54: 20 | I54: 4.8 | J54: https://amazon.com/dp/B0FLNJ8CNL | K54: =HYPERLINK(J54) -> https://amazon.com/dp/B0FLNJ8CNL
A55: Ralcam Articulating Borescope Endoscope Camera with Light, 210° Dual-Direction Snake Camera for Automotive Inspection, 6.2mm Probe, 4.3" HD Screen, 6 Adjustable LEDs, IP67 Waterproof Semi-Rigid Cable | B55: B0FX4FQC6Y | C55: 98.99 | F55: 0 | G55: 0 | H55: 63 | I55: 4.5 | J55: https://amazon.com/dp/B0FX4FQC6Y | K55: =HYPERLINK(J55) -> https://amazon.com/dp/B0FX4FQC6Y
A56: Total | F56: =SUM(RALCAM!F35:F55) -> 9144 | G56: =SUM(RALCAM!G35:G55) -> 762

Sheet ANYSUN
A1: #VALUE!
A7: Rank by Revenue
A8: Product Name | B8: ASIN | C8: Avg Price | D8: Estimated 12mo Revenue | E8: Monthly Rev | F8: Estimated 12mo Units | G8: Monthly Units | H8: # of Reviews | I8: Tool Rating | J8: Column1 | K8: Link
A9: Anysun 9'' Sewer Camera Self Leveling, Length Marker, 5100mAh, IPS Screen, HD 1080P with DVR - 32GB, IP68 Sewer Pipe Cam, Sewer Scope Pipe Drain Plumbing Inspection Cameras Borescope Snake (100Ft/30M) | B9: B0FK294Z6X | C9: 469.99 | D9: 225975.84 | E9: 18831.32 | F9: 552 | G9: 46 | H9: 2 | I9: 5 | J9: https://amazon.com/dp/B0FK294Z6X | K9: =HYPERLINK(J9) -> https://amazon.com/dp/B0FK294Z6X
A10: Anysun Sewer Camera with 512hz sonde, Self Leveling Sewer Inspection Camera 100ft with 7MM Cable and Meter Marker, 9'' Monitor and DVR, 12 Adjustable Lights(32GB Card) | B10: B0CYSS11DP | C10: 743.73 | D10: 127683.72 | E10: 10640.31 | F10: 180 | G10: 15 | H10: 10 | I10: 4.4 | J10: https://amazon.com/dp/B0CYSS11DP | K10: =HYPERLINK(J10) -> https://amazon.com/dp/B0CYSS11DP
A11: Anysun 100ft Pipe Video Inspection Camera with 512Hz Sonde and Receiver, Waterproof Drain Plumbing Camera Snake with 7' LCD Monitor DVR Recorder (8GB SD Card Included) | B11: B093SVJZRZ | C11: 743.73 | D11: 120460.68 | E11: 10038.39 | F11: 168 | G11: 14 | H11: 150 | I11: 4.3 | J11: https://amazon.com/dp/B093SVJZRZ | K11: =HYPERLINK(J11) -> https://amazon.com/dp/B093SVJZRZ
A12: Anysun Sewer Camera Self-Leveling, Distance Counter, 7MM Diameter Cable, Microphone/DVR, 100FT/30M Sewer Pipe Inspection Camera with 9'' HD 1080P IPS Screen, Plumbing Camera IP68 Waterproof -32GB Card | B12: B0D7HQ7MQQ | C12: 729.99 | D12: 109589.52 | E12: 9132.46 | F12: 156 | G12: 13 | H12: 10 | I12: 4.8 | J12: https://amazon.com/dp/B0D7HQ7MQQ | K12: =HYPERLINK(J12) -> https://amazon.com/dp/B0D7HQ7MQQ
A13: Anysun Self Leveling Sewer Inspection Camera with Distance Counter, 7MM Thicker Cable, 100Ft with 9'' 1080P Screen & DVR, IP68 Waterproof Drain Pipe Camera Borescope with Light, 32GB Card | B13: B0D5M7WTV8 | C13: 699.99 | D13: 109363.92 | E13: 9113.66 | F13: 180 | G13: 15 | H13: 24 | I13: 4.3 | J13: https://amazon.com/dp/B0D5M7WTV8 | K13: =HYPERLINK(J13) -> https://amazon.com/dp/B0D5M7WTV8
A14: Sewer Camera with Locator, Anysun 165ft Pipe Video Inspection Camera with 512Hz Sonde and Receiver, 7” LCD Monitor DVR Recorder, IP68 Waterproof (8GB SD Card Included) | B14: B093SXC6X7 | C14: 807.48 | D14: 96271.68 | E14: 8022.64 | F14: 120 | G14: 10 | H14: 150 | I14: 4.3 | J14: https://amazon.com/dp/B093SXC6X7 | K14: =HYPERLINK(J14) -> https://amazon.com/dp/B093SXC6X7
A15: Anysun Sewer Camera Self Leveling with Distance Counter, 7MM Thicker Cable, 165Ft/50M Pipe Inspection Camera with 9'' 1080P IPS Screen, Video Drain Camera IP68 Industrial Borescope Snake, 32GB Card | B15: B0D5M8F5Z3 | C15: 849.99 | D15: 93013.2 | E15: 7751.1 | F15: 132 | G15: 11 | H15: 24 | I15: 4.3 | J15: https://amazon.com/dp/B0D5M8F5Z3 | K15: =HYPERLINK(J15) -> https://amazon.com/dp/B0D5M8F5Z3
A16: Anysun Self-Leveling Sewer Camera with Distance Counter, 0.28in/7mm Diameter 165ft Cable, 9'' 1080P IPS Screen, Pipe Inspection Camera with DVR Recording-32GB | B16: B0DWS2LD48 | C16: 799.99 | D16: 87759.24 | E16: 7313.27 | F16: 120 | G16: 10 | H16: 10 | I16: 4.8 | J16: https://amazon.com/dp/B0DWS2LD48 | K16: =HYPERLINK(J16) -> https://amazon.com/dp/B0DWS2LD48
A17: Anysun Sewer Camera with 512hz Sonde 150ft, Self Leveling Sewer Inspection Camera with Distance Counter, 7MM Diameter Cable with Trolley and Wheels, 9" HD Monitor with DVR Drain Pipe Camera(32GB Card) | B17: B0DNW97B3J | C17: 956.23 | D17: 87071.4 | E17: 7255.95 | F17: 96 | G17: 8 | H17: 1 | I17: 5 | J17: https://amazon.com/dp/B0DNW97B3J | K17: =HYPERLINK(J17) -> https://amazon.com/dp/B0DNW97B3J
A18: Anysun Self Leveling Sewer Camera 150ft with Distance Counter, Drain Pipe Camera with 9'' 1080P IPS Monitor, Video Recorder with MIC, 7MM Cable with 12 Lights(32GB Card) | B18: B0DJ7H7Q3J | C18: 743.73 | D18: 85874.16 | E18: 7156.18 | F18: 120 | G18: 10 | H18: 4 | I18: 5 | J18: https://amazon.com/dp/B0DJ7H7Q3J | K18: =HYPERLINK(J18) -> https://amazon.com/dp/B0DJ7H7Q3J
A19: Anysun Self Leveling Sewer Camera 512Hz with Distance Counter, MIC, 7MM Thicker Cable, 100Ft Pipe Inspection Cameras with 9'' 1080P Screen, Video Drain Cam IP68 Industrial Borescope Snake, 32GB Card | B19: B0FFMQ54P9 | C19: 899.99 | D19: 80499.72 | E19: 6708.31 | F19: 96 | G19: 8 | H19: 24 | I19: 4.3 | J19: https://amazon.com/dp/B0FFMQ54P9 | K19: =HYPERLINK(J19) -> https://amazon.com/dp/B0FFMQ54P9
A20: Anysun Sewer Inspection Camera - 100ft with 7" Monitor, DVR, 16GB Card, 12 Lights, Plumbing Pipe Camera for Plumber & Homeowner | B20: B0C3D9GLTK | C20: 424.98 | D20: 74347.92 | E20: 6195.66 | F20: 180 | G20: 15 | H20: 15 | I20: 4.7 | J20: https://amazon.com/dp/B0C3D9GLTK | K20: =HYPERLINK(J20) -> https://amazon.com/dp/B0C3D9GLTK
... A51: Sewer Camera with Locator, Anysun Self Leveling Sewer Inspection Camera with Distance Counter, 100ft Cable with 9'' 1080P HD Monitor and DVR 32GB Card, IP68 Waterproof with 12 Lights | B51: B0DKNWKKHB | C51: 799.99 | D51: 31253.52 | E51: 2604.46 | F51: 36 | G51: 3 | H51: 3 | I51: 3 | J51: https://amazon.com/dp/B0DKNWKKHB | K51: =HYPERLINK(J51) -> https://amazon.com/dp/B0DKNWKKHB
A52: Anysun 9" Replacement Screen for Sewer Camera Mode 9DX23, High-Resolution LCD Screen, Compatible with Anysun HBUDS Pipe Inspection Cameras System-CR110-9DX23 | B52: B0F1Y5TN2Q | C52: 129.99 | D52: 29546.52 | E52: 2462.21 | F52: 228 | G52: 19 | J52: https://amazon.com/dp/B0F1Y5TN2Q | K52: =HYPERLINK(J52) -> https://amazon.com/dp/B0F1Y5TN2Q
A53: Sewer Camera, Can Connect External Monitor, Zoom in and Out, IP68 Waterproof, 12 pcs Adjustable Light, Plumbing Snake Cam with DVR Pipe Video Inspection, for Sewer Line, Drain, Duct, Plumbing(165FT) | B53: B07PBZZKJD | C53: 489.99 | D53: 29117.04 | E53: 2426.42 | F53: 60 | G53: 5 | H53: 514 | I53: 4.2 | J53: https://amazon.com/dp/B07PBZZKJD | K53: =HYPERLINK(J53) -> https://amazon.com/dp/B07PBZZKJD
A54: Anysun Self-Leveling Sewer Camera with Locator, Drain Camera 100ft Cable 9'' IPS Monitor, IP68 Waterproof Pipe Inspection Camera with DVR Recording Funcation and 16GB Memory Card | B54: B0DSZR774M | C54: 899.99 | D54: 29071.8 | E54: 2422.65 | F54: 36 | G54: 3 | H54: 78 | I54: 4.3 | J54: https://amazon.com/dp/B0DSZR774M | K54: =HYPERLINK(J54) -> https://amazon.com/dp/B0DSZR774M
A55: Pipe Camera's Kit Cable Used for Brand Anysun HBUDS Sewer Camera 100ft Extension Cable for Pipe Camera,100ft Cable Parts for Pipe Inspection Camera(30M/100FT Cable) (30m/100ft) | B55: B0B2VN9NCN | C55: 239.92 | D55: 28025.76 | E55: 2335.48 | F55: 120 | G55: 10 | H55: 13 | I55: 4.4 | J55: https://amazon.com/dp/B0B2VN9NCN | K55: =HYPERLINK(J55) -> https://amazon.com/dp/B0B2VN9NCN
A56: Sewer Camera Self Leveling, Anysun Sewer Inspection Camera 200ft with 9'' Monitor and DVR Recorder with 32GB Card, Meter Marker, 12 Adjustable Lights | B56: B0BHKH6JFR | C56: 743.73 | D56: 27082.8 | E56: 2256.9 | F56: 36 | G56: 3 | H56: 28 | I56: 4.4 | J56: https://amazon.com/dp/B0BHKH6JFR | K56: =HYPERLINK(J56) -> https://amazon.com/dp/B0BHKH6JFR
A57: Anysun Replacement Cable with Meter Marker and Box, Sewer Inspection Camera Part Only for Anysun 9DX23 Series Sewer Camera | B57: B0D1CG3JXK | C57: 369.94 | D57: 25232.04 | E57: 2102.67 | F57: 72 | G57: 6 | H57: 2 | I57: 5 | J57: https://amazon.com/dp/B0D1CG3JXK | K57: =HYPERLINK(J57) -> https://amazon.com/dp/B0D1CG3JXK
A58: Anysun Sewer Camera 100ft Snake Cam with Distance Counter DVR Video Sewer Pipe Inspection Equipment 7 inch LCD Monitor Duct HVAC 1000TVL Endoscope Waterproof IP68 Camera (8GB SD Card) | B58: B07RGV67HY | C58: 529.99 | D58: 24902.4 | E58: 2075.2 | F58: 48 | G58: 4 | H58: 514 | I58: 4.2 | J58: https://amazon.com/dp/B07RGV67HY | K58: =HYPERLINK(J58) -> https://amazon.com/dp/B07RGV67HY
A59: Sewer Camera with Self-Leveling, Can Connect External Monitor, Zoom in and Out, IP68 Waterproof, 12 pcs Adjustable Light, Plumbing Cam with DVR, for Sewer Line, Drain, Duct, Plumbing (165FT) | B59: B0CYGX2KY3 | C59: 569.99 | D59: 24767.76 | E59: 2063.98 | F59: 48 | G59: 4 | H59: 514 | I59: 4.2 | J59: https://amazon.com/dp/B0CYGX2KY3 | K59: =HYPERLINK(J59) -> https://amazon.com/dp/B0CYGX2KY3
A60: Anysun Sewer Camera with 512Hz Sonde Transmitter, Self Leveling & Distance Counter, 100Ft Pipe Inspection Camera with DVR Recorder, 9'' 1080P IPS Monitor, IP68 Waterproof, 16GB Card | B60: B0DDXT2242 | C60: 599.99 | D60: 23246.4 | E60: 1937.2 | F60: 36 | G60: 3 | H60: 9 | I60: 3.8 | J60: https://amazon.com/dp/B0DDXT2242 | K60: =HYPERLINK(J60) -> https://amazon.com/dp/B0DDXT2242
A61: Sewer Camera 100FT with 512HZ Sonde, Anysun 9" HD Screen Pipe Drain Inspection with 12pcs Light, DVR Recorder with 32GB Card, IP68 Waterproof Plumbing Cam, 7mm Cable with Depth Marker | B61: B0DG8V6BSC | C61: 599.99 | D61: 21492 | E61: 1791 | F61: 36 | G61: 3 | H61: 21 | I61: 3.6 | J61: https://amazon.com/dp/B0DG8V6BSC | K61: =HYPERLINK(J61) -> https://amazon.com/dp/B0DG8V6BSC
A62: Anysun Replacement Camera Head with 512hz Transmitter, IP68 Waterproof HD Sewer Inspection Camera Head Accessories for SY985, 5100 Series | B62: B0CH7QT9YD | C62: 319.99 | D62: 19536 | E62: 1628 | F62: 60 | G62: 5 | J62: https://amazon.com/dp/B0CH7QT9YD | K62: =HYPERLINK(J62) -> https://amazon.com/dp/B0CH7QT9YD
A63: Sewer Camera,100ft Plumbing Drain Camera with DVR 30M Cable Industrial Endoscope Waterproof IP68 Cable Snake Video System with 7 Inch LCD Monitor 1000TVL DVR Recorder | B63: B07T7G66P8 | C63: 489.99 | D63: 19398.12 | E63: 1616.51 | F63: 48 | G63: 4 | H63: 83 | I63: 4.3 | J63: https://amazon.com/dp/B07T7G66P8 | K63: =HYPERLINK(J63) -> https://amazon.com/dp/B07T7G66P8
A64: Sewer Camera Self Leveling, Anysun Sewer Inspection Camera 300ft with 9'' Monitor and DVR Recorder with 32GB Card, Meter Marker, 12 Adjustable Lights | B64: B0DD781TXP | C64: 849.98 | D64: 19253.28 | E64: 1604.44 | F64: 24 | G64: 2 | H64: 28 | I64: 4.4 | J64: https://amazon.com/dp/B0DD781TXP | K64: =HYPERLINK(J64) -> https://amazon.com/dp/B0DD781TXP
A65: Sewer Camera with Locator, Anysun 100FT with 512HZ Locator Set and Receiver for Drain Plumbing Video Inspection 7'' LCD HD Screen Waterproof IP68 Cameras with 12pcs LED Light(8GB SD Card-DVR Record) | B65: B09HSBR5RG | C65: 859.99 | D65: 18817.08 | E65: 1568.09 | F65: 24 | G65: 2 | H65: 514 | I65: 4.2 | J65: https://amazon.com/dp/B09HSBR5RG | K65: =HYPERLINK(J65) -> https://amazon.com/dp/B09HSBR5RG
A66: Anysun Sewer Camera with Locator, Self-Leveling Drain Camera with 9'' IPS Monitor and 100ft Cable, IP68 Waterproof Pipe Inspection Camera with DVR Recording Funcation and 16GB Memory Card | B66: B0BK8NHFJQ | C66: 699.99 | D66: 17868.96 | E66: 1489.08 | F66: 24 | G66: 2 | H66: 24 | I66: 3.1 | J66: https://amazon.com/dp/B0BK8NHFJQ | K66: =HYPERLINK(J66) -> https://amazon.com/dp/B0BK8NHFJQ
A67: Sewer Camera with Self-Leveling, Built-in Distance Counter, Can Connect External Monitor, Zoom in and Out, IP68 Waterproof, 12 pcs Adjustable Light, Plumbing Drain Video Cam with DVR (100FT) | B67: B0CYGYXDXZ | C67: 529.99 | D67: 17222.64 | E67: 1435.22 | F67: 36 | G67: 3 | H67: 514 | I67: 4.2 | J67: https://amazon.com/dp/B0CYGYXDXZ | K67: =HYPERLINK(J67) -> https://amazon.com/dp/B0CYGYXDXZ
A68: Sewer Camera with Locator, Anysun 165FT with 512HZ Locator Set and Receiver for Drain Plumbing Video Inspection 7'' LCD HD Screen Waterproof IP68 Cameras with 12pcs LED Light(8GB SD Card-DVR Record) | B68: B09HSC4Q8Y | C68: 859.99 | D68: 16813.8 | E68: 1401.15 | F68: 24 | G68: 2 | H68: 514 | I68: 4.2 | J68: https://amazon.com/dp/B09HSC4Q8Y | K68: =HYPERLINK(J68) -> https://amazon.com/dp/B09HSC4Q8Y
A69: Anysun Sewer Camera with 512Hz Sonde, Self-Leveling 9" HD Screen DVR Recorder, 32GB Card, IP68 Waterproof Plumbing Pipe Borescope Inspection, 7mm Cable with Meter Marks(300FT) | B69: B0CQYQQ78G | C69: 899.99 | D69: 13935.6 | E69: 1161.3 | F69: 12 | G69: 1 | H69: 47 | I69: 4.3 | J69: https://amazon.com/dp/B0CQYQQ78G | K69: =HYPERLINK(J69) -> https://amazon.com/dp/B0CQYQQ78G
A70: Pipe Camera's Kit Cable Used for Brand Anysun HBUDS Sewer Camera 165ft Extension Cable for Pipe Camera,165ft Cable Parts for Pipe Inspection Camera(50M/165FT Cable) (50m/165ft) | B70: B0B2VGF8L5 | C70: 299.99 | D70: 12447.12 | E70: 1037.26 | F70: 36 | G70: 3 | H70: 13 | I70: 4.4 | J70: https://amazon.com/dp/B0B2VGF8L5 | K70: =HYPERLINK(J70) -> https://amazon.com/dp/B0B2VGF8L5
A71: Sewer Camera with Locator, Anysun Self Leveling Sewer Inspection Camera with Distance Counter, 132ft Cable with 9'' 1080P HD Monitor and DVR 32GB Card, IP68 Waterproof with 12 Lights | B71: B0DKNX4RP9 | C71: 999.99 | D71: 12002.16 | E71: 1000.18 | F71: 12 | G71: 1 | H71: 3 | I71: 3 | J71: https://amazon.com/dp/B0DKNX4RP9 | K71: =HYPERLINK(J71) -> https://amazon.com/dp/B0DKNX4RP9
A72: Camera Head for Pipe Inspection Camera Waterproof (IP68) Industrial Endoscope Video Inspection System Camera Head | B72: B08HH9899J | C72: 179.99 | D72: 11045.52 | E72: 920.46 | F72: 60 | G72: 5 | H72: 21 | I72: 4 | J72: https://amazon.com/dp/B08HH9899J | K72: =HYPERLINK(J72) -> https://amazon.com/dp/B08HH9899J
A73: Sewer Camera 165ft , 512Hz Sonde Transmitter Plumbing Camera Snake with DVR Recorder, Inspection Cam with 7" LCD Monitor with Fiber Optic Cable Wire (8 GB SD Card Included) (165ft/50m) | B73: B08QYX32R7 | C73: 569.92 | D73: 9929.28 | E73: 827.44 | F73: 12 | G73: 1 | H73: 15 | I73: 3.8 | J73: https://amazon.com/dp/B08QYX32R7 | K73: =HYPERLINK(J73) -> https://amazon.com/dp/B08QYX32R7
A74: Replacement Cable, Anysun Sewer Camera Parts Only for Anysun SY958 Series Sewer Inspection Camera | B74: B0D9VVW5XV | C74: 369.94 | D74: 9460.56 | E74: 788.38 | F74: 24 | G74: 2 | J74: https://amazon.com/dp/B0D9VVW5XV | K74: =HYPERLINK(J74) -> https://amazon.com/dp/B0D9VVW5XV
A75: ANYSUN Sewer Camera's Accessories- 9' Screen (Model： 9DX) | B75: B0CNLB131J | C75: 129.99 | D75: 9285.48 | E75: 773.79 | F75: 72 | G75: 6 | H75: 2 | I75: 5 | J75: https://amazon.com/dp/B0CNLB131J | K75: =HYPERLINK(J75) -> https://amazon.com/dp/B0CNLB131J
A76: Sewer Camera 150FT with 512HZ Sonde, Anysun 9" HD Screen Pipe Drain Inspection with 12pcs Light, DVR Recorder with 32GB Card, IP68 Waterproof Plumbing Cam, 7mm Cable with Depth Marker | B76: B0BVMFRKGZ | C76: 699.99 | D76: 8673.96 | E76: 722.83 | F76: 12 | G76: 1 | H76: 21 | I76: 3.6 | J76: https://amazon.com/dp/B0BVMFRKGZ | K76: =HYPERLINK(J76) -> https://amazon.com/dp/B0BVMFRKGZ
A77: Anysun Sewer Inspection Camera Self Leveling, Distance Counter, 7MM 100 Ft Cable, Pipe Camera with 9'' Screen DVR, IP68 Waterproof Plumbing Snake Camera for Pipe Inspection | B77: B0DDT8PRQ7 | C77: 669.99 | D77: 8304.6 | E77: 692.05 | F77: 12 | G77: 1 | H77: 1 | I77: 5 | J77: https://amazon.com/dp/B0DDT8PRQ7 | K77: =HYPERLINK(J77) -> https://amazon.com/dp/B0DDT8PRQ7
A78: ANYSUN Sewer Camera's Accessories Camera (Buil-t-in 512hz Sonde and Self-Leveling Function) | B78: B0CYL6LHWC | C78: 359.99 | D78: 8004.48 | E78: 667.04 | F78: 24 | G78: 2 | J78: https://amazon.com/dp/B0CYL6LHWC | K78: =HYPERLINK(J78) -> https://amazon.com/dp/B0CYL6LHWC
A79: Anysun Sewer Camera Self Leveling with 512Hz Sonde, 7MM Thick Pushrod, Length Mark, 32GB Card, 9'' HD Monitor with DVR, 300Ft Sewer Scope Pipe Drain Inspection Camera IP68 Borescope w/Adjustable LEDs | B79: B0DKX9FZ8M | C79: 999.99 | D79: 7750.08 | E79: 645.84 | F79: 12 | G79: 1 | H79: 2 | I79: 5 | J79: https://amazon.com/dp/B0DKX9FZ8M | K79: =HYPERLINK(J79) -> https://amazon.com/dp/B0DKX9FZ8M
A80: Anysun 5860 Model Sewer Camear Monitor Replacement, Only for Anysun 5860 Serie Sewer Camera System | B80: B0DL9J7SQ5 | C80: 199.99 | D80: 6222.84 | E80: 518.57 | F80: 36 | G80: 3 | J80: https://amazon.com/dp/B0DL9J7SQ5 | K80: =HYPERLINK(J80) -> https://amazon.com/dp/B0DL9J7SQ5
A81: Anysun 5860 Model Sewer Camear Black Control Box Replacement, Including Monitor and Battery, Only for Anysun 5860 Serie Sewer Camera System | B81: B0DK6XRYRH | C81: 269.99 | D81: 5897.76 | E81: 491.48 | F81: 24 | G81: 2 | J81: https://amazon.com/dp/B0DK6XRYRH | K81: =HYPERLINK(J81) -> https://amazon.com/dp/B0DK6XRYRH
A82: ANYSUN Sewer Camera's Accessories- Cable (100FT) | B82: B09HKTGBPK | C82: 219.99 | D82: 5279.16 | E82: 439.93 | F82: 24 | G82: 2 | H82: 3 | I82: 4.6 | J82: https://amazon.com/dp/B09HKTGBPK | K82: =HYPERLINK(J82) -> https://amazon.com/dp/B09HKTGBPK
A83: Anysun Sewer Inspection Camera, 7MM 165 Ft Cable, Pipe Camera with 9" Screen, IP68 Waterproof, Self-Leveling, Distance Counter, 8 Hr Battery Life | B83: B0DDT5FW1B | C83: 699.99 | D83: 4331.52 | E83: 360.96 | F83: 12 | G83: 1 | H83: 1 | I83: 5 | J83: https://amazon.com/dp/B0DDT5FW1B | K83: =HYPERLINK(J83) -> https://amazon.com/dp/B0DDT5FW1B
A84: Anysun 512Hz Sewer Camera Head Transmitter, Sewer Camera Head Replacement Locator 0.9inch / 23mm Camera Head Built-in 512Hz Sonde Transmitter for Anysun HBUDS Pipe Inspection Camera | B84: B0CQ28WJT1 | C84: 299.99 | D84: 3961.92 | E84: 330.16 | F84: 12 | G84: 1 | H84: 2 | I84: 3.3 | J84: https://amazon.com/dp/B0CQ28WJT1 | K84: =HYPERLINK(J84) -> https://amazon.com/dp/B0CQ28WJT1
A85: Anysun Screen for 7D1 Sewer Camera, 7 Inch LCD Monitor | B85: B0B6YNP8N2 | C85: 129.99 | D85: 3436.8 | E85: 286.4 | F85: 24 | G85: 2 | J85: https://amazon.com/dp/B0B6YNP8N2 | K85: =HYPERLINK(J85) -> https://amazon.com/dp/B0B6YNP8N2
A86: Anysun 9" Replacement Screen for Sewer Camera Mode 9DX7, High-Resolution LCD Screen, Compatible with Anysun HBUDS Pipe Inspection Cameras System-CR110-9DX7 | B86: B0FY4YCYG7 | C86: 129.99 | D86: 3119.28 | E86: 259.94 | F86: 24 | G86: 2 | J86: https://amazon.com/dp/B0FY4YCYG7 | K86: =HYPERLINK(J86) -> https://amazon.com/dp/B0FY4YCYG7
A87: Anysun Sewer Snake Cam with DVR, 100ft Plumbing Camera, 4.3" LCD Monitor, 17mm Mini Camera with 8 LED Lights, IP68 Waterproof, 16GB Memory Card | B87: B0CNGTPJWD | C87: 249.99 | D87: 2999.88 | E87: 249.99 | F87: 12 | G87: 1 | H87: 5 | I87: 3.6 | J87: https://amazon.com/dp/B0CNGTPJWD | K87: =HYPERLINK(J87) -> https://amazon.com/dp/B0CNGTPJWD
A88: Anysun Black Camera Cover Protective Cover for 22mm & 23mm Sewer Camera Pipe Inspection Camera, 2pcs | B88: B0D2ZPKZ3G | C88: 23.99 | D88: 225.96 | E88: 18.83 | F88: 12 | G88: 1 | H88: 1 | I88: 5 | J88: https://amazon.com/dp/B0D2ZPKZ3G | K88: =HYPERLINK(J88) -> https://amazon.com/dp/B0D2ZPKZ3G
A89: Anysun Self-Leveling Sewer Camera with Meter Marking, 9'' IPS Screen, HD 1080P Resolution, 5100mAh Battery, 165ft 5mm Cable Sewer Drain Video Inspection Camera with DVR Recorder and 32GB SD Card | B89: B0FKB6Q7DF | C89: 529.99 | F89: 0 | G89: 0 | H89: 1 | I89: 5 | J89: https://amazon.com/dp/B0FKB6Q7DF | K89: =HYPERLINK(J89) -> https://amazon.com/dp/B0FKB6Q7DF
A90: Anysun Sewer Camera with Locator Set, Self-Leveling, 7mm Cable with Depth Marker, IP68 Waterproof Plumbing Endoscope Drain Snake Camera with 9'' Color Screen, 12pcs Light, Recorder with 32GB(100FT) | B90: B0DGQTDMBN | C90: 899.99 | F90: 0 | G90: 0 | H90: 1 | I90: 1 | J90: https://amazon.com/dp/B0DGQTDMBN | K90: =HYPERLINK(J90) -> https://amazon.com/dp/B0DGQTDMBN
A91: Anysun Sewer Camera with 512Hz Sonde, Self-Leveling 9" HD Screen DVR Recorder, 32GB Card, IP68 Waterproof Plumbing Pipe Borescope Inspection, 7mm Cable with Meter Marks(200FT) | B91: B0CPFFY5PY | C91: 699.99 | F91: 0 | G91: 0 | H91: 6 | I91: 3.2 | J91: https://amazon.com/dp/B0CPFFY5PY | K91: =HYPERLINK(J91) -> https://amazon.com/dp/B0CPFFY5PY
A92: Anysun Self Leveling Sewer Inspection Camera - 165ft, 9" 1080P IPS Screen, DVR 16GB Card, IP68 Waterproof Plumbing Drain Camera with 12 Lights | B92: B0DCJMR14T | C92: 799.99 | F92: 0 | G92: 0 | H92: 7 | I92: 3.5 | J92: https://amazon.com/dp/B0DCJMR14T | K92: =HYPERLINK(J92) -> https://amazon.com/dp/B0DCJMR14T
A93: Anysun Sewer Camera Part, Replacement Cmaera Head Center Wheel Protective Cover for Any 23mm Sewer Inspection Camera | B93: B0D25K6FZJ | C93: 29.99 | F93: 0 | G93: 0 | H93: 1 | I93: 5 | J93: https://amazon.com/dp/B0D25K6FZJ | K93: =HYPERLINK(J93) -> https://amazon.com/dp/B0D25K6FZJ
A94: Anysun Sewer Inspection Camera with Locator, Self Leveling, Distance Counter, 7MM 100 Ft Cable, Pipe Camera with 9'' Color Screen DVR, IP68 Waterproof Plumbing Snake Camera for Pipe Inspection | B94: B0DDT8XC2S | C94: 869.99 | F94: 0 | G94: 0 | H94: 1 | I94: 5 | J94: https://amazon.com/dp/B0DDT8XC2S | K94: =HYPERLINK(J94) -> https://amazon.com/dp/B0DDT8XC2S
A95: Anysun Sewer Camera with Locator, Self Leveling Sewer Inspection Camera 200ft with Distance Counter, 9'' 1080P IPS Monitor and Video Recorder with MIC, 7MM Cable with 12 Lights(32GB Card) | B95: B0DJ7JVYZF | C95: 999.99 | F95: 0 | G95: 0 | H95: 2 | I95: 3 | J95: https://amazon.com/dp/B0DJ7JVYZF | K95: =HYPERLINK(J95) -> https://amazon.com/dp/B0DJ7JVYZF
A96: ANYSUN Sewer Camera's Accessories- 7 inch Color Screen | B96: B09MFBXTBD | C96: 129.99 | F96: 0 | G96: 0 | J96: https://amazon.com/dp/B09MFBXTBD | K96: =HYPERLINK(J96) -> https://amazon.com/dp/B09MFBXTBD
A97: Pipeline Inspection Camera HD Pipe Sewer Camera's Kit Replace Use for 7D1 Series from Brand Anysun | B97: B08X9WQ65K | C97: 179.94 | F97: 0 | G97: 0 | J97: https://amazon.com/dp/B08X9WQ65K | K97: =HYPERLINK(J97) -> https://amazon.com/dp/B08X9WQ65K
A98: Anysun Sewer Inspection Camera with Locator, Self Leveling, Distance Counter, 7MM 165 Ft Cable, Pipe Camera with 10'' Color Screen DVR, IP68 Waterproof Plumbing Snake Camera for Pipe Inspection | B98: B0DDT8R3BJ | C98: 899.99 | F98: 0 | G98: 0 | H98: 2 | I98: 3.6 | J98: https://amazon.com/dp/B0DDT8R3BJ | K98: =HYPERLINK(J98) -> https://amazon.com/dp/B0DDT8R3BJ
A99: 7 Inch Screen for Anysun 7D1 Pipeline Sewer Inspection Camera | B99: B08RHTJ9B4 | C99: 119.99 | F99: 0 | G99: 0 | J99: https://amazon.com/dp/B08RHTJ9B4 | K99: =HYPERLINK(J99) -> https://amazon.com/dp/B08RHTJ9B4
A100: Replacement Sewer Camera Head for Sewer Inspection Camera, Only for Anysun SY3800 Series | B100: B0BD4GFCPY | C100: 179.94 | F100: 0 | G100: 0 | J100: https://amazon.com/dp/B0BD4GFCPY | K100: =HYPERLINK(J100) -> https://amazon.com/dp/B0BD4GFCPY
A101: Anysun Sewer Camera Cable Bracket, 230Ft/70M, Only for Anysun 5100 All-in-One Pipe Inspection Camera System | B101: B0CVZVDNMP | C101: 699.99 | F101: 0 | G101: 0 | J101: https://amazon.com/dp/B0CVZVDNMP | K101: =HYPERLINK(J101) -> https://amazon.com/dp/B0CVZVDNMP
A102: anysun Replacement Cable Sewer Camera Parts Only SY958 Series Sewer Inspection Camera | B102: B0FJXCH1DG | C102: 329.99 | F102: 0 | G102: 0 | J102: https://amazon.com/dp/B0FJXCH1DG | K102: =HYPERLINK(J102) -> https://amazon.com/dp/B0FJXCH1DG
A103: Pipe Inspection Camera 165FT, Anysun Drain Sewer Industrial Endoscope 12 PCS LED Waterproof IP68 Snake Video System with 7 Inch LCD Monitor 1000TVL Camera with DVR Record(Include 8G SD Card) | B103: B07RJNLX96 | C103: 559.99 | F103: 0 | G103: 0 | H103: 52 | I103: 3.9 | J103: https://amazon.com/dp/B07RJNLX96 | K103: =HYPERLINK(J103) -> https://amazon.com/dp/B07RJNLX96
A104: Anysun 512Hz Pipe Locator Receiver and 512Hz Sonde Transmitter for Sewer Inspection, Drain Camera Tools for DIYer or Replacement, for Anysun 7D1 Pipe Inspection Camera | B104: B0BP7RP3F2 | C104: 699.99 | F104: 0 | G104: 0 | H104: 120 | I104: 4.2 | J104: https://amazon.com/dp/B0BP7RP3F2 | K104: =HYPERLINK(J104) -> https://amazon.com/dp/B0BP7RP3F2
A105: Self-Leveling Sewer Camera 200FT, Anysun 9" HD Screen Pipe Borescope Drain Inspection with 12pcs LED Light, DVR Recorder with 32GB Card, IP68 Waterproof Plumbing Cam, 7mm Cable with Depth Marker | B105: B0BJKX93TM | C105: 569.99 | F105: 0 | G105: 0 | H105: 1 | I105: 5 | J105: https://amazon.com/dp/B0BJKX93TM | K105: =HYPERLINK(J105) -> https://amazon.com/dp/B0BJKX93TM
A106: Total | D106: =SUM(D9:D105) -> 3454525.3 | E106: =SUM(E9:E105) -> 287877.11
A109: Rank by Units
A110: Product Name | B110: ASIN | C110: Avg Price | D110: Estimated 12mo Revenue | E110: Monthly Rev | F110: Estimated 12mo Units | G110: Monthly Units | H110: # of Reviews | I110: Tool Rating | J110: Column1 | K110: Link
A111: Anysun 9'' Sewer Camera Self Leveling, Length Marker, 5100mAh, IPS Screen, HD 1080P with DVR - 32GB, IP68 Sewer Pipe Cam, Sewer Scope Pipe Drain Plumbing Inspection Cameras Borescope Snake (100Ft/30M) | B111: B0FK294Z6X | C111: 469.99 | D111: 225975.84 | E111: 18831.32 | F111: 552 | G111: 46 | H111: 2 | I111: 5 | J111: https://amazon.com/dp/B0FK294Z6X | K111: =HYPERLINK(J111) -> https://amazon.com/dp/B0FK294Z6X
A112: Anysun 9" Replacement Screen for Sewer Camera Mode 9DX23, High-Resolution LCD Screen, Compatible with Anysun HBUDS Pipe Inspection Cameras System-CR110-9DX23 | B112: B0F1Y5TN2Q | C112: 129.99 | D112: 29546.52 | E112: 2462.21 | F112: 228 | G112: 19 | J112: https://amazon.com/dp/B0F1Y5TN2Q | K112: =HYPERLINK(J112) -> https://amazon.com/dp/B0F1Y5TN2Q
A113: ANYSUN Sewer Camera's Accessories Camera with 512hz Sonde | B113: B09HTJP92P | C113: 299.99 | D113: 62430.12 | E113: 5202.51 | F113: 204 | G113: 17 | H113: 5 | I113: 2.9 | J113: https://amazon.com/dp/B09HTJP92P | K113: =HYPERLINK(J113) -> https://amazon.com/dp/B09HTJP92P
A114: Anysun Sewer Camera with 512hz sonde, Self Leveling Sewer Inspection Camera 100ft with 7MM Cable and Meter Marker, 9'' Monitor and DVR, 12 Adjustable Lights(32GB Card) | B114: B0CYSS11DP | C114: 743.73 | D114: 127683.72 | E114: 10640.31 | F114: 180 | G114: 15 | H114: 10 | I114: 4.4 | J114: https://amazon.com/dp/B0CYSS11DP | K114: =HYPERLINK(J114) -> https://amazon.com/dp/B0CYSS11DP
A115: Anysun Sewer Inspection Camera - 100ft with 7" Monitor, DVR, 16GB Card, 12 Lights, Plumbing Pipe Camera for Plumber & Homeowner | B115: B0C3D9GLTK | C115: 424.98 | D115: 74347.92 | E115: 6195.66 | F115: 180 | G115: 15 | H115: 15 | I115: 4.7 | J115: https://amazon.com/dp/B0C3D9GLTK | K115: =HYPERLINK(J115) -> https://amazon.com/dp/B0C3D9GLTK
A116: Anysun Self Leveling Sewer Inspection Camera with Distance Counter, 7MM Thicker Cable, 100Ft with 9'' 1080P Screen & DVR, IP68 Waterproof Drain Pipe Camera Borescope with Light, 32GB Card | B116: B0D5M7WTV8 | C116: 699.99 | D116: 109363.92 | E116: 9113.66 | F116: 180 | G116: 15 | H116: 24 | I116: 4.3 | J116: https://amazon.com/dp/B0D5M7WTV8 | K116: =HYPERLINK(J116) -> https://amazon.com/dp/B0D5M7WTV8
A117: Anysun 100ft Pipe Video Inspection Camera with 512Hz Sonde and Receiver, Waterproof Drain Plumbing Camera Snake with 7' LCD Monitor DVR Recorder (8GB SD Card Included) | B117: B093SVJZRZ | C117: 743.73 | D117: 120460.68 | E117: 10038.39 | F117: 168 | G117: 14 | H117: 150 | I117: 4.3 | J117: https://amazon.com/dp/B093SVJZRZ | K117: =HYPERLINK(J117) -> https://amazon.com/dp/B093SVJZRZ
A118: Anysun Sewer Camera Self-Leveling, Distance Counter, 7MM Diameter Cable, Microphone/DVR, 100FT/30M Sewer Pipe Inspection Camera with 9'' HD 1080P IPS Screen, Plumbing Camera IP68 Waterproof -32GB Card | B118: B0D7HQ7MQQ | C118: 729.99 | D118: 109589.52 | E118: 9132.46 | F118: 156 | G118: 13 | H118: 10 | I118: 4.8 | J118: https://amazon.com/dp/B0D7HQ7MQQ | K118: =HYPERLINK(J118) -> https://amazon.com/dp/B0D7HQ7MQQ
A119: Anysun Self-Leveling Sewer Inspection Camera - 100ft, 9" Monitor & DVR, 12 Lights, Plumbing Pipe Camera for Plumbers & Homeowners (16GB Card) | B119: B0CWLBH81V | C119: 369.99 | D119: 53728.44 | E119: 4477.37 | F119: 144 | G119: 12 | H119: 8 | I119: 3.2 | J119: https://amazon.com/dp/B0CWLBH81V | K119: =HYPERLINK(J119) -> https://amazon.com/dp/B0CWLBH81V
A120: Anysun Sewer Camera Self Leveling with Distance Counter, 7MM Thicker Cable, 165Ft/50M Pipe Inspection Camera with 9'' 1080P IPS Screen, Video Drain Camera IP68 Industrial Borescope Snake, 32GB Card | B120: B0D5M8F5Z3 | C120: 849.99 | D120: 93013.2 | E120: 7751.1 | F120: 132 | G120: 11 | H120: 24 | I120: 4.3 | J120: https://amazon.com/dp/B0D5M8F5Z3 | K120: =HYPERLINK(J120) -> https://amazon.com/dp/B0D5M8F5Z3
A121: Anysun Sewer Camera - 1080P HD Drain Snake with 9" IPS Monitor and 100ft Cable, IP68 Waterproof Pipe Inspection Camera with DVR Recording and 16GB Memory Card | B121: B0BJ733KVW | C121: 559.99 | D121: 60334.32 | E121: 5027.86 | F121: 132 | G121: 11 | H121: 78 | I121: 4.3 | J121: https://amazon.com/dp/B0BJ733KVW | K121: =HYPERLINK(J121) -> https://amazon.com/dp/B0BJ733KVW
A122: Sewer Camera with Locator, Anysun 165ft Pipe Video Inspection Camera with 512Hz Sonde and Receiver, 7” LCD Monitor DVR Recorder, IP68 Waterproof (8GB SD Card Included) | B122: B093SXC6X7 | C122: 807.48 | D122: 96271.68 | E122: 8022.64 | F122: 120 | G122: 10 | H122: 150 | I122: 4.3 | J122: https://amazon.com/dp/B093SXC6X7 | K122: =HYPERLINK(J122) -> https://amazon.com/dp/B093SXC6X7
A123: Sewer Camera Self Leveling, Anysun Sewer Inspection Camera 100ft with 9'' Monitor and DVR Recorder with 32GB Card, Meter Marker, 12 Adjustable Lights | B123: B0CLLJSCJ9 | C123: 637.48 | D123: 74030.76 | E123: 6169.23 | F123: 120 | G123: 10 | H123: 28 | I123: 4.4 | J123: https://amazon.com/dp/B0CLLJSCJ9 | K123: =HYPERLINK(J123) -> https://amazon.com/dp/B0CLLJSCJ9
A124: Pipe Camera's Kit Cable Used for Brand Anysun HBUDS Sewer Camera 100ft Extension Cable for Pipe Camera,100ft Cable Parts for Pipe Inspection Camera(30M/100FT Cable) (30m/100ft) | B124: B0B2VN9NCN | C124: 239.92 | D124: 28025.76 | E124: 2335.48 | F124: 120 | G124: 10 | H124: 13 | I124: 4.4 | J124: https://amazon.com/dp/B0B2VN9NCN | K124: =HYPERLINK(J124) -> https://amazon.com/dp/B0B2VN9NCN
... A147: Camera Head for Pipe Inspection Camera Waterproof (IP68) Industrial Endoscope Video Inspection System Camera Head | B147: B08HH9899J | C147: 179.99 | D147: 11045.52 | E147: 920.46 | F147: 60 | G147: 5 | H147: 21 | I147: 4 | J147: https://amazon.com/dp/B08HH9899J | K147: =HYPERLINK(J147) -> https://amazon.com/dp/B08HH9899J
A148: Anysun Replacement Camera Head with 512hz Transmitter, IP68 Waterproof HD Sewer Inspection Camera Head Accessories for SY985, 5100 Series | B148: B0CH7QT9YD | C148: 319.99 | D148: 19536 | E148: 1628 | F148: 60 | G148: 5 | J148: https://amazon.com/dp/B0CH7QT9YD | K148: =HYPERLINK(J148) -> https://amazon.com/dp/B0CH7QT9YD
A149: Anysun Self Leveling Sewer Camera 512Hz with Distance Counter, MIC, 7MM Thicker Cable, 165Ft Pipe Inspection Cameras with 9'' 1080P Screen, Video Drain Cam IP68 Industrial Borescope Snake, 32GB Card | B149: B0FFML9DVK | C149: 999.99 | D149: 60377.28 | E149: 5031.44 | F149: 60 | G149: 5 | H149: 25 | I149: 4.4 | J149: https://amazon.com/dp/B0FFML9DVK | K149: =HYPERLINK(J149) -> https://amazon.com/dp/B0FFML9DVK
A150: Anysun Sewer Camera Self-Leveling, 512Hz Transmitter, Distance Counter, 7MM Diameter Cable, Microphone/DVR, 165FT/50M Pipe Inspection Camera, 9'' HD 1080P IPS Screen Plumbing Camera IP68-32GB | B150: B0D736PNX1 | C150: 999.99 | D150: 55961.76 | E150: 4663.48 | F150: 60 | G150: 5 | H150: 10 | I150: 4.8 | J150: https://amazon.com/dp/B0D736PNX1 | K150: =HYPERLINK(J150) -> https://amazon.com/dp/B0D736PNX1
A151: Anysun Sewer Camera with Locator, Self Leveling Sewer Inspection Camera 100ft with Distance Counter, 9'' 1080P IPS Monitor and Video Recorder with MIC, 7MM Cable with 12 Lights(32GB Card) | B151: B0DJ7J5NMH | C151: 999.99 | D151: 61994.16 | E151: 5166.18 | F151: 60 | G151: 5 | H151: 3 | I151: 2.5 | J151: https://amazon.com/dp/B0DJ7J5NMH | K151: =HYPERLINK(J151) -> https://amazon.com/dp/B0DJ7J5NMH
A152: Anysun Sewer Inspection Camera with 512Hz Sonde, Self-Leveling, 100ft Distance, 1080P Monitor, IP68 Plumbing Endoscope | B152: B0BRYYQ9TV | C152: 999.99 | D152: 54973.08 | E152: 4581.09 | F152: 60 | G152: 5 | H152: 82 | I152: 4.1 | J152: https://amazon.com/dp/B0BRYYQ9TV | K152: =HYPERLINK(J152) -> https://amazon.com/dp/B0BRYYQ9TV
A153: Anysun Sewer Camera Self-Leveling with 512Hz Sonde, 9" HD Screen DVR Recorder, IP68 Waterproof Plumbing Pipe Borescope Inspection, 7mm Cable with Meter Marks(150FT) | B153: B0FPQRJL3Z | C153: 759.99 | D153: 34266.36 | E153: 2855.53 | F153: 48 | G153: 4 | H153: 50 | I153: 4.1 | J153: https://amazon.com/dp/B0FPQRJL3Z | K153: =HYPERLINK(J153) -> https://amazon.com/dp/B0FPQRJL3Z
A154: Sewer Camera,100ft Plumbing Drain Camera with DVR 30M Cable Industrial Endoscope Waterproof IP68 Cable Snake Video System with 7 Inch LCD Monitor 1000TVL DVR Recorder | B154: B07T7G66P8 | C154: 489.99 | D154: 19398.12 | E154: 1616.51 | F154: 48 | G154: 4 | H154: 83 | I154: 4.3 | J154: https://amazon.com/dp/B07T7G66P8 | K154: =HYPERLINK(J154) -> https://amazon.com/dp/B07T7G66P8
A155: Anysun Self-Leveling Sewer Camera with Locator, 9'' Pipe Drain Inspection System, 100ft Meter Marker Cable, DVR, 12 Adjustable Lights for Plumbing Snake | B155: B0CQK1GSHP | C155: 799.99 | D155: 36756.12 | E155: 3063.01 | F155: 48 | G155: 4 | H155: 36 | I155: 4 | J155: https://amazon.com/dp/B0CQK1GSHP | K155: =HYPERLINK(J155) -> https://amazon.com/dp/B0CQK1GSHP
A156: Anysun Sewer Inspection Camera - 100ft with 512Hz Transmitter, Receiver & 7" LCD Monitor - IP68 Waterproof Pipe Camera DVR Recorder (8GB SD Card) | B156: B0B2JT9WQD | C156: 699.99 | D156: 33905.88 | E156: 2825.49 | F156: 48 | G156: 4 | H156: 24 | I156: 4.1 | J156: https://amazon.com/dp/B0B2JT9WQD | K156: =HYPERLINK(J156) -> https://amazon.com/dp/B0B2JT9WQD
A157: Sewer Camera with Locator, Anysun Self Leveling Sewer Inspection Camera with Distance Counter, 165ft Cable with 9'' 1080P HD Monitor and DVR 32GB Card, IP68 Waterproof with 12 Lights | B157: B0DBZP6GCT | C157: 799.99 | D157: 36266.76 | E157: 3022.23 | F157: 48 | G157: 4 | H157: 3 | I157: 3 | J157: https://amazon.com/dp/B0DBZP6GCT | K157: =HYPERLINK(J157) -> https://amazon.com/dp/B0DBZP6GCT
A158: Anysun Sewer Camera 100ft Snake Cam with Distance Counter DVR Video Sewer Pipe Inspection Equipment 7 inch LCD Monitor Duct HVAC 1000TVL Endoscope Waterproof IP68 Camera (8GB SD Card) | B158: B07RGV67HY | C158: 529.99 | D158: 24902.4 | E158: 2075.2 | F158: 48 | G158: 4 | H158: 514 | I158: 4.2 | J158: https://amazon.com/dp/B07RGV67HY | K158: =HYPERLINK(J158) -> https://amazon.com/dp/B07RGV67HY
A159: Anysun Sewer Camera with 512hz sonde, Self Leveling Sewer Inspection Camera 200ft with 7MM Cable and Meter Marker, 9'' Monitor and DVR, 12 Adjustable Lights(32GB Card) | B159: B0CYSJHBGQ | C159: 892.48 | D159: 38961.96 | E159: 3246.83 | F159: 48 | G159: 4 | H159: 10 | I159: 4.4 | J159: https://amazon.com/dp/B0CYSJHBGQ | K159: =HYPERLINK(J159) -> https://amazon.com/dp/B0CYSJHBGQ
...

Sheet VEVOR
A1: #VALUE!
A7: Rank by Revenue
A8: Product Name | B8: ASIN | C8: Avg Price | D8: Estimated 12mo Revenue | E8: Monthly Rev | F8: Estimated 12mo Units | G8: Monthly Units | H8: # of Reviews | I8: Tool Rating | J8: Column1 | K8: Link
A9: VEVOR Sewer Inspection Camera, 300 ft/91.5 m, 9" Pipeline Camera w/DVR & 512Hz Locator, IP68 Waterproof, 12 LEDs, 16 GB SD Card for Sewer, Drain & Duct Pipe Plumbing | B9: B0CM3FBXJT | C9: 659.99 | D9: 397155 | E9: 33096.25 | F9: 576 | G9: 48 | H9: 22 | I9: 4.1 | J9: https://amazon.com/dp/B0CM3FBXJT | K9: =HYPERLINK(J9) -> https://amazon.com/dp/B0CM3FBXJT
A10: VEVOR Articulating Borescope Camera with Light, Two-Way Articulated Endoscope Inspection Camera with 6.4mm Tiny Lens, 5" IPS 1080P HD Screen, 8X Zoom, 8 LED Light Snake Cameras for Auto, Plumbing | B10: B0C9GR791B | C10: 84.89 | D10: 343449 | E10: 28620.75 | F10: 3576 | G10: 298 | H10: 437 | I10: 4.6 | J10: https://amazon.com/dp/B0C9GR791B | K10: =HYPERLINK(J10) -> https://amazon.com/dp/B0C9GR791B
A11: VEVOR Sewer Camera, 98.4 ft/30 m, 4.3" Pipe Drain Inspection Camera with DVR Function and LED Lights, Waterproof IP68 Borescope, Industrial Endoscope for Home Wall Duct Drain Pipe Plumbing | B11: B0CYPV6964 | C11: 220.9 | D11: 248040.4 | E11: 20670.03 | F11: 1128 | G11: 94 | H11: 70 | I11: 4.3 | J11: https://amazon.com/dp/B0CYPV6964 | K11: =HYPERLINK(J11) -> https://amazon.com/dp/B0CYPV6964
A12: VEVOR Sewer Camera with 512Hz Locator, 98 ft/30 m, Self-Leveling Drain Inspection Camera with 9" 1080P HD Screen, 36X Zoom, Snake Plumbing Cameras with Lights-12 LED, 32GB SD Card for Duct Pipe | B12: B0DNMF126P | C12: 599.99 | D12: 187605 | E12: 15633.75 | F12: 300 | G12: 25 | H12: 10 | I12: 3.4 | J12: https://amazon.com/dp/B0DNMF126P | K12: =HYPERLINK(J12) -> https://amazon.com/dp/B0DNMF126P
A13: VEVOR Sewer Camera, 98 ft/30m, 4.3" Drain Inspection Tool, IP68 Waterproof Snake Plumbing Camera with Lights - 6 Adjustable LEDs, 4500mAh Battery & 16GB Card for Sewer Line Duct Pipes | B13: B0FPBZ2R5N | C13: 174.99 | D13: 128282.2 | E13: 10690.18 | F13: 636 | G13: 53 | H13: 9 | I13: 3.3 | J13: https://amazon.com/dp/B0FPBZ2R5N | K13: =HYPERLINK(J13) -> https://amazon.com/dp/B0FPBZ2R5N
A14: VEVOR Sewer Camera, 164ft/50M 4.3" Pipe Drain Inspection Camera with DVR Function & Snake Cable, Waterproof IP68 Borescope w/LED Lights, Industrial Endoscope for Home Wall Duct Drain Pipe Plumbing | B14: B098XFG46Y | C14: 238.99 | D14: 119533.1 | E14: 9961.09 | F14: 456 | G14: 38 | H14: 99 | I14: 4 | J14: https://amazon.com/dp/B098XFG46Y | K14: =HYPERLINK(J14) -> https://amazon.com/dp/B098XFG46Y
A15: VEVOR Inspection Camera with Light, Screen Industrial Borescope, 1080P HD Split Screen, LED Lights Scope Camera for Automotive, Plumbing (4.3inch IPS Screen-49.2FT) | B15: B0DJGFZQ5X | C15: 34.9 | D15: 112591.6 | E15: 9382.63 | F15: 2292 | G15: 191 | H15: 566 | I15: 4.5 | J15: https://amazon.com/dp/B0DJGFZQ5X | K15: =HYPERLINK(J15) -> https://amazon.com/dp/B0DJGFZQ5X
A16: VEVOR 165 ft/50m Self-Leveling Pipeline Inspection Camera with 9" 1080P HD Screen, 36X Zoom, IP68 Waterproof, 32GB Card, Black | B16: B0DNYTF8L4 | C16: 443.99 | D16: 107752.3 | E16: 8979.36 | F16: 240 | G16: 20 | H16: 6 | I16: 3.5 | J16: https://amazon.com/dp/B0DNYTF8L4 | K16: =HYPERLINK(J16) -> https://amazon.com/dp/B0DNYTF8L4
A17: VEVOR Sewer Camera 165ft/50m with 9" Screen, DVR, IP68 Waterproof, 12 LEDs, 16GB SD Card for Sewer Lines, Home Drain Pipes, Ducts & Plumbing | B17: B0BV2SYJDK | C17: 467.99 | D17: 102513.8 | E17: 8542.82 | F17: 216 | G17: 18 | H17: 75 | I17: 4.1 | J17: https://amazon.com/dp/B0BV2SYJDK | K17: =HYPERLINK(J17) -> https://amazon.com/dp/B0BV2SYJDK
A18: VEVOR Sewer Camera with 512Hz Locator,100 ft/30 m, 7" Pipeline Inspection Kit with DVR Function, IP68, 12 Adjustable LEDs, A 16 GB SD Card for Sewer Line, Home, Duct Drain Pipe Plumbing | B18: B0C1BN96WB | C18: 467.9 | D18: 101395.3 | E18: 8449.61 | F18: 216 | G18: 18 | H18: 151 | I18: 3.9 | J18: https://amazon.com/dp/B0C1BN96WB | K18: =HYPERLINK(J18) -> https://amazon.com/dp/B0C1BN96WB
A19: VEVOR Sewer Camera with 512Hz Locator, 98 ft/30 m, 9" Drain Inspection Camera with Self-Leveling, 36X Zoom, Plumbing Camera with Lights-12 LED, 32GB Card, IP68 Waterproof Snake Camera for Duct Pipe | B19: B0DNMH4MR6 | C19: 606.99 | D19: 99381.24 | E19: 8281.77 | F19: 144 | G19: 12 | H19: 8 | I19: 4.7 | J19: https://amazon.com/dp/B0DNMH4MR6 | K19: =HYPERLINK(J19) -> https://amazon.com/dp/B0DNMH4MR6
A20: VEVOR Sewer Camera with 512Hz Locator,165 ft/50 m, Self-Leveling Drain Inspection Camera with 9" 1080P HD Screen, 36X Zoom, Snake Plumbing Cameras with Lights-12 LED, 32GB SD Card for Duct Pipe | B20: B0DNMHPJR6 | C20: 799.99 | D20: 88350.84 | E20: 7362.57 | F20: 108 | G20: 9 | H20: 10 | I20: 3.4 | J20: https://amazon.com/dp/B0DNMHPJR6 | K20: =HYPERLINK(J20) -> https://amazon.com/dp/B0DNMHPJR6
... A43: VEVOR Endoscope Camera with Light, 1920P HD Borescope for Android & iOS, 8 LED Lights Inspection Camera with 10FT Semi-Rigid Cable, 2X Zoom, IP67 Waterproof Snake Scope Camera for Auto, Plumbing | B43: B0F6CTJM12 | C43: 14.44 | D43: 2026.2 | E43: 168.85 | F43: 96 | G43: 8 | H43: 34 | I43: 3.9 | J43: https://amazon.com/dp/B0F6CTJM12 | K43: =HYPERLINK(J43) -> https://amazon.com/dp/B0F6CTJM12
A44: Total | D44: =SUM(D9:D43) -> 3058313.2 | E44: =SUM(E9:E43) -> 254859.43
A47: Rank by Units
A48: Product Name | B48: ASIN | C48: Avg Price | D48: Estimated 12mo Revenue | E48: Monthly Rev | F48: Estimated 12mo Units | G48: Monthly Units | H48: # of Reviews | I48: Tool Rating | J48: Column1 | K48: Link
A49: VEVOR Articulating Borescope Camera with Light, Two-Way Articulated Endoscope Inspection Camera with 6.4mm Tiny Lens, 5" IPS 1080P HD Screen, 8X Zoom, 8 LED Light Snake Cameras for Auto, Plumbing | B49: B0C9GR791B | C49: 84.89 | D49: 343449 | E49: 28620.75 | F49: 3576 | G49: 298 | H49: 437 | I49: 4.6 | J49: https://amazon.com/dp/B0C9GR791B | K49: =HYPERLINK(J49) -> https://amazon.com/dp/B0C9GR791B
A50: VEVOR Inspection Camera with Light, Screen Industrial Borescope, 1080P HD Split Screen, LED Lights Scope Camera for Automotive, Plumbing (4.3inch IPS Screen-49.2FT) | B50: B0DJGFZQ5X | C50: 34.9 | D50: 112591.56 | E50: 9382.63 | F50: 2292 | G50: 191 | H50: 566 | I50: 4.5 | J50: https://amazon.com/dp/B0DJGFZQ5X | K50: =HYPERLINK(J50) -> https://amazon.com/dp/B0DJGFZQ5X
A51: VEVOR Endoscope Camera with Light, Triple Lens Industrial Borescope, 5" Screen 1080P Inspection Camera, 8 + 2 Lights, IP67 Waterproof Snake Cameras for Automotive, Plumbing (16.4FT Cable, 32GB Card) | B51: B0DHRTVQZB | C51: 55.99 | D51: 86511.96 | E51: 7209.33 | F51: 1560 | G51: 130 | H51: 187 | I51: 4.4 | J51: https://amazon.com/dp/B0DHRTVQZB | K51: =HYPERLINK(J51) -> https://amazon.com/dp/B0DHRTVQZB
A52: VEVOR Borescope Triple Lens Endoscope Camera with Light, 4.5" Screen 1080P Inspection Camera with 10 LED Light, IP67 Waterproof Drain Snake Cameras for Auto, Plumbing(16.5FT Cable, 32GB Card) | B52: B0BVMFYQNS | C52: 42.76 | D52: 82509.96 | E52: 6875.83 | F52: 1536 | G52: 128 | H52: 570 | I52: 4.5 | J52: https://amazon.com/dp/B0BVMFYQNS | K52: =HYPERLINK(J52) -> https://amazon.com/dp/B0BVMFYQNS
A53: VEVOR Endoscope Camera with Light, Triple Lens Borescope with 49.2FT Semi-Rigid Cable, 5" Screen 1080P Inspection Camera, 8 + 2 LED Lights, IP67 Waterproof Snake Cameras for Auto, Plumbing (32GB Card) | B53: B0DGTFVHF3 | C53: 47.99 | D53: 60110.16 | E53: 5009.18 | F53: 1200 | G53: 100 | H53: 270 | I53: 4.4 | J53: https://amazon.com/dp/B0DGTFVHF3 | K53: =HYPERLINK(J53) -> https://amazon.com/dp/B0DGTFVHF3
A54: VEVOR Sewer Camera, 98.4 ft/30 m, 4.3" Pipe Drain Inspection Camera with DVR Function and LED Lights, Waterproof IP68 Borescope, Industrial Endoscope for Home Wall Duct Drain Pipe Plumbing | B54: B0CYPV6964 | C54: 220.9 | D54: 248040.36 | E54: 20670.03 | F54: 1128 | G54: 94 | H54: 70 | I54: 4.3 | J54: https://amazon.com/dp/B0CYPV6964 | K54: =HYPERLINK(J54) -> https://amazon.com/dp/B0CYPV6964
A55: VEVOR Triple Lens Inspection Camera with Light, 5" IPS Screen Industrial Borescope, 8X Zoom 1080P HD Split Screen, 10 LED Lights Scope Camera for Automotive, Plumbing(16.5FT) | B55: B0C2Z9ZK9F | C55: 73.98 | D55: 45808.92 | E55: 3817.41 | F55: 660 | G55: 55 | H55: 269 | I55: 4.4 | J55: https://amazon.com/dp/B0C2Z9ZK9F | K55: =HYPERLINK(J55) -> https://amazon.com/dp/B0C2Z9ZK9F
A56: VEVOR Sewer Camera, 98 ft/30m, 4.3" Drain Inspection Tool, IP68 Waterproof Snake Plumbing Camera with Lights - 6 Adjustable LEDs, 4500mAh Battery & 16GB Card for Sewer Line Duct Pipes | B56: B0FPBZ2R5N | C56: 174.99 | D56: 128282.16 | E56: 10690.18 | F56: 636 | G56: 53 | H56: 9 | I56: 3.3 | J56: https://amazon.com/dp/B0FPBZ2R5N | K56: =HYPERLINK(J56) -> https://amazon.com/dp/B0FPBZ2R5N
A57: VEVOR Endoscope Camera with Light, Dual Lens Industrial Borescope, 4.3" Screen 1080P Inspection Camera, 8 + 1 Lights, 4X Zoom, IP67 Waterproof Snake Camera for Auto, Plumbing (16.4FT Cable, 32GB Card) | B57: B0DJGFL6B8 | C57: 31.44 | D57: 20016.36 | E57: 1668.03 | F57: 588 | G57: 49 | H57: 187 | I57: 4.4 | J57: https://amazon.com/dp/B0DJGFL6B8 | K57: =HYPERLINK(J57) -> https://amazon.com/dp/B0DJGFL6B8
A58: VEVOR Sewer Inspection Camera, 300 ft/91.5 m, 9" Pipeline Camera w/DVR & 512Hz Locator, IP68 Waterproof, 12 LEDs, 16 GB SD Card for Sewer, Drain & Duct Pipe Plumbing | B58: B0CM3FBXJT | C58: 659.99 | D58: 397155 | E58: 33096.25 | F58: 576 | G58: 48 | H58: 22 | I58: 4.1 | J58: https://amazon.com/dp/B0CM3FBXJT | K58: =HYPERLINK(J58) -> https://amazon.com/dp/B0CM3FBXJT
A59: VEVOR Sewer Camera, 164ft/50M 4.3" Pipe Drain Inspection Camera with DVR Function & Snake Cable, Waterproof IP68 Borescope w/LED Lights, Industrial Endoscope for Home Wall Duct Drain Pipe Plumbing | B59: B098XFG46Y | C59: 238.99 | D59: 119533.08 | E59: 9961.09 | F59: 456 | G59: 38 | H59: 99 | I59: 4 | J59: https://amazon.com/dp/B098XFG46Y | K59: =HYPERLINK(J59) -> https://amazon.com/dp/B098XFG46Y
A60: VEVOR Borescope Triple Lens Endoscope Camera with Light, 4.3" IPS Screen Inspection Camera with 8 + 2 Lights, IP67 Waterproof Snake Scope Cameras for Automotive, Plumbing (16.4FT Cable, 32GB Card) | B60: B0DJ6NXXXS | C60: 39.99 | D60: 18193.56 | E60: 1516.13 | F60: 432 | G60: 36 | H60: 270 | I60: 4.4 | J60: https://amazon.com/dp/B0DJ6NXXXS | K60: =HYPERLINK(J60) -> https://amazon.com/dp/B0DJ6NXXXS
... A83: VEVOR Sewer Camera, 164 ft/50m, Self-Leveling Drain Inspection Camera with 4.3" 1080P HD Screen, IP68 Waterproof Snake Plumbing Camera with Lights - 12 LEDs & 16GB Card for Sewer Line Duct Pipe | B83: B0FPBVG1QJ | C83: 349.99 | D83: 10352.16 | E83: 862.68 | F83: 24 | G83: 2 | H83: 9 | I83: 3.3 | J83: https://amazon.com/dp/B0FPBVG1QJ | K83: =HYPERLINK(J83) -> https://amazon.com/dp/B0FPBVG1QJ
A84: Total | F84: =SUM(VEVOR!F49:F83) -> 18732 | G84: =SUM(VEVOR!G49:G83) -> 1561

Sheet SANYIPACE
A1: #VALUE!
A7: Rank by Revenue
A8: Product Name | B8: ASIN | C8: Avg Price | D8: Estimated 12mo Revenue | E8: Monthly Rev | F8: Estimated 12mo Units | G8: Monthly Units | H8: # of Reviews | I8: Tool Rating | J8: Column1 | K8: Link
A9: Sanyipace Sewer Camera 100FT/30M, Self-Leveling Drain Camera, DVR with Speaker, 1080P Pipe Camera with Distance Counter, 32GB Card, 5mm/0.2-inch Cable, IP68 Waterproof Plumbing Camrea for Sewer Line | B9: B0DYDGXG2N | C9: 659.88 | D9: 228870.72 | E9: 19072.56 | F9: 348 | G9: 29 | H9: 6 | I9: 4.8 | J9: https://amazon.com/dp/B0DYDGXG2N | K9: =HYPERLINK(J9) -> https://amazon.com/dp/B0DYDGXG2N
A10: Sanyipace Pipe Inspection Camera 165FT/50M, Self-Leveling Sewer Camera, Distance Counter, DVR with Speaker, 32GB Card, 10.1" IPS Screen Plumbing Camera with 12PCS Lights, 5X Zoom, 5mm/0.2-inch Cable | B10: B0DY1KCDWW | C10: 759.88 | D10: 183450.72 | E10: 15287.56 | F10: 240 | G10: 20 | H10: 6 | I10: 4.8 | J10: https://amazon.com/dp/B0DY1KCDWW | K10: =HYPERLINK(J10) -> https://amazon.com/dp/B0DY1KCDWW
A11: Sanyipace Trolley Sewer Camera 100FT/30M with Self-Leveling, Retractable Handle, Equipped 512Hz Transmitter, Distance Counter, Microphone Speaker Keyboard, 10" Color Screen, 7mm Cable | B11: B0DSJGPDB6 | C11: 899.99 | D11: 151612.68 | E11: 12634.39 | F11: 168 | G11: 14 | H11: 120 | I11: 4.1 | J11: https://amazon.com/dp/B0DSJGPDB6 | K11: =HYPERLINK(J11) -> https://amazon.com/dp/B0DSJGPDB6
A12: Sanyipace Sewer Inspection Camera 230FT/70M, Self-Leveling Drain Pipe Camera, Distance Counter, 5-Level Brightness, 1080P Plumbing Camera for Plumber, 32GB Card, 4500mAh Battery, 5mm/0.2-inch Cable | B12: B0DYJGWGHB | C12: 859.88 | D12: 146140.32 | E12: 12178.36 | F12: 168 | G12: 14 | H12: 6 | I12: 4.8 | J12: https://amazon.com/dp/B0DYJGWGHB | K12: =HYPERLINK(J12) -> https://amazon.com/dp/B0DYJGWGHB
A13: Sanyipace Pipe Locator 512Hz Receiver Locating Wand for Sewer Camera, Higher-Precision Plumbing Drain Camera Detector Tester Tool for Underground Exploration (Not Included Transmitter) | B13: B0DP8WKC2J | C13: 399.99 | D13: 117906.96 | E13: 9825.58 | F13: 300 | G13: 25 | H13: 4 | I13: 4.2 | J13: https://amazon.com/dp/B0DP8WKC2J | K13: =HYPERLINK(J13) -> https://amazon.com/dp/B0DP8WKC2J
A14: Sanyipace Sewer Camera with Pipe Locator, 7mm/0.28inch Cable, 512Hz, 10.1" IPS Screen, 32GB Card, 165FT/50M Borescope Inspection Camera, DVR with Speaker, for Drain Pipe Plumbing Inspection | B14: B0DRP5QBNB | C14: 659.88 | D14: 113137.56 | E14: 9428.13 | F14: 108 | G14: 9 | H14: 6 | I14: 4.8 | J14: https://amazon.com/dp/B0DRP5QBNB | K14: =HYPERLINK(J14) -> https://amazon.com/dp/B0DRP5QBNB
A15: Sanyipace Drain Camera 512Hz, Self-Leveling Sewer Camera with Distance Counter, 5X Zoom, 4500mAh Battery, Waterproof Pipe Camera for Plumbing Duct Home Inspection, 66FT/20M Cable, Included 16GB Card | B15: B0DPFBKHT4 | C15: 479.63 | D15: 110067.72 | E15: 9172.31 | F15: 168 | G15: 14 | H15: 43 | I15: 4.4 | J15: https://amazon.com/dp/B0DPFBKHT4 | K15: =HYPERLINK(J15) -> https://amazon.com/dp/B0DPFBKHT4
A16: Sanyipace Sewer Camera Self-Leveling 100FT/30M, Drain Camera with 512Hz Transmitter, Meter Counter, Pipe Inspection Cámara with Microphone Speaker DVR Recorder, 32GB TF Card, Guide Wheel (7mm Cable) | B16: B0FLVB6GYH | C16: 949.99 | D16: 100595.88 | E16: 8382.99 | F16: 108 | G16: 9 | H16: 120 | I16: 4.1 | J16: https://amazon.com/dp/B0FLVB6GYH | K16: =HYPERLINK(J16) -> https://amazon.com/dp/B0FLVB6GYH
A17: Sanyipace Drain Camera 100FT/30M, 23mm/0.9in FHD Sewer Inspection Camera, 5X Zoom, Distance Counter, 9" IPS Screen, DVR & Voice Recorder, 16GB Card, for Sewer Line, Pipe, Duct, Plumbing, Plumber, Home | B17: B0C9TP4FVP | C17: 659.88 | D17: 94431.96 | E17: 7869.33 | F17: 144 | G17: 12 | H17: 43 | I17: 4.4 | J17: https://amazon.com/dp/B0C9TP4FVP | K17: =HYPERLINK(J17) -> https://amazon.com/dp/B0C9TP4FVP
A18: Sanyipace Portable Sewer Camera with Short-Range Lens, Drain Inspection Camera, 0.7in/18mm IP68 Waterproof Pipe Probe, Length Markers, Perfect Ideal for Plumbers, Homeowners, Contractors (65FT/20M) | B18: B0FHVPYYQ7 | C18: 199.99 | D18: 90112.56 | E18: 7509.38 | F18: 456 | G18: 38 | H18: 4 | I18: 4 | J18: https://amazon.com/dp/B0FHVPYYQ7 | K18: =HYPERLINK(J18) -> https://amazon.com/dp/B0FHVPYYQ7
A19: Sanyipace Sewer Camera 100FT/30M, 0.67in/17mm Pipe Inspection Camera with Light, 5600mAh Battery, Mic & Speaker, 4.3" Screen, 8 LEDs, 1000TVL Plumbing Snake Camera, Included 16GB Card | B19: B0DJLM28ZL | C19: 299.98 | D19: 88927.8 | E19: 7410.65 | F19: 300 | G19: 25 | H19: 126 | I19: 4.4 | J19: https://amazon.com/dp/B0DJLM28ZL | K19: =HYPERLINK(J19) -> https://amazon.com/dp/B0DJLM28ZL
A20: Sanyipace Sewer Camera 100FT/30M, 512Hz Sonde, Self-Leveling Drain Camera, Distance Counter, 5X Zoom, Video & Voice Recorder, 9" Screen Sewer Pipe Camera for Plumber, Plumbing Camera with 12PCS LEDs | B20: B0DPFBK493 | C20: 759.88 | D20: 74096.16 | E20: 6174.68 | F20: 96 | G20: 8 | H20: 43 | I20: 4.4 | J20: https://amazon.com/dp/B0DPFBK493 | K20: =HYPERLINK(J20) -> https://amazon.com/dp/B0DPFBK493
... A44: Sanyipace Sewer Camera Probe with 512Hz Transmitter & Self-Leveling Function, 12 LED Lights, 1080P FHD, IP68 Waterproof (ONLY for Sanyipace Model Number: F5800ADJKABTX, F5100DJKABTX) | B44: B0BCK4ZV3G | C44: 299.99 | D44: 8124.12 | E44: 677.01 | F44: 24 | G44: 2 | H44: 3 | I44: 4.7 | J44: https://amazon.com/dp/B0BCK4ZV3G | K44: =HYPERLINK(J44) -> https://amazon.com/dp/B0BCK4ZV3G
A45: Sanyipace Sewer Inspection Camera Probe, 0.67in/17mm Camera Lens, 8pcs LED Lights, 1000TVL, IP68 Waterproof (ONLY for Sanyipace Sewer Camera, Model: S8417D) | B45: B0CST61RTM | C45: 139.99 | D45: 8088.72 | E45: 674.06 | F45: 60 | G45: 5 | J45: https://amazon.com/dp/B0CST61RTM | K45: =HYPERLINK(J45) -> https://amazon.com/dp/B0CST61RTM
A46: Sanyipace Sewer Camera Probe with Self-Leveling, 512Hz Sone, 1080P FHD Borescope, 12 PCS LED Lights, Plumbing Accessories, IP68 Waterproof (ONLY for Sanyipace Sewer Camera, Model: S610ASMKTCP) | B46: B0CZDGRGNZ | C46: 289.99 | D46: 6118.08 | E46: 509.84 | F46: 24 | G46: 2 | J46: https://amazon.com/dp/B0CZDGRGNZ | K46: =HYPERLINK(J46) -> https://amazon.com/dp/B0CZDGRGNZ
A47: Sanyipace Guide Wheels Pipe Pulley of Sewer Camera Probe, for 0.87in/22mm and 0.9in/23mm Diameter Duct Camera Head, Suitable for Pipe Diameters Greater Than 3.7in/95mm Diameter | B47: B0BCW5XW19 | C47: 24.99 | D47: 3002.76 | E47: 250.23 | F47: 96 | G47: 8 | H47: 42 | I47: 4.4 | J47: https://amazon.com/dp/B0BCW5XW19 | K47: =HYPERLINK(J47) -> https://amazon.com/dp/B0BCW5XW19
A48: Sanyipace Sewer Camera Type-c Adapter, US Plug, Battery Power Charger Adapter for Pipe Inspection Camera, Model: S8417D, Sewer Camera Accessories | B48: B0CP3YBTT4 | C48: 25.99 | D48: 2546.16 | E48: 212.18 | F48: 96 | G48: 8 | H48: 1 | I48: 5 | J48: https://amazon.com/dp/B0CP3YBTT4 | K48: =HYPERLINK(J48) -> https://amazon.com/dp/B0CP3YBTT4
A49: Sanyipace Sewer Camera Charger, Drain Camera Accessories, 12V DC Adapter, 100VAC-240VAC/DC, Battery Power Charger for Pipe Camera, Works with All Sanyipace Sewer Cameras Except S8417D - US Plug | B49: B0B3DBLPF2 | C49: 25.99 | D49: 2370.84 | E49: 197.57 | F49: 96 | G49: 8 | H49: 3 | I49: 5 | J49: https://amazon.com/dp/B0B3DBLPF2 | K49: =HYPERLINK(J49) -> https://amazon.com/dp/B0B3DBLPF2
A50: Sanyipace Sewer Camera Replacement Parts, ONLY for Sanyipace S8417D Model | B50: B0DWMQTVC2 | C50: 39.99 | D50: 2042.04 | E50: 170.17 | F50: 48 | G50: 4 | J50: https://amazon.com/dp/B0DWMQTVC2 | K50: =HYPERLINK(J50) -> https://amazon.com/dp/B0DWMQTVC2
A51: Sanyipace Distance Counter for Sewer Camera, ONLY for Sanyipace S610ASMKTCP Model | B51: B0DWMLN6VW | C51: 59.99 | D51: 1092.12 | E51: 91.01 | F51: 24 | G51: 2 | J51: https://amazon.com/dp/B0DWMLN6VW | K51: =HYPERLINK(J51) -> https://amazon.com/dp/B0DWMLN6VW
A52: Sanyipace Sewer Camera 131FT/40M with 512Hz Transmitter, Self-Leveling, Distance Counter, Plumbing Inspection Camera with Microphone Speaker Audio Video Record, 16GB TF Card, Pipe Pulley (7mm Cable) | B52: B0BTM3S231 | C52: 999.99 | F52: 0 | G52: 0 | H52: 120 | I52: 4.1 | J52: https://amazon.com/dp/B0BTM3S231 | K52: =HYPERLINK(J52) -> https://amazon.com/dp/B0BTM3S231
A53: Sanyipace Sewer Camera Probe with 512Hz Transmitter, Without Self-Leveling Function, 12pcs LED Lights, Drain Camera Head (ONLY for Sanyipace: F929DJTX, 9723WF, 9723D, 9300D) | B53: B0B3DH6L6Q | C53: 209.99 | F53: 0 | G53: 0 | H53: 3 | I53: 4.7 | J53: https://amazon.com/dp/B0B3DH6L6Q | K53: =HYPERLINK(J53) -> https://amazon.com/dp/B0B3DH6L6Q
A54: Sanyipace Sewer Camera Replacement Cable, ONLY S610ASMKTCP Model, 7mm/0.28-Inch Diameter, 165FT/50M | B54: B0DWMNLK1B | C54: 259.99 | F54: 0 | G54: 0 | H54: 1 | I54: 5 | J54: https://amazon.com/dp/B0DWMNLK1B | K54: =HYPERLINK(J54) -> https://amazon.com/dp/B0DWMNLK1B
A55: Total | D55: =SUM(D9:D54) -> 2064191 | E55: =SUM(E9:E54) -> 172015.92
A58: Rank by Units
A59: Product Name | B59: ASIN | C59: Avg Price | D59: Estimated 12mo Revenue | E59: Monthly Rev | F59: Estimated 12mo Units | G59: Monthly Units | H59: # of Reviews | I59: Tool Rating | J59: Column1 | K59: Link
A60: Sanyipace Portable Sewer Camera with Short-Range Lens, Drain Inspection Camera, 0.7in/18mm IP68 Waterproof Pipe Probe, Length Markers, Perfect Ideal for Plumbers, Homeowners, Contractors (65FT/20M) | B60: B0FHVPYYQ7 | C60: 199.99 | D60: 90112.56 | E60: 7509.38 | F60: 456 | G60: 38 | H60: 4 | I60: 4 | J60: https://amazon.com/dp/B0FHVPYYQ7 | K60: =HYPERLINK(J60) -> https://amazon.com/dp/B0FHVPYYQ7
A61: Sanyipace Sewer Camera 100FT/30M, Self-Leveling Drain Camera, DVR with Speaker, 1080P Pipe Camera with Distance Counter, 32GB Card, 5mm/0.2-inch Cable, IP68 Waterproof Plumbing Camrea for Sewer Line | B61: B0DYDGXG2N | C61: 659.88 | D61: 228870.72 | E61: 19072.56 | F61: 348 | G61: 29 | H61: 6 | I61: 4.8 | J61: https://amazon.com/dp/B0DYDGXG2N | K61: =HYPERLINK(J61) -> https://amazon.com/dp/B0DYDGXG2N
A62: Sanyipace Sewer Camera 100FT/30M, 0.67in/17mm Pipe Inspection Camera with Light, 5600mAh Battery, Mic & Speaker, 4.3" Screen, 8 LEDs, 1000TVL Plumbing Snake Camera, Included 16GB Card | B62: B0DJLM28ZL | C62: 299.98 | D62: 88927.8 | E62: 7410.65 | F62: 300 | G62: 25 | H62: 126 | I62: 4.4 | J62: https://amazon.com/dp/B0DJLM28ZL | K62: =HYPERLINK(J62) -> https://amazon.com/dp/B0DJLM28ZL
A63: Sanyipace Pipe Locator 512Hz Receiver Locating Wand for Sewer Camera, Higher-Precision Plumbing Drain Camera Detector Tester Tool for Underground Exploration (Not Included Transmitter) | B63: B0DP8WKC2J | C63: 399.99 | D63: 117906.96 | E63: 9825.58 | F63: 300 | G63: 25 | H63: 4 | I63: 4.2 | J63: https://amazon.com/dp/B0DP8WKC2J | K63: =HYPERLINK(J63) -> https://amazon.com/dp/B0DP8WKC2J
A64: Sanyipace Pipe Inspection Camera 165FT/50M, Self-Leveling Sewer Camera, Distance Counter, DVR with Speaker, 32GB Card, 10.1" IPS Screen Plumbing Camera with 12PCS Lights, 5X Zoom, 5mm/0.2-inch Cable | B64: B0DY1KCDWW | C64: 759.88 | D64: 183450.72 | E64: 15287.56 | F64: 240 | G64: 20 | H64: 6 | I64: 4.8 | J64: https://amazon.com/dp/B0DY1KCDWW | K64: =HYPERLINK(J64) -> https://amazon.com/dp/B0DY1KCDWW
A65: Sanyipace 18MM Sewer Camera, 66FT/20M Drain Inspection Camera with Microphone and Speaker, 1080P IP68 Waterproof Pipe Camera with 8 LEDs, Stiff Cable for Drain Duct Plumbing Inspection, 32GB Card | B65: B0FHK3NQ4R | C65: 199.88 | D65: 44572.8 | E65: 3714.4 | F65: 228 | G65: 19 | H65: 126 | I65: 4.4 | J65: https://amazon.com/dp/B0FHK3NQ4R | K65: =HYPERLINK(J65) -> https://amazon.com/dp/B0FHK3NQ4R
A66: Sanyipace Sewer Camera 165FT/50M, 0.67in/17mm Pipe Inspection Camera with Light, 5600mAh Battery, Meter Maker, Mic & Speaker, 4.3" Screen, 8 LEDs, 1000TVL Plumbing Snake Camera, Included 32GB Card | B66: B0DP9QQZC1 | C66: 359.99 | D66: 63321.24 | E66: 5276.77 | F66: 180 | G66: 15 | H66: 126 | I66: 4.4 | J66: https://amazon.com/dp/B0DP9QQZC1 | K66: =HYPERLINK(J66) -> https://amazon.com/dp/B0DP9QQZC1
A67: Sanyipace Sewer Inspection Camera 230FT/70M, Self-Leveling Drain Pipe Camera, Distance Counter, 5-Level Brightness, 1080P Plumbing Camera for Plumber, 32GB Card, 4500mAh Battery, 5mm/0.2-inch Cable | B67: B0DYJGWGHB | C67: 859.88 | D67: 146140.32 | E67: 12178.36 | F67: 168 | G67: 14 | H67: 6 | I67: 4.8 | J67: https://amazon.com/dp/B0DYJGWGHB | K67: =HYPERLINK(J67) -> https://amazon.com/dp/B0DYJGWGHB
A68: Sanyipace Trolley Sewer Camera 100FT/30M with Self-Leveling, Retractable Handle, Equipped 512Hz Transmitter, Distance Counter, Microphone Speaker Keyboard, 10" Color Screen, 7mm Cable | B68: B0DSJGPDB6 | C68: 899.99 | D68: 151612.68 | E68: 12634.39 | F68: 168 | G68: 14 | H68: 120 | I68: 4.1 | J68: https://amazon.com/dp/B0DSJGPDB6 | K68: =HYPERLINK(J68) -> https://amazon.com/dp/B0DSJGPDB6
A69: Sanyipace Drain Camera 512Hz, Self-Leveling Sewer Camera with Distance Counter, 5X Zoom, 4500mAh Battery, Waterproof Pipe Camera for Plumbing Duct Home Inspection, 66FT/20M Cable, Included 16GB Card | B69: B0DPFBKHT4 | C69: 479.63 | D69: 110067.72 | E69: 9172.31 | F69: 168 | G69: 14 | H69: 43 | I69: 4.4 | J69: https://amazon.com/dp/B0DPFBKHT4 | K69: =HYPERLINK(J69) -> https://amazon.com/dp/B0DPFBKHT4
A70: Sanyipace Drain Camera 100FT/30M, 23mm/0.9in FHD Sewer Inspection Camera, 5X Zoom, Distance Counter, 9" IPS Screen, DVR & Voice Recorder, 16GB Card, for Sewer Line, Pipe, Duct, Plumbing, Plumber, Home | B70: B0C9TP4FVP | C70: 659.88 | D70: 94431.96 | E70: 7869.33 | F70: 144 | G70: 12 | H70: 43 | I70: 4.4 | J70: https://amazon.com/dp/B0C9TP4FVP | K70: =HYPERLINK(J70) -> https://amazon.com/dp/B0C9TP4FVP
A71: HD Pure Cable Coil of Sanyipace Sewer Camera Devices, Length 100FT/30M, Diameter 0.28in/7mm, Excluding Coil Frame | B71: B0FQTHB551 | C71: 259.99 | D71: 31848.12 | E71: 2654.01 | F71: 120 | G71: 10 | H71: 1 | I71: 5 | J71: https://amazon.com/dp/B0FQTHB551 | K71: =HYPERLINK(J71) -> https://amazon.com/dp/B0FQTHB551
... A81: Sanyipace Pipe Inspection Camera, 165FT/50M Sewer With Distance Counter, 1080P Waterproof Drain for Plumbing Duct Inspection, 9" Screen, 4500mAh Battery, 12PCS LED Lights, 5X Zoom | B81: B0CN38GJNQ | C81: 799.88 | D81: 58265.28 | E81: 4855.44 | F81: 72 | G81: 6 | H81: 43 | I81: 4.4 | J81: https://amazon.com/dp/B0CN38GJNQ | K81: =HYPERLINK(J81) -> https://amazon.com/dp/B0CN38GJNQ
A82: Sanyipace Sewer Inspection Camera Probe, 0.67in/17mm Camera Lens, 8pcs LED Lights, 1000TVL, IP68 Waterproof (ONLY for Sanyipace Sewer Camera, Model: S8417D) | B82: B0CST61RTM | C82: 139.99 | D82: 8088.72 | E82: 674.06 | F82: 60 | G82: 5 | J82: https://amazon.com/dp/B0CST61RTM | K82: =HYPERLINK(J82) -> https://amazon.com/dp/B0CST61RTM
A83: Sanyipace HD Camera Probe for Sewer Camera, 12pcs LED Lights, IP68 Waterproof, Drain Camera Head (ONLY for Sanyipace Model Number: 9723WF, 9723D, 9300D, S8968DM) | B83: B09XDVLN1X | C83: 169.99 | D83: 10994.04 | E83: 916.17 | F83: 60 | G83: 5 | H83: 3 | I83: 4.7 | J83: https://amazon.com/dp/B09XDVLN1X | K83: =HYPERLINK(J83) -> https://amazon.com/dp/B09XDVLN1X
A84: Sanyipace FHD Camera Probe for Sewer Camera, 12pcs LED Lights, IP68 Waterproof, Drain Camera Head (ONLY for Sanyipace Model Number: F927ADFB, S8951DM) | B84: B0BVZD1XBM | C84: 169.99 | D84: 10952.76 | E84: 912.73 | F84: 60 | G84: 5 | H84: 3 | I84: 4.7 | J84: https://amazon.com/dp/B0BVZD1XBM | K84: =HYPERLINK(J84) -> https://amazon.com/dp/B0BVZD1XBM
A85: Sanyipace Sewer Camera 100FT/30M, 1080P FHD, Zoom in, Remote Control, Sapphire Lens, Battery Level Display, 12 Adjustable White LEDs, 7'' LCD Screen, Plumbing Pipe Drain Camera, 16GB TF Card | B85: B0BR7NB31V | C85: 259.99 | D85: 16836.24 | E85: 1403.02 | F85: 60 | G85: 5 | H85: 103 | I85: 4 | J85: https://amazon.com/dp/B0BR7NB31V | K85: =HYPERLINK(J85) -> https://amazon.com/dp/B0BR7NB31V
A86: Sanyipace Sewer Scope Camera, 1080P FHD, 165FT/50M, 5X Zoom in, Remote Control, Sapphire Lens, Battery Level Display, Drain Inspection Camer with 12 Adjustable LED Lights, 7'' LCD Screen,16GB TF Card | B86: B0BKSRTCRL | C86: 299.99 | D86: 16780.92 | E86: 1398.41 | F86: 60 | G86: 5 | H86: 103 | I86: 4 | J86: https://amazon.com/dp/B0BKSRTCRL | K86: =HYPERLINK(J86) -> https://amazon.com/dp/B0BKSRTCRL
A87: Sanyipace Sewer Camera 65FT/20M with WiFi Wireless Transmission, Drain Camera with Lights, Pipe Sewer Scope Inspection Camera with IP68 Waterproof Camera Probe, 7" Color Screen, Camera Guide Wheel | B87: B0BWXV4PS6 | C87: 329.99 | D87: 14085.24 | E87: 1173.77 | F87: 48 | G87: 4 | H87: 103 | I87: 4 | J87: https://amazon.com/dp/B0BWXV4PS6 | K87: =HYPERLINK(J87) -> https://amazon.com/dp/B0BWXV4PS6
A88: Sanyipace Sewer Camera Replacement Parts, ONLY for Sanyipace S8417D Model | B88: B0DWMQTVC2 | C88: 39.99 | D88: 2042.04 | E88: 170.17 | F88: 48 | G88: 4 | J88: https://amazon.com/dp/B0DWMQTVC2 | K88: =HYPERLINK(J88) -> https://amazon.com/dp/B0DWMQTVC2
A89: Sanyipace Pipe Camera with Locator, 512Hz Sewer Camera with Self-Leveling, 23mm/0.9in Drain Camera with Distance Counter, 5X Zoom, Waterproof Plumbing Inspection Camera with 12 PCS Lights, 66FT/20M | B89: B0DPFC825X | C89: 899.88 | D89: 44111.76 | E89: 3675.98 | F89: 48 | G89: 4 | H89: 43 | I89: 4.4 | J89: https://amazon.com/dp/B0DPFC825X | K89: =HYPERLINK(J89) -> https://amazon.com/dp/B0DPFC825X
A90: Sanyipace 165FT/50M Drain Camera with Lights, Pipe Sewer Scope with IP68 Waterproof Probe, 7" Color Screen, 16GB SD Card, Camera Guide Wheel | B90: B09L4Z7T89 | C90: 359.99 | D90: 13064.4 | E90: 1088.7 | F90: 36 | G90: 3 | H90: 103 | I90: 4 | J90: https://amazon.com/dp/B09L4Z7T89 | K90: =HYPERLINK(J90) -> https://amazon.com/dp/B09L4Z7T89
A91: Sanyipace Sewer Camera 165FT/50M with WiFi Wireless Transmission, Drain Camera with Lights, Pipe Sewer Scope Inspection Camera with IP68 Waterproof Camera Probe, 7" Color Screen, Camera Guide Wheel | B91: B09L5ND94Q | C91: 429.99 | D91: 15352.32 | E91: 1279.36 | F91: 36 | G91: 3 | H91: 103 | I91: 4 | J91: https://amazon.com/dp/B09L5ND94Q | K91: =HYPERLINK(J91) -> https://amazon.com/dp/B09L5ND94Q
A92: Sanyipace Sewer Camera 65FT/20M, Self-Leveling Drain Pipe Plumbing Camera with 512Hz Transmitter, Clear Meter Marks, for Plumbers Homeowner Home Inspectors Construction Maintenance Worker | B92: B0DP9S17QP | C92: 469.99 | D92: 14713.44 | E92: 1226.12 | F92: 36 | G92: 3 | H92: 103 | I92: 4 | J92: https://amazon.com/dp/B0DP9S17QP | K92: =HYPERLINK(J92) -> https://amazon.com/dp/B0DP9S17QP
A93: Sanyipace Sewer Camera with Locator 65 FT/20 M, Drain Pipe Inspection Camera with Detector, Waterproof Cámara Probe w/h 512Hz Transmitter, Distance Counter, 9" Color Screen, 16GB TF Card, 5mm Cable | B93: B09MTFFT74 | C93: 659.99 | D93: 12656.04 | E93: 1054.67 | F93: 24 | G93: 2 | H93: 103 | I93: 4 | J93: https://amazon.com/dp/B09MTFFT74 | K93: =HYPERLINK(J93) -> https://amazon.com/dp/B09MTFFT74
A94: Sanyipace Sewer Camera Probe with 512Hz Transmitter & Self-Leveling Function, 12 LED Lights, 1080P FHD, IP68 Waterproof (ONLY for Sanyipace Model Number: F5800ADJKABTX, F5100DJKABTX) | B94: B0BCK4ZV3G | C94: 299.99 | D94: 8124.12 | E94: 677.01 | F94: 24 | G94: 2 | H94: 3 | I94: 4.7 | J94: https://amazon.com/dp/B0BCK4ZV3G | K94: =HYPERLINK(J94) -> https://amazon.com/dp/B0BCK4ZV3G
A95: Sanyipace Sewer Camera 100FT/30M with 512Hz Transmitter, Drain Camera Pipe Inspection Camera with Self-Leveling, Clear Meter Marks, IP68 Waterproof, 9" HD Color Screen, Video Record up to 128GB | B95: B0DP9TKWT4 | C95: 499.99 | D95: 13136.16 | E95: 1094.68 | F95: 24 | G95: 2 | H95: 103 | I95: 4 | J95: https://amazon.com/dp/B0DP9TKWT4 | K95: =HYPERLINK(J95) -> https://amazon.com/dp/B0DP9TKWT4
A96: Sanyipace Sewer Camera Probe with Self-Leveling, 512Hz Sone, 1080P FHD Borescope, 12 PCS LED Lights, Plumbing Accessories, IP68 Waterproof (ONLY for Sanyipace Sewer Camera, Model: S610ASMKTCP) | B96: B0CZDGRGNZ | C96: 289.99 | D96: 6118.08 | E96: 509.84 | F96: 24 | G96: 2 | J96: https://amazon.com/dp/B0CZDGRGNZ | K96: =HYPERLINK(J96) -> https://amazon.com/dp/B0CZDGRGNZ
A97: Sanyipace Distance Counter for Sewer Camera, ONLY for Sanyipace S610ASMKTCP Model | B97: B0DWMLN6VW | C97: 59.99 | D97: 1092.12 | E97: 91.01 | F97: 24 | G97: 2 | J97: https://amazon.com/dp/B0DWMLN6VW | K97: =HYPERLINK(J97) -> https://amazon.com/dp/B0DWMLN6VW
A98: Sanyipace Self-Leveling Sewer Camera 165FT/50M, Drain Camera with 512Hz Transmitter, Pipe Plumbing Camera with Meter Marks, IP68 Waterproof Camera Probe, 9" HD Color Screen, 16GB TF Card | B98: B0DP9TL922 | C98: 569.99 | D98: 12879.96 | E98: 1073.33 | F98: 24 | G98: 2 | H98: 103 | I98: 4 | J98: https://amazon.com/dp/B0DP9TL922 | K98: =HYPERLINK(J98) -> https://amazon.com/dp/B0DP9TL922
A99: Sanyipace Self-Leveling Sewer Camera 165FT, Drain Plumbing Camera with 512Hz Pipe Locator, Feet Meter Counter, for Plumbers Homeowner Home Inspectors Construction Maintenance Worker | B99: B0DP9TH46X | C99: 899.99 | D99: 9455.52 | E99: 787.96 | F99: 12 | G99: 1 | H99: 103 | I99: 4 | J99: https://amazon.com/dp/B0DP9TH46X | K99: =HYPERLINK(J99) -> https://amazon.com/dp/B0DP9TH46X
A100: Sanyipace Sewer Camera with Locator 165 FT/50 M, Drain Pipe Inspection Camera with Detector, Waterproof Cámara Probe w/h 512Hz Transmitter, Distance Counter, 9" Color Screen, 16GB TF Card, 5mm Cable | B100: B09MTF7YZQ | C100: 759.99 | D100: 10807.68 | E100: 900.64 | F100: 12 | G100: 1 | H100: 104 | I100: 4 | J100: https://amazon.com/dp/B09MTF7YZQ | K100: =HYPERLINK(J100) -> https://amazon.com/dp/B09MTF7YZQ
A101: Sanyipace Sewer Camera 100FT with 512Hz Locator, Self-Leveling Drain Camera Pipe Inspection Cámara, Distance Counter, IP68 Waterproof, 9" HD Color Screen, Video Record up to 128GB | B101: B0DP9NH88V | C101: 799.99 | D101: 9779.28 | E101: 814.94 | F101: 12 | G101: 1 | H101: 103 | I101: 4 | J101: https://amazon.com/dp/B0DP9NH88V | K101: =HYPERLINK(J101) -> https://amazon.com/dp/B0DP9NH88V
A102: Sanyipace Sewer Camera with Locator 100 FT/30 M, Drain Pipe Inspection Camera with Detector, Waterproof Cámara Probe w/h 512Hz Transmitter, Distance Counter, 9" Color Screen, 16GB TF Card, 5mm Cable | B102: B09MHR62G4 | C102: 709.99 | D102: 12080.16 | E102: 1006.68 | F102: 12 | G102: 1 | H102: 103 | I102: 4 | J102: https://amazon.com/dp/B09MHR62G4 | K102: =HYPERLINK(J102) -> https://amazon.com/dp/B09MHR62G4
A103: Sanyipace Sewer Camera Probe with 512Hz Transmitter, Without Self-Leveling Function, 12pcs LED Lights, Drain Camera Head (ONLY for Sanyipace: F929DJTX, 9723WF, 9723D, 9300D) | B103: B0B3DH6L6Q | C103: 209.99 | F103: 0 | G103: 0 | H103: 3 | I103: 4.7 | J103: https://amazon.com/dp/B0B3DH6L6Q | K103: =HYPERLINK(J103) -> https://amazon.com/dp/B0B3DH6L6Q
A104: Sanyipace Sewer Camera Replacement Cable, ONLY S610ASMKTCP Model, 7mm/0.28-Inch Diameter, 165FT/50M | B104: B0DWMNLK1B | C104: 259.99 | F104: 0 | G104: 0 | H104: 1 | I104: 5 | J104: https://amazon.com/dp/B0DWMNLK1B | K104: =HYPERLINK(J104) -> https://amazon.com/dp/B0DWMNLK1B
A105: Sanyipace Sewer Camera 131FT/40M with 512Hz Transmitter, Self-Leveling, Distance Counter, Plumbing Inspection Camera with Microphone Speaker Audio Video Record, 16GB TF Card, Pipe Pulley (7mm Cable) | B105: B0BTM3S231 | C105: 999.99 | F105: 0 | G105: 0 | H105: 120 | I105: 4.1 | J105: https://amazon.com/dp/B0BTM3S231 | K105: =HYPERLINK(J105) -> https://amazon.com/dp/B0BTM3S231
A106: Total | F106: =SUM(SANYIPACE!F60:F105) -> 4500 | G106: =SUM(SANYIPACE!G60:G105) -> 375
