Workbook

Sheet Summary
A1: Monthly Summaries- Revenue
A2: Brand | B2: # of Listings | C2: Monthly Rev | D2: Estimated 12mo Revenue | E2: Monthly Units | F2: Monthly Rev Market Share % | G2: Price Per Unit | H2: Reviews | I2: Avg Rating
A3: Teslong | B3: 61 | C3: 2346739.8 | D3: 28160877 | E3: 20870 | F3: 0.29056847 | G3: 112.44561 | H3: 29232 | I3: 4.4608956
A4: DEPSTECH | B4: 32 | C4: 758667.51 | D4: 9104010.1 | E4: 9061 | F4: 0.093936643 | G4: 83.728894 | H4: 43809 | I4: 4.5239152
A5: DXZtoz | B5: 4 | C5: 499771.86 | D5: 5997262.3 | E5: 3442 | F5: 0.061880719 | G5: 145.1981 | H5: 2273 | I5: 4.5529256
A6: Kinpthy | B6: 6 | C6: 425188.44 | D6: 5102261.3 | E6: 15011 | F6: 0.052645954 | G6: 28.325124 | H6: 28171 | I6: 4.4
A7: VEVOR | B7: 34 | C7: 385920.01 | D7: 4631040.1 | E7: 2624 | F7: 0.047783818 | G7: 147.07317 | H7: 4450 | I7: 4.2403146
A8: Daxiongmao | B8: 8 | C8: 291064.77 | D8: 3492777.2 | E8: 6631 | F8: 0.036039038 | G8: 43.894551 | H8: 14122 | I8: 4.4558207
A9: Acoath | B9: 6 | C9: 258989.81 | D9: 3107877.7 | E9: 9385 | F9: 0.032067583 | G9: 27.596144 | H9: 4847 | I9: 4.4357334
A10: anysun | B10: 112 | C10: 201584.98 | D10: 2419019.8 | E10: 362 | F10: 0.024959836 | G10: 556.86459 | H10: 6613 | I10: 4.192046
A11: Anykit | B11: 17 | C11: 201321.54 | D11: 2415858.5 | E11: 4843 | F11: 0.024927217 | G11: 41.569593 | H11: 4083 | I11: 4.4556454
A12: WINWEND | B12: 5 | C12: 122350.13 | D12: 1468201.6 | E12: 3683 | F12: 0.01514914 | G12: 33.220236 | H12: 1639 | I12: 4.4926174
A14: Market Total | B14: 1544 | C14: 8076374.5 | D14: 96916494 | E14: 125970 | F14: 1 | G14: 64.113475 | H14: 279685 | I14: 4.3729717
A16: Monthly Summary - Units
A17: Brand | B17: # of Listings | C17: Monthly Rev | D17: Estimated 12mo Units | E17: Monthly Units | F17: Monthly Unit Market Share % | G17: Price Per Unit | H17: Reviews | I17: Avg Rating
A18: Teslong | B18: 61 | C18: 2346739.8 | D18: 250440 | E18: 20870 | F18: 0.16567437 | G18: 112.44561 | H18: 29232 | I18: 4.4608956
A19: Kinpthy | B19: 6 | C19: 425188.44 | D19: 180132 | E19: 15011 | F19: 0.11916329 | G19: 28.325124 | H19: 28171 | I19: 4.4
A20: Acoath | B20: 6 | C20: 258989.81 | D20: 112620 | E20: 9385 | F20: 0.074501866 | G20: 27.596144 | H20: 4847 | I20: 4.4357334
A21: DEPSTECH | B21: 32 | C21: 758667.51 | D21: 108732 | E21: 9061 | F21: 0.071929825 | G21: 83.728894 | H21: 43809 | I21: 4.5239152
A22: Daxiongmao | B22: 8 | C22: 291064.77 | D22: 79572 | E22: 6631 | F22: 0.052639517 | G22: 43.894551 | H22: 14122 | I22: 4.4558207
A23: Anykit | B23: 17 | C23: 201321.54 | D23: 58116 | E23: 4843 | F23: 0.038445662 | G23: 41.569593 | H23: 4083 | I23: 4.4556454
A24: WINWEND | B24: 5 | C24: 122350.13 | D24: 44196 | E24: 3683 | F24: 0.02923712 | G24: 33.220236 | H24: 1639 | I24: 4.4926174
A25: DXZtoz | B25: 4 | C25: 499771.86 | D25: 41304 | E25: 3442 | F25: 0.027323966 | G25: 145.1981 | H25: 2273 | I25: 4.5529256
A26: Elecshion | B26: 2 | C26: 99853.16 | D26: 41112 | E26: 3426 | F26: 0.027196952 | G26: 29.145698 | H26: 2034 | I26: 4.3419371
A27: Ennovor | B27: 8 | C27: 83900.13 | D27: 40668 | E27: 3389 | F27: 0.026903231 | G27: 24.756604 | H27: 12153 | I27: 4.3971859
A29: Market Total | B29: 1544 | C29: 8076374.5 | D29: 1511640 | E29: 125970 | F29: 1 | G29: 64.113475 | H29: 279685 | I29: 4.3729717

Sheet Top 50
A1: Rank By Monthly Revenue - ONLY
A2: Ranking | B2: ASIN | C2: Product Name | D2: Brand | E2: Type | F2: 2/4-way | G2: Display | H2: Lens diameter | I2: Lens count | J2: Cable length | K2: Price | L2: Est. Monthly Retail Rev | M2: Est. Monthly Units Sold | N2: # of Reviews | O2: Avg. Rating | P2: Column2 | Q2: Link
A3: 1 | B3: B0CJY5C9QX | C3: Teslong Two-Way Articulating Borescope with Light, Industrial Endoscope Inspection Camera with Articulated Probe, Flexible Mechanic Fiber Optic Snake Scope Cam for Wall Automotive Engine Inspect-5FT | D3: teslong | E3: Articulation | F3: 2-way | G3: 4.5" | H3: 8mm | I3: Single | J3: 5ft | K3: 129.99 | L3: 987385.82 | M3: 7596 | N3: 1220 | O3: 4.7 | P3: https://amazon.com/dp/B0CJY5C9QX | Q3: =HYPERLINK(P3) -> https://amazon.com/dp/B0CJY5C9QX
A4: 2 | B4: B0B28HRSBP | C4: DXZtoz Two-Way Articulating Borescope, Industrial Endoscope with 0.33in Articulated Snake Camera, Video Inspection Scope with Light for Automotive Aircraft Mechanics- 5.5FT | D4: dxztoz | E4: Articulation | F4: 2-way | G4: 4.3" | H4: 8.5mm | I4: Single | J4: 5.5ft | K4: 139.39 | L4: 344006.92 | M4: 2468 | N4: 1579 | O4: 4.6 | P4: https://amazon.com/dp/B0B28HRSBP | Q4: =HYPERLINK(P4) -> https://amazon.com/dp/B0B28HRSBP
A5: 3 | B5: B0928Q3T42 | C5: DEPSTECH Dual Lens Industrial Endoscope, 1080P Digital Borescope Inspection Camera, 7.9mm IP67 Waterproof Sewer Camera with 4.3" LCD Screen, 7 LED Lights, 16.5FT Semi-Rigid Cable, 32GB Card-Black | D5: depstech | E5: Landscape | G5: 4.3" | H5: 8mm | I5: Dual | J5: 16.5ft | K5: 69.99 | L5: 220851.8 | M5: 3560 | N5: 6846 | O5: 4.6 | P5: https://amazon.com/dp/B0928Q3T42 | Q5: =HYPERLINK(P5) -> https://amazon.com/dp/B0928Q3T42
A6: 4 | B6: B0C4V5LWWL | C6: Endoscope Camera with Light, 1920P HD Borescope Tools with 8 Adjustable LED Lights, Endoscope with Semi-Rigid Snake Camera, Inspection Borescope for iOS and Android - 16.4ft Single Lens | D6: kinpthy | E6: USB | G6: App | H6: 8mm | I6: Single | J6: 16.5ft | K6: 32.99 | L6: 203161.48 | M6: 7427 | N6: 5630 | O6: 4.4 | P6: https://amazon.com/dp/B0C4V5LWWL | Q6: =HYPERLINK(P6) -> https://amazon.com/dp/B0C4V5LWWL
A7: 5 | B7: B0DGFBCH38 | C7: Acoath Endoscope Camera with Light, Dual-Lens 1920P HD Borescope with 8 Adjustable LED Lights, IP67 Waterproof Boroscope Inspection Tools, 16.4ft Semi-Rigid Snake Camera for iOS & Android | D7: acoath | E7: USB | G7: App | H7: 8mm | I7: Dual | J7: 16.5ft | K7: 29.99 | L7: 167216.53 | M7: 6452 | N7: 1327 | O7: 4.4 | P7: https://amazon.com/dp/B0DGFBCH38 | Q7: =HYPERLINK(P7) -> https://amazon.com/dp/B0DGFBCH38
A8: 6 | B8: B0CJY6SWBN | C8: Articulating Borescope with Dual Lens Endoscope Camera, Teslong Two-Way Articulated Industrial Inspection Camera with LED Light, Flexible Mechanic Fiber Optic Snake Scope Cam for Wall Automotive-5FT | D8: teslong | E8: Articulation | F8: 2-way | G8: 4.5" | H8: 8mm | I8: Dual | J8: 5ft | K8: 149.99 | L8: 153980.79 | M8: 1132 | N8: 378 | O8: 4.5 | P8: https://amazon.com/dp/B0CJY6SWBN | Q8: =HYPERLINK(P8) -> https://amazon.com/dp/B0CJY6SWBN
A9: 7 | B9: B07TV2BFVR | C9: Teslong Inspection Camera, Dual Lens Borescope Camera with Light, NTS300 5" IPS Industrial Endoscope, 1080P Waterproof Flexible Mechanic Fiber Optic Snake Scope Cam for Wall Automotive Engine (16.5FT) | D9: teslong | E9: Handheld | G9: 5.0" | H9: 5.5mm | I9: Dual | J9: 16.5ft | K9: 159.99 | L9: 139510.59 | M9: 872 | N9: 3569 | O9: 4.6 | P9: https://amazon.com/dp/B07TV2BFVR | Q9: =HYPERLINK(P9) -> https://amazon.com/dp/B07TV2BFVR
A10: 8 | B10: B0DT4H7QQM | C10: Teslong Two-Way Articulating Borescope, 5.5mm Slim Probe, 5.0'' Industrial Endoscope with Light, 5FT Flexible Snake Scope for Automotive, HVAC & Mechanics | D10: teslong | E10: Articulation | F10: 2-way | G10: 5.0" | H10: 5.5mm | I10: Single | J10: 5ft | K10: 139.99 | L10: 136179 | M10: 1103 | N10: 217 | O10: 4.5 | P10: https://amazon.com/dp/B0DT4H7QQM | Q10: =HYPERLINK(P10) -> https://amazon.com/dp/B0DT4H7QQM
A11: 9 | B11: B0C9JR3N4W | C11: Endoscope Camera with Light,1920P HD Borescope Tools with 8 Adjustable LED Lights, Endoscope with Semi-Rigid Snake Camera, IP67 Waterproof Inspection Borescope for iOS and Android-16.4ft Dual-Lens | D11: kinpthy | E11: USB | G11: App | H11: 8mm | I11: Dual | J11: 16.5ft | K11: 35.99 | L11: 130442.87 | M11: 3613 | N11: 5630 | O11: 4.4 | P11: https://amazon.com/dp/B0C9JR3N4W | Q11: =HYPERLINK(P11) -> https://amazon.com/dp/B0C9JR3N4W
A12: 10 | B12: B0C3B32Q9Z | C12: DXZtoz Dual-Lens Articulating Borescope, Engine Endoscope with 0.33in Two-Way Articulated Snake Camera, 5'' Dual Screen, 1080P Inspection Camera with Light for Automotive Home Mechanics-5FT | D12: dxztoz | E12: Articulation | F12: 2-way | G12: 5.0" | H12: 8mm | I12: Dual | J12: 5ft | K12: 159.99 | L12: 114335.84 | M12: 731 | N12: 477 | O12: 4.5 | P12: https://amazon.com/dp/B0C3B32Q9Z | Q12: =HYPERLINK(P12) -> https://amazon.com/dp/B0C3B32Q9Z
A13: 11 | B13: B0CM3FBXJT | C13: VEVOR Sewer Inspection Camera, 300 ft/91.5 m, 9" Pipeline Camera w/DVR & 512Hz Locator, IP68 Waterproof, 12 LEDs, 16 GB SD Card for Sewer, Drain & Duct Pipe Plumbing | D13: vevor | E13: Sewer camera | G13: 9.0" | H13: 23mm | I13: Single | J13: 300ft | K13: 781.9 | L13: 111145.84 | M13: 187 | N13: 25 | O13: 4.1 | P13: https://amazon.com/dp/B0CM3FBXJT | Q13: =HYPERLINK(P13) -> https://amazon.com/dp/B0CM3FBXJT
A14: 12 | B14: B0C3R381FC | C14: Endoscope Camera with Light, Borescope Camera with 4.3" IPS Screen, 1920P HD with 8 LED Lights, 16.4FT Semi-Rigid Cord Bore Scope, Gadgets for Men & Tools for Men | D14: daxiongmao | E14: Landscape | F14: No camera | G14: 4.3" | H14: 8mm | I14: Single | J14: 16.5ft | K14: 39.99 | L14: 110017.32 | M14: 2910 | N14: 4009 | O14: 4.5 | P14: https://amazon.com/dp/B0C3R381FC | Q14: =HYPERLINK(P14) -> https://amazon.com/dp/B0C3R381FC
A15: 13 | B15: B0DFHL8YN5 | C15: Two-Way Articulating Borescope with Light, UJOYOK Industrial Endoscope with Snake Scope Camera, Borescope Inspection Camera with Light for Automotive & Aircraft Mechanics, 5.5FT | D15: ujoyok | E15: Articulation | F15: 2-way | G15: 4.3" | H15: 8mm | I15: Single | J15: 5.5ft | K15: 105.99 | L15: 107107.5 | M15: 1088 | N15: 368 | O15: 4.6 | P15: https://amazon.com/dp/B0DFHL8YN5 | Q15: =HYPERLINK(P15) -> https://amazon.com/dp/B0DFHL8YN5
A16: 14 | B16: B0CJC65Q9P | C16: Endoscope Camera with Light, 1080P HD Borescope with 8 Adjustable Lights, 4.3" Endoscope with 33 ft Semi-Rigid Snake Camera, IP67 Waterproof Borescopese for Sewer, Cool Gadgets & Tools for Men | D16: daxiongmao | K16: 42.98 | L16: 99487.06 | M16: 1661 | N16: 1934 | O16: 4.4 | P16: https://amazon.com/dp/B0CJC65Q9P | Q16: =HYPERLINK(P16) -> https://amazon.com/dp/B0CJC65Q9P
A17: 15 | B17: B0DK965BZP | C17: Teslong Endoscope Borescope with Light, Snake Inspection Camera for Automotive Engine, Waterproof Fiber Optic Camera for Mechanics - Ideal for Wall, Vent, Wire Video Scope (16.5FT) | D17: teslong | E17: Landscape | G17: 4.3" | H17: 8mm | I17: Single | J17: 16.5ft | K17: 37.99 | L17: 97842.86 | M17: 2035 | N17: 287 | O17: 4.5 | P17: https://amazon.com/dp/B0DK965BZP | Q17: =HYPERLINK(P17) -> https://amazon.com/dp/B0DK965BZP
A18: 16 | B18: B0BL7RK5JJ | C18: Triple Lens Borescope Tool, DEPSTECH 5" IPS Screen Endoscope Camera with Lights, 1080P Sewer Inspection Camera & Split Screen, 180° Rotation, IP67 Snake Cable, Gadget for Automotive Mechanical Repair | D18: depstech | K18: 109.99 | L18: 93363.89 | M18: 931 | N18: 1423 | O18: 4.3 | P18: https://amazon.com/dp/B0BL7RK5JJ | Q18: =HYPERLINK(P18) -> https://amazon.com/dp/B0BL7RK5JJ
A19: 17 | B19: B0CMCSGPJC | C19: [Dual-Lens] Endoscope Camera with Light, 1920P HD Borescope with 8+1 Adjustable LED Lights, IP67 Waterproof 16.5FT Semi-Rigid Snake Cord Inspection Camera for iPhone, iPad and Android Phone (Type C) | D19: elecshion | E19: USB | G19: App | H19: 8mm | I19: Dual | J19: 16.5ft | K19: 35.99 | L19: 89078.92 | M19: 3011 | N19: 1181 | O19: 4.3 | P19: https://amazon.com/dp/B0CMCSGPJC | Q19: =HYPERLINK(P19) -> https://amazon.com/dp/B0CMCSGPJC
A20: 18 | B20: B09ZV7KJHL | C20: Teslong Two-Way Articulating Borescope with Light, 5-inch IPS Endoscope Inspection Camera with Articulation Head, Automotive Mechanics Fiber Optic Scope-0.33inch | D20: teslong | E20: Articulation | F20: 2-way | G20: 5.0" | H20: 8mm | I20: Single | J20: 5ft | K20: 279.99 | L20: 86726.6 | M20: 368 | N20: 555 | O20: 4.7 | P20: https://amazon.com/dp/B09ZV7KJHL | Q20: =HYPERLINK(P20) -> https://amazon.com/dp/B09ZV7KJHL
A21: 19 | B21: B0CP538LN1 | C21: WINWEND Endoscope Camera with Light - IP67 Waterproof Borescope Camera with 8 Adjustable LED Lights | 4.3" LCD Screen Borescope | HD 1080P Inspection Cameras with 16.5ft Semi-Rigid Cord Tools for Men | D21: winwend | E21: Handheld | F21: No camera | G21: 4.3" | H21: 8mm | I21: Single | J21: 16.5ft | K21: 31.96 | L21: 86389.68 | M21: 2558 | N21: 1179 | O21: 4.5 | P21: https://amazon.com/dp/B0CP538LN1 | Q21: =HYPERLINK(P21) -> https://amazon.com/dp/B0CP538LN1
A22: 20 | B22: B0DD6YVBHD | C22: DEPSTECH 50ft Sewer Camera, 1080P HD Triple Lens Borescope, 5" IPS Screen Endoscope with Light, IP67 Waterproof Plumbing Drain Pipe Snake Inspection Camera with 32G Card, Carry Case | D22: depstech | E22: Landscape | G22: 5.0" | H22: 8mm | I22: Triple | J22: 50ft | K22: 99.98 | L22: 78676.55 | M22: 604 | N22: 273 | O22: 4.4 | P22: https://amazon.com/dp/B0DD6YVBHD | Q22: =HYPERLINK(P22) -> https://amazon.com/dp/B0DD6YVBHD
A23: 21 | B23: B0FKM8K5QX | C23: DEPSTECH Inspection Endoscope Camera with Lights: 1080P Triple Lens Snake Camera with 5" Screen and 16.5FT Flexible Cable, Waterproof Industrial Borescope Tool for Auto, Wall, Sewer, Pipe, Mechanics | D23: depstech | K23: 56.98 | L23: 76045.74 | M23: 1014 | N23: 155 | O23: 4.7 | P23: https://amazon.com/dp/B0FKM8K5QX | Q23: =HYPERLINK(P23) -> https://amazon.com/dp/B0FKM8K5QX
A24: 22 | B24: B0CHW4FLS7 | C24: Articulating Borescope with Dual Lens Endoscope, Teslong 5-inch IPS Automotive Inspection Camera with Two-Way Articulation Tip, 6+1 LED Lights, Mechanics Fiber Optic Scope-Dia. 0.25 inch & L 5.0 feet | D24: teslong | E24: Articulation | F24: 2-way | G24: 5.0" | H24: 6.5mm | I24: Dual | J24: 5ft | K24: 299.99 | L24: 68045.02 | M24: 227 | N24: 191 | O24: 4.2 | P24: https://amazon.com/dp/B0CHW4FLS7 | Q24: =HYPERLINK(P24) -> https://amazon.com/dp/B0CHW4FLS7
A25: 23 | B25: B0F62WJY8N | C25: DEPSTECH 10FT Articulating Endoscope Camera with Light: Dual Lens Industrial Borescope with 4.5" Screen and Flexible Cable, Video Inspection Snake Scope Camera Tool for Wall, Auto, Pipe, Mechanics | D25: depstech | E25: Articulation | F25: 2-way | G25: 4.5" | H25: 8mm | I25: Dual | J25: 10ft | K25: 159.99 | L25: 60854.36 | M25: 420 | N25: 303 | O25: 4.5 | P25: https://amazon.com/dp/B0F62WJY8N | Q25: =HYPERLINK(P25) -> https://amazon.com/dp/B0F62WJY8N
A26: 24 | B26: B0DPHJSPBY | C26: FOXWELL 2-Way Articulating Borescope Camera with Light, 0.24in Industrial Endoscope Inspection Camera with Articulated Snake Cameras, HD Video Scope for Automotive Engine HVAC Inspection - 5.25FT | D26: foxwell | E26: Articulation | F26: 2-way | G26: 4.3" | H26: 6.2mm | I26: Single | J26: 5.25ft | K26: 159.99 | L26: 59879.58 | M26: 413 | N26: 123 | O26: 4.8 | P26: https://amazon.com/dp/B0DPHJSPBY | Q26: =HYPERLINK(P26) -> https://amazon.com/dp/B0DPHJSPBY
A27: 25 | B27: B0D54NQWZH | C27: Klein Tools ET17 Utility Borescope with 5.5 mm 9.8-Foot Waterproof Gooseneck Snake, LEDs, 4.3-Inch LCD, Attachments, Endoscope Inspection Camera | D27: klein tools | E27: Landscape | G27: 4.3" | H27: 5.5mm | I27: Single | J27: 9.8ft | K27: 100.99 | L27: 57027.69 | M27: 560 | N27: 113 | O27: 4.5 | P27: https://amazon.com/dp/B0D54NQWZH | Q27: =HYPERLINK(P27) -> https://amazon.com/dp/B0D54NQWZH
A28: 26 | B28: B0FC2HS5GZ | C28: Endoscope with Light, 1920P HD Borescope with 8 Adjustable LED Lights, 16.4FT Semi-Rigid Snake Camera, IP67 Waterproof Inspection Tool for iPhone & Android - Dual Lens (Black) | D28: papiblu | E28: USB | G28: App | H28: 8mm | I28: Dual | J28: 16.5ft | K28: 18.89 | L28: 56608.4 | M28: 2698 | N28: 257 | O28: 4.4 | P28: https://amazon.com/dp/B0FC2HS5GZ | Q28: =HYPERLINK(P28) -> https://amazon.com/dp/B0FC2HS5GZ
A29: 27 | B29: B0DTHZDGYD | C29: Teslong 360 Articulating Borescope with Light, 5'' Monitor Industrial Inspection Camera with 4-Way Joystick Articulation, HD Endoscope Camera for Automotive, Pipes, and Mechanics (0.24inch-5FT) | D29: teslong | E29: Articulation | F29: 4-way | G29: 5.0" | H29: 6mm | I29: Single | J29: 5ft | K29: 359.99 | L29: 55683.1 | M29: 135 | N29: 32 | O29: 4.8 | P29: https://amazon.com/dp/B0DTHZDGYD | Q29: =HYPERLINK(P29) -> https://amazon.com/dp/B0DTHZDGYD
A30: 28 | B30: B0DYDXH1NQ | C30: Teslong Dual Lens Endoscope with Light, Mechanic Borescope Inspection Camera, Fiber Optic Scope, Flexible Snake Probe for Automotive, HVAC, Wall & Home Inspections (16.5FT) | D30: teslong | E30: Landscape | G30: 4.3" | H30: 8mm | I30: Dual | J30: 16.5ft | K30: 59.99 | L30: 55279.46 | M30: 921 | N30: 81 | O30: 4.4 | P30: https://amazon.com/dp/B0DYDXH1NQ | Q30: =HYPERLINK(P30) -> https://amazon.com/dp/B0DYDXH1NQ
A31: 29 | B31: B0DT16R78W | C31: DEPSTECH Dual Lens Two-Way Articulating Borescope Camera with Light, 4.5" Screen and 5FT Flexible Snake Scope Industrial Endoscope, Inspection Video Camera Tool for Wall, Engine, Auto, Mechanics | D31: depstech | E31: Articulation | F31: 2-way | G31: 4.5" | H31: 8mm | I31: Dual | J31: 5ft | K31: 129.99 | L31: 51221.37 | M31: 442 | N31: 299 | O31: 4.5 | P31: https://amazon.com/dp/B0DT16R78W | Q31: =HYPERLINK(P31) -> https://amazon.com/dp/B0DT16R78W
A32: 30 | B32: B0C9GR791B | C32: VEVOR Articulating Borescope Camera with Light, Two-Way Articulated Endoscope Inspection Camera with 6.4mm Tiny Lens, 5" IPS 1080P HD Screen, 8X Zoom, 8 LED Light Snake Cameras for Auto, Plumbing | D32: vevor | E32: Articulation | F32: 2-way | G32: 5.0" | H32: 6.4mm | I32: Single | J32: 5ft | K32: 102.99 | L32: 49433.48 | M32: 600 | N32: 470 | O32: 4.6 | P32: https://amazon.com/dp/B0C9GR791B | Q32: =HYPERLINK(P32) -> https://amazon.com/dp/B0C9GR791B
A33: 31 | B33: B0DT98YB3X | C33: Two-Way Articulating Borescope Camera with Light: Industrial Endoscope Inspection Snake Camera - Flexible Bore Scope Cam with 0.33in Articulated Probe for Mechanic Automotive Engine Wall - 5.5FT | D33: wanawong k | E33: Articulation | F33: 2-way | G33: 4.3" | H33: 8mm | I33: Single | J33: 5.5ft | K33: 79.99 | L33: 47636.37 | M33: 596 | N33: 199 | O33: 4.5 | P33: https://amazon.com/dp/B0DT98YB3X | Q33: =HYPERLINK(P33) -> https://amazon.com/dp/B0DT98YB3X
A34: 32 | B34: B0FKH261T7 | C34: ONDASHCAM Sewer Camera, Self Leveling Drain Camera 100ft with Meter Counter, 9" HD Plumbing Cameras Snake with 12 LED Lights, 5100mAh Battery, IP68 & 32GB DVR Recorder, Duct Sewer Line Pipe Inspection | D34: ondashcam | K34: 341.99 | L34: 47371.55 | M34: 123 | N34: 7 | O34: 3.5 | P34: https://amazon.com/dp/B0FKH261T7 | Q34: =HYPERLINK(P34) -> https://amazon.com/dp/B0FKH261T7
A35: 33 | B35: B08519V6GW | C35: Teslong Inspection Camera, Dual Lens Borescope Camera with Light, NTS300 5" IPS Industrial Endoscope, 1080P Waterproof Flexible Mechanic Fiber Optic Snake Scope Cam for Wall Automotive Engine (10FT) | D35: teslong | K35: 149.99 | L35: 46789.9 | M35: 312 | N35: 3569 | O35: 4.6 | P35: https://amazon.com/dp/B08519V6GW | Q35: =HYPERLINK(P35) -> https://amazon.com/dp/B08519V6GW
A36: 34 | B36: B0DT45G8F3 | C36: Epicmate Triple Lens Sewer Inspection Camera-Endoscope Camera with Light 50 ft, 5" IPS Sewer Snake Camera with Lights 1080P Industrial Borescope, IP67 Waterproof Plumbing Pipe Snake Camera(32G Card) | D36: bestisan | E36: Portrait | G36: 5.0" | H36: 8mm | I36: Triple | J36: 50ft | K36: 125.99 | L36: 44076.03 | M36: 410 | N36: 123 | O36: 4.7 | P36: https://amazon.com/dp/B0DT45G8F3 | Q36: =HYPERLINK(P36) -> https://amazon.com/dp/B0DT45G8F3
A37: 35 | B37: B0DWSKVF5H | C37: Endoscope Camera with Light: 5" Dual-Lens Inspection Borescope Camera for Sewer - 16.4ft Waterproof Industrial Endoscope - Flexible Snake Bore Scope for Plumbing Automotive | D37: tgjor | E37: Handheld | F37: No camera | G37: 5.0" | H37: 8mm | I37: Dual | J37: 16.5ft | K37: 49.99 | L37: 42469.67 | M37: 991 | N37: 874 | O37: 4.5 | P37: https://amazon.com/dp/B0DWSKVF5H | Q37: =HYPERLINK(P37) -> https://amazon.com/dp/B0DWSKVF5H
A38: 36 | B38: B0FGJ8WVGP | C38: Anykit Articulating Borescope, 210° Two-Way 0.22in Slim Probe Endoscope with High-Brightness LED Lights, 4.3" IPS HD Video Inspection Snake Camera for Automotive Engine Inspect - 4FT | D38: anykit | K38: 72.99 | L38: 41917.64 | M38: 630 | N38: 34 | O38: 4.6 | P38: https://amazon.com/dp/B0FGJ8WVGP | Q38: =HYPERLINK(P38) -> https://amazon.com/dp/B0FGJ8WVGP
A39: 37 | B39: B0BXSMSS7M | C39: Endoscope Camera with Light, 1080P HD Borescope with 8 Adjustable Lights, 4.3" Endoscope with 16.4 ft Semi-Rigid Snake Camera, IP67 Waterproof Borescopese for Sewer, Cool Gadgets & Tools for Men | D39: daxiongmao | E39: Handheld | F39: No camera | G39: 4.3" | H39: 8mm | I39: Single | J39: 16.5ft | K39: 29.71 | L39: 40853.74 | M39: 1134 | N39: 1934 | O39: 4.4 | P39: https://amazon.com/dp/B0BXSMSS7M | Q39: =HYPERLINK(P39) -> https://amazon.com/dp/B0BXSMSS7M
A40: 38 | B40: B0F1CXQ3YS | C40: Endoscope Camera with Light, 1920P HD Borescope Inspection Camera with 4.3" IPS Screen, AukonVee IP67 Waterproof with 8 LEDs & 16.5ft Semi-Rigid Snake Camera for Automotive Pipe Tools Gadgets for Men | D40: aukonvee | E40: Landscape | F40: No camera | G40: 4.3" | H40: 8mm | I40: Single | J40: 16.5ft | K40: 39.99 | L40: 38126.65 | M40: 1336 | N40: 322 | O40: 4.5 | P40: https://amazon.com/dp/B0F1CXQ3YS | Q40: =HYPERLINK(P40) -> https://amazon.com/dp/B0F1CXQ3YS
A41: 39 | B41: B0DH1XWTKK | C41: Endoscope Camera with Light: Dual Lens Industrial Endoscope Borescope - 1080P HD Borescope Camera with Light- 16.4FT Flexible Waterproof Inspection Bore Scope for Plumbing Automotive Sewer | D41: tgjor | E41: Landscape | F41: No camera | G41: 4.3" | H41: 8mm | I41: Dual | J41: 16.5ft | K41: 39.99 | L41: 37305.39 | M41: 1090 | N41: 874 | O41: 4.5 | P41: https://amazon.com/dp/B0DH1XWTKK | Q41: =HYPERLINK(P41) -> https://amazon.com/dp/B0DH1XWTKK
A42: 40 | B42: B0DGFC3D9H | C42: Acoath Endoscope Camera with Light, Dual-Lens 1920P HD Borescope with 8 Adjustable LED Lights, IP67 Waterproof Boroscope Inspection Tools, 33ft Semi-Rigid Snake Camera for iOS & Android | D42: acoath | E42: USB | G42: App | H42: 8mm | I42: Dual | J42: 33ft | K42: 33.99 | L42: 36255.3 | M42: 1219 | N42: 1327 | O42: 4.4 | P42: https://amazon.com/dp/B0DGFC3D9H | Q42: =HYPERLINK(P42) -> https://amazon.com/dp/B0DGFC3D9H
A43: 41 | B43: B0DLDS8N7D | C43: Klein Tools ET19 Wi-Fi Pro Borescope with Dual-Lens, 5.5 mm 9.8-Foot Armored Waterproof Gooseneck Snake, LEDs, 4.3-Inch LCD, Endoscope Inspection | D43: klein tools | E43: Landscape | G43: 4.3" | H43: 5.5mm | I43: Dual | J43: 9.8ft | K43: 169.99 | L43: 36147.21 | M43: 214 | N43: 113 | O43: 4.5 | P43: https://amazon.com/dp/B0DLDS8N7D | Q43: =HYPERLINK(P43) -> https://amazon.com/dp/B0DLDS8N7D
A44: 42 | B44: B07Q86XGN2 | C44: Triple Lens Borescope Inspection Camera, Teslong Professional Endoscope with Light, Digital Video Scope Camera, 5" IPS Screen, Waterproof Flexible Cable for Automotive/Home/Wall/Pipe/Car (16.5FT) | D44: teslong | E44: Handheld | G44: 5.0" | H44: 8mm | I44: Triple | J44: 16.5ft | K44: 136.79 | L44: 35567.24 | M44: 225 | N44: 341 | O44: 4.4 | P44: https://amazon.com/dp/B07Q86XGN2 | Q44: =HYPERLINK(P44) -> https://amazon.com/dp/B07Q86XGN2
A45: 43 | B45: B0D1VGWHJ4 | C45: NIDAGE Dual Lens Borescope Inspection Camera 1920P HD Endoscope Camera with Light Waterproof Industrial Endoscope 11.5FT Flexible Snake Cam with 4.3'' IPS Screen, Mechanic Scope Cam Gift for Men | D45: nidage | K45: 33.99 | L45: 35274.08 | M45: 985 | N45: 439 | O45: 4.6 | P45: https://amazon.com/dp/B0D1VGWHJ4 | Q45: =HYPERLINK(P45) -> https://amazon.com/dp/B0D1VGWHJ4
A46: 44 | B46: B0B71PT47Q | C46: DXZtoz 10FT Articulating Borescope, Inspection Camera with 0.33in Two-Way Steering Snake Camera, Waterproof 1080P Endoscope with Light for Mechanics Electriction Wall Pipe Inspection | D46: dxztoz | E46: Articulation | F46: 2-way | G46: 4.3" | H46: 8mm | I46: Single | J46: 10ft | K46: 179.99 | L46: 35014.82 | M46: 203 | N46: 188 | O46: 4.3 | P46: https://amazon.com/dp/B0B71PT47Q | Q46: =HYPERLINK(P46) -> https://amazon.com/dp/B0B71PT47Q
A47: 45 | B47: B0FJR2Y5B9 | C47: T TAKMLY Endoscope Camera with Light, Dual Lens 1080P Industrial Borescope with 8 LED Lights, 4.3'' Inspection Snake Cameras, 16.4FT Semi-Rigid Cable, IP67 Waterproof (Blue) | D47: t takmly | K47: 45.99 | L47: 34773.44 | M47: 757 | N47: 104 | O47: 4.8 | P47: https://amazon.com/dp/B0FJR2Y5B9 | Q47: =HYPERLINK(P47) -> https://amazon.com/dp/B0FJR2Y5B9
A48: 46 | B48: B0DRP8LPF8 | C48: Teslong Rifle Borescope for Phone & PC, USB C Bore Scope Camera with Lights & Mirror Set, Fits .20 Caliber & Larger, Flexible Gun Cleaning Camera, Compatible with iPhone 15/16 & USB-C Android Devices | D48: teslong | K48: 65.99 | L48: 33753.08 | M48: 512 | N48: 137 | O48: 4.3 | P48: https://amazon.com/dp/B0DRP8LPF8 | Q48: =HYPERLINK(P48) -> https://amazon.com/dp/B0DRP8LPF8
A49: 47 | B49: B0CW65T636 | C49: Endoscope Camera with Light - 4.3" LCD Screen Inspection Cameras,IP67 Waterproof Borescope with 8 Adjustable LED Lights,HD 1080P Endoscope Camera 16.5ft Semi-Rigid Cord,gifts for men tools and gadgets | D49: winwend | E49: Landscape | F49: No camera | G49: 4.3" | H49: 8mm | I49: Single | J49: 16.5ft | K49: 33.9 | L49: 33279.42 | M49: 1065 | N49: 363 | O49: 4.5 | P49: https://amazon.com/dp/B0CW65T636 | Q49: =HYPERLINK(P49) -> https://amazon.com/dp/B0CW65T636
A50: 48 | B50: B0F8QLHGZR | C50: FOXWELL Dual Lens Articulating Borescope, 0.25in Slim 220° Two-Way Endoscope Camera with LED Light, IPS HD Screen, IP67 Waterproof Snake Camera for Automotive, Pipe, Wall & Engine Inspection – 5.25FT | D50: foxwell | K50: 219.99 | L50: 33255.96 | M50: 151 | N50: 124 | O50: 4.8 | P50: https://amazon.com/dp/B0F8QLHGZR | Q50: =HYPERLINK(P50) -> https://amazon.com/dp/B0F8QLHGZR
A51: 49 | B51: B0C1GFBTDC | C51: USB C Endoscope Camera with Light, Teslong Type-C Snake Borescope Camera with 8 LED Lights, 10FT Flexible Waterproof Inspection Cam, Fiber Optic Scope Compatible with iPhone 15/16/17, Android Phone | D51: teslong | E51: USB | G51: App | H51: 8mm | I51: Single | J51: 10ft | K51: 25.48 | L51: 32183.16 | M51: 1102 | N51: 982 | O51: 4.4 | P51: https://amazon.com/dp/B0C1GFBTDC | Q51: =HYPERLINK(P51) -> https://amazon.com/dp/B0C1GFBTDC
A52: 50 | B52: B0G23P5N7X | C52: Endoscope Camera with Light, 1920P HD Borescope Tools with 8 Adjustable LED Lights, Endoscope with Semi-Rigid Snake Camera, Inspection Borescope for iOS and Android - 16.3ft Dual Line Single Lens | D52: kinpthy | K52: 25.99 | L52: 31980.17 | M52: 1425 | N52: 5630 | O52: 4.4 | P52: https://amazon.com/dp/B0G23P5N7X | Q52: =HYPERLINK(P52) -> https://amazon.com/dp/B0G23P5N7X
A55: Rank By Monthly Units - ONLY
A56: Ranking | B56: ASIN | C56: Product Name | D56: Brand | E56: Type | F56: 2/4-way | G56: Display | H56: Lens diameter | I56: Lens count | J56: Cable length | K56: Price | L56: Est. Monthly Retail Rev | M56: Est. Monthly Units Sold | N56: # of Reviews | O56: Avg. Rating | P56: Column2 | Q56: Link
A57: 1 | B57: B0CJY5C9QX | C57: Teslong Two-Way Articulating Borescope with Light, Industrial Endoscope Inspection Camera with Articulated Probe, Flexible Mechanic Fiber Optic Snake Scope Cam for Wall Automotive Engine Inspect-5FT | D57: teslong | E57: Articulation | F57: 2-way | G57: 4.5" | H57: 8mm | I57: Single | J57: 5ft | K57: 129.99 | L57: 987385.82 | M57: 7596 | N57: 1220 | O57: 4.7 | P57: https://amazon.com/dp/B0CJY5C9QX | Q57: =HYPERLINK(P57) -> https://amazon.com/dp/B0CJY5C9QX
A58: 2 | B58: B0C4V5LWWL | C58: Endoscope Camera with Light, 1920P HD Borescope Tools with 8 Adjustable LED Lights, Endoscope with Semi-Rigid Snake Camera, Inspection Borescope for iOS and Android - 16.4ft Single Lens | D58: kinpthy | E58: USB | G58: App | H58: 8mm | I58: Single | J58: 16.5ft | K58: 32.99 | L58: 203161.48 | M58: 7427 | N58: 5630 | O58: 4.4 | P58: https://amazon.com/dp/B0C4V5LWWL | Q58: =HYPERLINK(P58) -> https://amazon.com/dp/B0C4V5LWWL
A59: 3 | B59: B0DGFBCH38 | C59: Acoath Endoscope Camera with Light, Dual-Lens 1920P HD Borescope with 8 Adjustable LED Lights, IP67 Waterproof Boroscope Inspection Tools, 16.4ft Semi-Rigid Snake Camera for iOS & Android | D59: acoath | E59: USB | G59: App | H59: 8mm | I59: Dual | J59: 16.5ft | K59: 29.99 | L59: 167216.53 | M59: 6452 | N59: 1327 | O59: 4.4 | P59: https://amazon.com/dp/B0DGFBCH38 | Q59: =HYPERLINK(P59) -> https://amazon.com/dp/B0DGFBCH38
A60: 4 | B60: B0C9JR3N4W | C60: Endoscope Camera with Light,1920P HD Borescope Tools with 8 Adjustable LED Lights, Endoscope with Semi-Rigid Snake Camera, IP67 Waterproof Inspection Borescope for iOS and Android-16.4ft Dual-Lens | D60: kinpthy | E60: USB | G60: App | H60: 8mm | I60: Dual | J60: 16.5ft | K60: 35.99 | L60: 130442.87 | M60: 3613 | N60: 5630 | O60: 4.4 | P60: https://amazon.com/dp/B0C9JR3N4W | Q60: =HYPERLINK(P60) -> https://amazon.com/dp/B0C9JR3N4W
A61: 5 | B61: B0928Q3T42 | C61: DEPSTECH Dual Lens Industrial Endoscope, 1080P Digital Borescope Inspection Camera, 7.9mm IP67 Waterproof Sewer Camera with 4.3" LCD Screen, 7 LED Lights, 16.5FT Semi-Rigid Cable, 32GB Card-Black | D61: depstech | E61: Landscape | G61: 4.3" | H61: 8mm | I61: Dual | J61: 16.5ft | K61: 69.99 | L61: 220851.8 | M61: 3560 | N61: 6846 | O61: 4.6 | P61: https://amazon.com/dp/B0928Q3T42 | Q61: =HYPERLINK(P61) -> https://amazon.com/dp/B0928Q3T42
A62: 6 | B62: B0CMCSGPJC | C62: [Dual-Lens] Endoscope Camera with Light, 1920P HD Borescope with 8+1 Adjustable LED Lights, IP67 Waterproof 16.5FT Semi-Rigid Snake Cord Inspection Camera for iPhone, iPad and Android Phone (Type C) | D62: elecshion | E62: USB | G62: App | H62: 8mm | I62: Dual | J62: 16.5ft | K62: 35.99 | L62: 89078.92 | M62: 3011 | N62: 1181 | O62: 4.3 | P62: https://amazon.com/dp/B0CMCSGPJC | Q62: =HYPERLINK(P62) -> https://amazon.com/dp/B0CMCSGPJC
A63: 7 | B63: B0C3R381FC | C63: Endoscope Camera with Light, Borescope Camera with 4.3" IPS Screen, 1920P HD with 8 LED Lights, 16.4FT Semi-Rigid Cord Bore Scope, Gadgets for Men & Tools for Men | D63: daxiongmao | E63: Landscape | F63: No camera | G63: 4.3" | H63: 8mm | I63: Single | J63: 16.5ft | K63: 39.99 | L63: 110017.32 | M63: 2910 | N63: 4009 | O63: 4.5 | P63: https://amazon.com/dp/B0C3R381FC | Q63: =HYPERLINK(P63) -> https://amazon.com/dp/B0C3R381FC
A64: 8 | B64: B0FC2HS5GZ | C64: Endoscope with Light, 1920P HD Borescope with 8 Adjustable LED Lights, 16.4FT Semi-Rigid Snake Camera, IP67 Waterproof Inspection Tool for iPhone & Android - Dual Lens (Black) | D64: papiblu | E64: USB | G64: App | H64: 8mm | I64: Dual | J64: 16.5ft | K64: 18.89 | L64: 56608.4 | M64: 2698 | N64: 257 | O64: 4.4 | P64: https://amazon.com/dp/B0FC2HS5GZ | Q64: =HYPERLINK(P64) -> https://amazon.com/dp/B0FC2HS5GZ
A65: 9 | B65: B0CP538LN1 | C65: WINWEND Endoscope Camera with Light - IP67 Waterproof Borescope Camera with 8 Adjustable LED Lights | 4.3" LCD Screen Borescope | HD 1080P Inspection Cameras with 16.5ft Semi-Rigid Cord Tools for Men | D65: winwend | E65: Handheld | F65: No camera | G65: 4.3" | H65: 8mm | I65: Single | J65: 16.5ft | K65: 31.96 | L65: 86389.68 | M65: 2558 | N65: 1179 | O65: 4.5 | P65: https://amazon.com/dp/B0CP538LN1 | Q65: =HYPERLINK(P65) -> https://amazon.com/dp/B0CP538LN1
A66: 10 | B66: B0B28HRSBP | C66: DXZtoz Two-Way Articulating Borescope, Industrial Endoscope with 0.33in Articulated Snake Camera, Video Inspection Scope with Light for Automotive Aircraft Mechanics- 5.5FT | D66: dxztoz | E66: Articulation | F66: 2-way | G66: 4.3" | H66: 8.5mm | I66: Single | J66: 5.5ft | K66: 139.39 | L66: 344006.92 | M66: 2468 | N66: 1579 | O66: 4.6 | P66: https://amazon.com/dp/B0B28HRSBP | Q66: =HYPERLINK(P66) -> https://amazon.com/dp/B0B28HRSBP
A67: 11 | B67: B0DK965BZP | C67: Teslong Endoscope Borescope with Light, Snake Inspection Camera for Automotive Engine, Waterproof Fiber Optic Camera for Mechanics - Ideal for Wall, Vent, Wire Video Scope (16.5FT) | D67: teslong | E67: Landscape | G67: 4.3" | H67: 8mm | I67: Single | J67: 16.5ft | K67: 37.99 | L67: 97842.86 | M67: 2035 | N67: 287 | O67: 4.5 | P67: https://amazon.com/dp/B0DK965BZP | Q67: =HYPERLINK(P67) -> https://amazon.com/dp/B0DK965BZP
A68: 12 | B68: B0G23FH94K | C68: Endoscope Camera with Light, 1920P HD Borescope Tools with 8 Adjustable LED Lights, Endoscope with Semi-Rigid Snake Camera, Inspection Borescope for iOS and Android - 16.3ft Single Line Single Lens | D68: kinpthy | K68: 19.99 | L68: 31480.21 | M68: 1787 | N68: 5630 | O68: 4.4 | P68: https://amazon.com/dp/B0G23FH94K | Q68: =HYPERLINK(P68) -> https://amazon.com/dp/B0G23FH94K
A69: 13 | B69: B0CJC65Q9P | C69: Endoscope Camera with Light, 1080P HD Borescope with 8 Adjustable Lights, 4.3" Endoscope with 33 ft Semi-Rigid Snake Camera, IP67 Waterproof Borescopese for Sewer, Cool Gadgets & Tools for Men | D69: daxiongmao | K69: 42.98 | L69: 99487.06 | M69: 1661 | N69: 1934 | O69: 4.4 | P69: https://amazon.com/dp/B0CJC65Q9P | Q69: =HYPERLINK(P69) -> https://amazon.com/dp/B0CJC65Q9P
A70: 14 | B70: B0G23P5N7X | C70: Endoscope Camera with Light, 1920P HD Borescope Tools with 8 Adjustable LED Lights, Endoscope with Semi-Rigid Snake Camera, Inspection Borescope for iOS and Android - 16.3ft Dual Line Single Lens | D70: kinpthy | K70: 25.99 | L70: 31980.17 | M70: 1425 | N70: 5630 | O70: 4.4 | P70: https://amazon.com/dp/B0G23P5N7X | Q70: =HYPERLINK(P70) -> https://amazon.com/dp/B0G23P5N7X
A71: 15 | B71: B0CC27QRQ6 | C71: 1920P Snake Inspection Borescope, Pancellent Type C Endoscope, Scope Camera with 8 LED Lights for Android and iOS Smartphone, iPhone, iPad, Samsung (16.5 FT/5M) | D71: pancellent | E71: USB | G71: App | H71: 8mm | I71: Single | J71: 16.5ft | K71: 22.43 | L71: 28170.89 | M71: 1380 | N71: 2073 | O71: 4.4 | P71: https://amazon.com/dp/B0CC27QRQ6 | Q71: =HYPERLINK(P71) -> https://amazon.com/dp/B0CC27QRQ6
A72: 16 | B72: B0F1CXQ3YS | C72: Endoscope Camera with Light, 1920P HD Borescope Inspection Camera with 4.3" IPS Screen, AukonVee IP67 Waterproof with 8 LEDs & 16.5ft Semi-Rigid Snake Camera for Automotive Pipe Tools Gadgets for Men | D72: aukonvee | E72: Landscape | F72: No camera | G72: 4.3" | H72: 8mm | I72: Single | J72: 16.5ft | K72: 39.99 | L72: 38126.65 | M72: 1336 | N72: 322 | O72: 4.5 | P72: https://amazon.com/dp/B0F1CXQ3YS | Q72: =HYPERLINK(P72) -> https://amazon.com/dp/B0F1CXQ3YS
A73: 17 | B73: B0DGFC3D9H | C73: Acoath Endoscope Camera with Light, Dual-Lens 1920P HD Borescope with 8 Adjustable LED Lights, IP67 Waterproof Boroscope Inspection Tools, 33ft Semi-Rigid Snake Camera for iOS & Android | D73: acoath | E73: USB | G73: App | H73: 8mm | I73: Dual | J73: 33ft | K73: 33.99 | L73: 36255.3 | M73: 1219 | N73: 1327 | O73: 4.4 | P73: https://amazon.com/dp/B0DGFC3D9H | Q73: =HYPERLINK(P73) -> https://amazon.com/dp/B0DGFC3D9H
A74: 18 | B74: B0BXSMSS7M | C74: Endoscope Camera with Light, 1080P HD Borescope with 8 Adjustable Lights, 4.3" Endoscope with 16.4 ft Semi-Rigid Snake Camera, IP67 Waterproof Borescopese for Sewer, Cool Gadgets & Tools for Men | D74: daxiongmao | E74: Handheld | F74: No camera | G74: 4.3" | H74: 8mm | I74: Single | J74: 16.5ft | K74: 29.71 | L74: 40853.74 | M74: 1134 | N74: 1934 | O74: 4.4 | P74: https://amazon.com/dp/B0BXSMSS7M | Q74: =HYPERLINK(P74) -> https://amazon.com/dp/B0BXSMSS7M
A75: 19 | B75: B0CJY6SWBN | C75: Articulating Borescope with Dual Lens Endoscope Camera, Teslong Two-Way Articulated Industrial Inspection Camera with LED Light, Flexible Mechanic Fiber Optic Snake Scope Cam for Wall Automotive-5FT | D75: teslong | E75: Articulation | F75: 2-way | G75: 4.5" | H75: 8mm | I75: Dual | J75: 5ft | K75: 149.99 | L75: 153980.79 | M75: 1132 | N75: 378 | O75: 4.5 | P75: https://amazon.com/dp/B0CJY6SWBN | Q75: =HYPERLINK(P75) -> https://amazon.com/dp/B0CJY6SWBN
A76: 20 | B76: B0DT4H7QQM | C76: Teslong Two-Way Articulating Borescope, 5.5mm Slim Probe, 5.0'' Industrial Endoscope with Light, 5FT Flexible Snake Scope for Automotive, HVAC & Mechanics | D76: teslong | E76: Articulation | F76: 2-way | G76: 5.0" | H76: 5.5mm | I76: Single | J76: 5ft | K76: 139.99 | L76: 136179 | M76: 1103 | N76: 217 | O76: 4.5 | P76: https://amazon.com/dp/B0DT4H7QQM | Q76: =HYPERLINK(P76) -> https://amazon.com/dp/B0DT4H7QQM
A77: 21 | B77: B0C1GFBTDC | C77: USB C Endoscope Camera with Light, Teslong Type-C Snake Borescope Camera with 8 LED Lights, 10FT Flexible Waterproof Inspection Cam, Fiber Optic Scope Compatible with iPhone 15/16/17, Android Phone | D77: teslong | E77: USB | G77: App | H77: 8mm | I77: Single | J77: 10ft | K77: 25.48 | L77: 32183.16 | M77: 1102 | N77: 982 | O77: 4.4 | P77: https://amazon.com/dp/B0C1GFBTDC | Q77: =HYPERLINK(P77) -> https://amazon.com/dp/B0C1GFBTDC
A78: 22 | B78: B0DH1XWTKK | C78: Endoscope Camera with Light: Dual Lens Industrial Endoscope Borescope - 1080P HD Borescope Camera with Light- 16.4FT Flexible Waterproof Inspection Bore Scope for Plumbing Automotive Sewer | D78: tgjor | E78: Landscape | F78: No camera | G78: 4.3" | H78: 8mm | I78: Dual | J78: 16.5ft | K78: 39.99 | L78: 37305.39 | M78: 1090 | N78: 874 | O78: 4.5 | P78: https://amazon.com/dp/B0DH1XWTKK | Q78: =HYPERLINK(P78) -> https://amazon.com/dp/B0DH1XWTKK
A79: 23 | B79: B0DGFBJYG2 | C79: Acoath Endoscope Camera with Light, Dual-Lens 1920P HD Borescope with 8 Adjustable LED Lights, IP67 Waterproof Boroscope Inspection Tools, 9.8ft Semi-Rigid Snake Camera for iOS & Android | D79: acoath | E79: USB | G79: App | H79: 8mm | I79: Dual | J79: 9.8ft | K79: 26.99 | L79: 26275.76 | M79: 1089 | N79: 1327 | O79: 4.4 | P79: https://amazon.com/dp/B0DGFBJYG2 | Q79: =HYPERLINK(P79) -> https://amazon.com/dp/B0DGFBJYG2
A80: 24 | B80: B0DFHL8YN5 | C80: Two-Way Articulating Borescope with Light, UJOYOK Industrial Endoscope with Snake Scope Camera, Borescope Inspection Camera with Light for Automotive & Aircraft Mechanics, 5.5FT | D80: ujoyok | E80: Articulation | F80: 2-way | G80: 4.3" | H80: 8mm | I80: Single | J80: 5.5ft | K80: 105.99 | L80: 107107.5 | M80: 1088 | N80: 368 | O80: 4.6 | P80: https://amazon.com/dp/B0DFHL8YN5 | Q80: =HYPERLINK(P80) -> https://amazon.com/dp/B0DFHL8YN5
A81: 25 | B81: B0CG46T9ZF | C81: 16.4ft Endoscope Camera with Light for iPhone and Android, 1920P HD IP67 Waterproof Borescope with 8 Adjustable LED Lights, Semi-Rigid Snake Camera, 7.9mm Black | D81: matrixcamp | E81: USB | G81: App | H81: 8mm | I81: Single | J81: 16.5ft | K81: 25.99 | L81: 28141.89 | M81: 1075 | N81: 890 | O81: 4.3 | P81: https://amazon.com/dp/B0CG46T9ZF | Q81: =HYPERLINK(P81) -> https://amazon.com/dp/B0CG46T9ZF
A82: 26 | B82: B0CW65T636 | C82: Endoscope Camera with Light - 4.3" LCD Screen Inspection Cameras,IP67 Waterproof Borescope with 8 Adjustable LED Lights,HD 1080P Endoscope Camera 16.5ft Semi-Rigid Cord,gifts for men tools and gadgets | D82: winwend | E82: Landscape | F82: No camera | G82: 4.3" | H82: 8mm | I82: Single | J82: 16.5ft | K82: 33.9 | L82: 33279.42 | M82: 1065 | N82: 363 | O82: 4.5 | P82: https://amazon.com/dp/B0CW65T636 | Q82: =HYPERLINK(P82) -> https://amazon.com/dp/B0CW65T636
A83: 27 | B83: B0FKM8K5QX | C83: DEPSTECH Inspection Endoscope Camera with Lights: 1080P Triple Lens Snake Camera with 5" Screen and 16.5FT Flexible Cable, Waterproof Industrial Borescope Tool for Auto, Wall, Sewer, Pipe, Mechanics | D83: depstech | K83: 56.98 | L83: 76045.74 | M83: 1014 | N83: 155 | O83: 4.7 | P83: https://amazon.com/dp/B0FKM8K5QX | Q83: =HYPERLINK(P83) -> https://amazon.com/dp/B0FKM8K5QX
A84: 28 | B84: B0CKPG2P7F | C84: Anykit Dual Lens Endoscope Camera with Adjustable Lights, Type C Borescope for Sewer, IP67 Waterproof Semi-Rigid Snake Camera, 1080HD Industrial Scope Inspection Cam, Gadgets for Men(16.5 ft) | D84: anykit | K84: 16.1 | L84: 19758.98 | M84: 1003 | N84: 151 | O84: 4.5 | P84: https://amazon.com/dp/B0CKPG2P7F | Q84: =HYPERLINK(P84) -> https://amazon.com/dp/B0CKPG2P7F
A85: 29 | B85: B0DWSKVF5H | C85: Endoscope Camera with Light: 5" Dual-Lens Inspection Borescope Camera for Sewer - 16.4ft Waterproof Industrial Endoscope - Flexible Snake Bore Scope for Plumbing Automotive | D85: tgjor | E85: Handheld | F85: No camera | G85: 5.0" | H85: 8mm | I85: Dual | J85: 16.5ft | K85: 49.99 | L85: 42469.67 | M85: 991 | N85: 874 | O85: 4.5 | P85: https://amazon.com/dp/B0DWSKVF5H | Q85: =HYPERLINK(P85) -> https://amazon.com/dp/B0DWSKVF5H
A86: 30 | B86: B0D1VGWHJ4 | C86: NIDAGE Dual Lens Borescope Inspection Camera 1920P HD Endoscope Camera with Light Waterproof Industrial Endoscope 11.5FT Flexible Snake Cam with 4.3'' IPS Screen, Mechanic Scope Cam Gift for Men | D86: nidage | K86: 33.99 | L86: 35274.08 | M86: 985 | N86: 439 | O86: 4.6 | P86: https://amazon.com/dp/B0D1VGWHJ4 | Q86: =HYPERLINK(P86) -> https://amazon.com/dp/B0D1VGWHJ4
A87: 31 | B87: B0C2P7KP5D | C87: 1920P Endoscope Snake Inspection Camera, Lightswim Type C Borescope, Scope Camera with 8 LED Lights for Android and iOS Smartphone, iPhone, iPad, Samsung (16.5 FT/5M) | D87: lightswim | E87: USB | G87: App | H87: 8mm | I87: Single | J87: 16.5ft | K87: 20.93 | L87: 18889.2 | M87: 983 | N87: 2245 | O87: 4.6 | P87: https://amazon.com/dp/B0C2P7KP5D | Q87: =HYPERLINK(P87) -> https://amazon.com/dp/B0C2P7KP5D
A88: 32 | B88: B0DQW68W1T | C88: Anykit USB Endoscope Camera with 8 Adjustable LED Lights, Borescope with Semi-Rigid Snake Camera, IP67 Waterproof Inspection Cam Compatible with iPhone and Android Devices (9.8 ft) | D88: anykit | K88: 27.99 | L88: 26230.03 | M88: 938 | N88: 255 | O88: 4.5 | P88: https://amazon.com/dp/B0DQW68W1T | Q88: =HYPERLINK(P88) -> https://amazon.com/dp/B0DQW68W1T
A89: 33 | B89: B0BL7RK5JJ | C89: Triple Lens Borescope Tool, DEPSTECH 5" IPS Screen Endoscope Camera with Lights, 1080P Sewer Inspection Camera & Split Screen, 180° Rotation, IP67 Snake Cable, Gadget for Automotive Mechanical Repair | D89: depstech | K89: 109.99 | L89: 93363.89 | M89: 931 | N89: 1423 | O89: 4.3 | P89: https://amazon.com/dp/B0BL7RK5JJ | Q89: =HYPERLINK(P89) -> https://amazon.com/dp/B0BL7RK5JJ
A90: 34 | B90: B0FMY9WR1H | C90: Vorth Endoscope Camera with Light, 1920P HD Borescope with 8 LED Lights, 16.5 FT Semi-Rigid Snake Inspection Camera, IP67 Waterproof Drain Pipe Borescope Mens Tool for iOS and Android | D90: vorth | E90: USB | G90: App | H90: 8mm | I90: Single | J90: 16.5ft | K90: 19.99 | L90: 18493.37 | M90: 926 | N90: 184 | O90: 4.3 | P90: https://amazon.com/dp/B0FMY9WR1H | Q90: =HYPERLINK(P90) -> https://amazon.com/dp/B0FMY9WR1H
A91: 35 | B91: B0DYDXH1NQ | C91: Teslong Dual Lens Endoscope with Light, Mechanic Borescope Inspection Camera, Fiber Optic Scope, Flexible Snake Probe for Automotive, HVAC, Wall & Home Inspections (16.5FT) | D91: teslong | E91: Landscape | G91: 4.3" | H91: 8mm | I91: Dual | J91: 16.5ft | K91: 59.99 | L91: 55279.46 | M91: 921 | N91: 81 | O91: 4.4 | P91: https://amazon.com/dp/B0DYDXH1NQ | Q91: =HYPERLINK(P91) -> https://amazon.com/dp/B0DYDXH1NQ
A92: 36 | B92: B0DWSNQWJ1 | C92: Endoscope Camera with Light: 4.3" Inspection Borescope Camera for Sewer - 16.4ft Waterproof Industrial Endoscope - Flexible Snake Bore Scope for Plumbing Automotive | D92: tgjor | E92: Handheld | F92: No camera | G92: 4.3" | H92: 8mm | I92: Single | J92: 16.5ft | K92: 35.99 | L92: 28125.59 | M92: 882 | N92: 874 | O92: 4.5 | P92: https://amazon.com/dp/B0DWSNQWJ1 | Q92: =HYPERLINK(P92) -> https://amazon.com/dp/B0DWSNQWJ1
A93: 37 | B93: B0CB6JML8N | C93: Endoscope with Light and 16.4ft Semi-Rigid Cable, Handheld Borescope 4.3'' HD 1080P, 8 Adjustable LED Lights, IP67 Waterproof Inspection Camera for Sewer, Gadgets for Men (Single 5m) | D93: skyear | K93: 19.99 | L93: 18478.32 | M93: 879 | N93: 927 | O93: 4.3 | P93: https://amazon.com/dp/B0CB6JML8N | Q93: =HYPERLINK(P93) -> https://amazon.com/dp/B0CB6JML8N
A94: 38 | B94: B07TV2BFVR | C94: Teslong Inspection Camera, Dual Lens Borescope Camera with Light, NTS300 5" IPS Industrial Endoscope, 1080P Waterproof Flexible Mechanic Fiber Optic Snake Scope Cam for Wall Automotive Engine (16.5FT) | D94: teslong | E94: Handheld | G94: 5.0" | H94: 5.5mm | I94: Dual | J94: 16.5ft | K94: 159.99 | L94: 139510.59 | M94: 872 | N94: 3569 | O94: 4.6 | P94: https://amazon.com/dp/B07TV2BFVR | Q94: =HYPERLINK(P94) -> https://amazon.com/dp/B07TV2BFVR
A95: 39 | B95: B0F2PQTT1G | C95: 1920P HD 9.8FT Endoscope with Light, Borescope with 8 Adjustable LED Lights, USB Type C, Inspection Camera with Semi-Rigid Snake Cable for Android and iOS Smartphones, iPhone, iPad. KEEMIKA | D95: keemika | E95: USB | G95: App | H95: 8mm | I95: Single | J95: 10ft | K95: 17.97 | L95: 14685.63 | M95: 814 | N95: 339 | O95: 4.4 | P95: https://amazon.com/dp/B0F2PQTT1G | Q95: =HYPERLINK(P95) -> https://amazon.com/dp/B0F2PQTT1G
A96: 40 | B96: B0F7XSRSBR | C96: Endoscope Camera with Light, 1920P HD Borescope Camera for iPhone, 16.4 Ft Semi-Rigid Snake Camera - 8 Adjustable LEDs, IP67 Waterproof Inspection Tools for iOS and Android, Cool Gadgets for Men | D96: ennovor | K96: 17.99 | L96: 13143.84 | M96: 758 | N96: 221 | O96: 4.4 | P96: https://amazon.com/dp/B0F7XSRSBR | Q96: =HYPERLINK(P96) -> https://amazon.com/dp/B0F7XSRSBR
A97: 41 | B97: B0FJR2Y5B9 | C97: T TAKMLY Endoscope Camera with Light, Dual Lens 1080P Industrial Borescope with 8 LED Lights, 4.3'' Inspection Snake Cameras, 16.4FT Semi-Rigid Cable, IP67 Waterproof (Blue) | D97: t takmly | K97: 45.99 | L97: 34773.44 | M97: 757 | N97: 104 | O97: 4.8 | P97: https://amazon.com/dp/B0FJR2Y5B9 | Q97: =HYPERLINK(P97) -> https://amazon.com/dp/B0FJR2Y5B9
A98: 42 | B98: B0C3B32Q9Z | C98: DXZtoz Dual-Lens Articulating Borescope, Engine Endoscope with 0.33in Two-Way Articulated Snake Camera, 5'' Dual Screen, 1080P Inspection Camera with Light for Automotive Home Mechanics-5FT | D98: dxztoz | E98: Articulation | F98: 2-way | G98: 5.0" | H98: 8mm | I98: Dual | J98: 5ft | K98: 159.99 | L98: 114335.84 | M98: 731 | N98: 477 | O98: 4.5 | P98: https://amazon.com/dp/B0C3B32Q9Z | Q98: =HYPERLINK(P98) -> https://amazon.com/dp/B0C3B32Q9Z
A99: 43 | B99: B0C2P7TP2V | C99: Industrial HD Digital Borescope, Lightswim 1080P 4.3" IPS Endoscope Inspection Camera with Handheld IP67 Waterproof Snake Sewer with 8 LED Lights 16.5ft Semi-Rigid Cable | D99: lightswim | E99: Landscape | F99: No camera | G99: 4.3" | H99: 8mm | I99: Single | J99: 16.5ft | K99: 29.9 | L99: 20149.89 | M99: 710 | N99: 2425 | O99: 4.5 | P99: https://amazon.com/dp/B0C2P7TP2V | Q99: =HYPERLINK(P99) -> https://amazon.com/dp/B0C2P7TP2V
A100: 44 | B100: B0F13BKB4P | C100: Dual-Lens Endoscope with Light, Endoscope Camera with Light with 4.3" IPS Screen,1920P HD with 8 LED Lights,16.4ft Semi-Rigid Cable and Back LED Light,IP67 Waterproof Endoscope Cool Gadgets for Men | D100: ferdiiz | E100: Landscape | F100: No camera | G100: 4.3" | H100: 8mm | I100: Dual | J100: 16.5ft | K100: 34.99 | L100: 23525.81 | M100: 707 | N100: 402 | O100: 4.1 | P100: https://amazon.com/dp/B0F13BKB4P | Q100: =HYPERLINK(P100) -> https://amazon.com/dp/B0F13BKB4P
A101: 45 | B101: B0C9L96KF7 | C101: Borescope Inspection with Light, Industrial Endoscope Camera with 4.3” HD Screen, Waterproof Digital Snake Camera, Semi-Rigid Cable Bore Scope for Home Pipe, Engine, Inside Wall, Duct (11.5 FT) | D101: anykit | K101: 39.99 | L101: 29489.31 | M101: 692 | N101: 598 | O101: 4.5 | P101: https://amazon.com/dp/B0C9L96KF7 | Q101: =HYPERLINK(P101) -> https://amazon.com/dp/B0C9L96KF7
A102: 46 | B102: B0BF64PP4F | C102: Endoscope Camera with Light,1920P HD Borescope Tools with 8 Adjustable LED Lights, Endoscope with Semi-Rigid Snake Camera, IP67 Waterproof Inspection Borescope for iOS and Android-32.8ft Single Lens | D102: kinpthy | E102: USB | G102: App | H102: 8mm | I102: Single | J102: 32.8ft | K102: 39.99 | L102: 27387.26 | M102: 685 | N102: 5630 | O102: 4.4 | P102: https://amazon.com/dp/B0BF64PP4F | Q102: =HYPERLINK(P102) -> https://amazon.com/dp/B0BF64PP4F
...

Sheet Top 50 Type Summary
A1: Top 50 By Revenue Summary
A2: Type | B2: Avg Price | C2: Quantity/Mo | D2: Qty by % | E2: Revenue/Mo | F2: Revenue by %
A3: Articulation | B3: 171.88333 | C3: 17522 | D3: 0.24262985 | E3: 2357490.6 | F3: 0.48004123
A4: Handheld | B4: 81.688 | C4: 5780 | D4: 0.080036556 | E4: 344790.92 | F4: 0.070207643
A5: Landscape | B5: 69.28 | C5: 14295 | D5: 0.19794508 | E5: 764554.35 | F5: 0.15568147
A6: Portrait | B6: 125.99 | C6: 410 | D6: 0.0056773336 | E6: 44076.03 | F6: 0.0089749294
A7: Sewer camera | B7: 781.9 | C7: 187 | D7: 0.002589418 | E7: 111145.84 | F7: 0.02263194
A8: USB | B8: 30.474286 | C8: 25522 | D8: 0.35340709 | E8: 714946.66 | F8: 0.14558017
B9: 106.07909 | C9: 8501 | D9: 0.11771467 | E9: 574012.51 | F9: 0.11688262
A10: Total | B10: 195.32782 | C10: 72217 | D10: 1 | E10: 4911016.9 | F10: 1
A28: Top 50 By Unit Summary
A29: Type | B29: Avg Price | C29: Quantity/Mo | D29: Qty by % | E29: Revenue/Mo | F29: Revenue by %
A30: Articulation | B30: 137.55667 | C30: 14118 | D30: 0.17054638 | E30: 1842995.9 | F30: 0.42993395
A31: Handheld | B31: 61.528 | C31: 6437 | D31: 0.077759389 | E31: 337349.27 | F31: 0.078696814
A32: Landscape | B32: 42.97 | C32: 14334 | D32: 0.17315568 | E32: 636378.6 | F32: 0.14845435
A33: USB | B33: 27.686429 | C33: 32474 | D33: 0.39228809 | E33: 876990.66 | F33: 0.20458432
B34: 36.933125 | C34: 15418 | D34: 0.18625047 | E34: 592981.01 | F34: 0.13833057
A35: Total | B35: 61.334844 | C35: 82781 | D35: 1 | E35: 4286695.4 | F35: 1

Sheet Top50 2or4way Summary 
A1: Top 50 By Revenue Summary
A2: 2/4-way | B2: Avg Price | C2: Quantity/Mo | D2: Qty by % | E2: Revenue/Mo | F2: Revenue by %
A3: 2-way | B3: 158.44714 | C3: 17387 | D3: 0.24076049 | E3: 2301807.5 | F3: 0.46870282
A4: 4-way | B4: 359.99 | C4: 135 | D4: 0.0018693659 | E4: 55683.1 | F4: 0.011338405
A5: No camera | B5: 37.932857 | C5: 11084 | D5: 0.15348187 | E5: 388441.87 | F5: 0.079096016
B6: 111.56393 | C6: 43611 | D6: 0.60388828 | E6: 2165084.4 | F6: 0.44086276
A7: Total | B7: 166.98348 | C7: 72217 | D7: 1 | E7: 4911016.9 | F7: 1
A25: Top 50 By Unit Summary
A26: 2/4-way | B26: Avg Price | C26: Quantity/Mo | D26: Qty by % | E26: Revenue/Mo | F26: Revenue by %
A27: 2-way | B27: 137.55667 | C27: 14118 | D27: 0.17054638 | E27: 1842995.9 | F27: 0.42993395
A28: No camera | B28: 36.641 | C28: 13383 | D28: 0.16166753 | E28: 460243.16 | F28: 0.10736549
B29: 38.426471 | C29: 55280 | D29: 0.66778609 | E29: 1983456.4 | F29: 0.46270056
A30: Total | B30: 70.874712 | C30: 82781 | D30: 1 | E30: 4286695.4 | F30: 1

Sheet Top 50 Display Summary 
A1: Top 50 By Revenue Summary
A2: Display | B2: Avg Price | C2: Quantity/Mo | D2: Qty by % | E2: Revenue/Mo | F2: Revenue by %
A3: 4.3" | B3: 82.49 | C3: 22151 | D3: 0.30672833 | E3: 1406766.4 | F3: 0.28645115
A4: 4.5" | B4: 142.49 | C4: 9590 | D4: 0.13279422 | E4: 1253442.3 | F4: 0.25523071
A5: 5.0" | B5: 174.15273 | C5: 6266 | D5: 0.086766274 | E5: 850703.12 | F5: 0.17322342
A6: 9.0" | B6: 781.9 | C6: 187 | D6: 0.002589418 | E6: 111145.84 | F6: 0.02263194
A7: App | B7: 30.474286 | C7: 25522 | D7: 0.35340709 | E7: 714946.66 | F7: 0.14558017
B8: 106.07909 | C8: 8501 | D8: 0.11771467 | E8: 574012.51 | F8: 0.11688262
A9: Total | B9: 219.59768 | C9: 72217 | D9: 1 | E9: 4911016.9 | F9: 1
A27: Top 50 By Unit Summary
A28: Display | B28: Avg Price | C28: Quantity/Mo | D28: Qty by % | E28: Revenue/Mo | F28: Revenue by %
A29: 4.3" | B29: 52.126429 | C29: 22464 | D29: 0.27136662 | E29: 1242862 | F29: 0.28993477
A30: 4.5" | B30: 139.99 | C30: 8728 | D30: 0.10543482 | E30: 1141366.6 | F30: 0.26625792
A31: 5.0" | B31: 127.49 | C31: 3697 | D31: 0.044660007 | E31: 432495.1 | F31: 0.10089243
A32: App | B32: 27.686429 | C32: 32474 | D32: 0.39228809 | E32: 876990.66 | F32: 0.20458432
B33: 36.933125 | C33: 15418 | D33: 0.18625047 | E33: 592981.01 | F33: 0.13833057
A34: Total | B34: 76.845196 | C34: 82781 | D34: 1 | E34: 4286695.4 | F34: 1

Sheet Top50 Lensdiameter Summary  
A1: Top 50 By Revenue Summary
A2: Lens diameter | B2: Avg Price | C2: Quantity/Mo | D2: Qty by % | E2: Revenue/Mo | F2: Revenue by %
A3: 23mm | B3: 781.9 | C3: 187 | D3: 0.002589418 | E3: 111145.84 | F3: 0.02263194
A4: 5.5mm | B4: 142.74 | C4: 2749 | D4: 0.038065829 | E4: 368864.49 | F4: 0.075109595
A5: 6.2mm | B5: 159.99 | C5: 413 | D5: 0.0057188751 | E5: 59879.58 | F5: 0.012192909
A6: 6.4mm | B6: 102.99 | C6: 600 | D6: 0.0083082931 | E6: 49433.48 | F6: 0.010065834
A7: 6.5mm | B7: 299.99 | C7: 227 | D7: 0.0031433042 | E7: 68045.02 | F7: 0.013855587
A8: 6mm | B8: 359.99 | C8: 135 | D8: 0.0018693659 | E8: 55683.1 | F8: 0.011338405
A9: 8.5mm | B9: 139.39 | C9: 2468 | D9: 0.034174779 | E9: 344006.92 | F9: 0.070048002
A10: 8mm | B10: 82.258276 | C10: 56937 | D10: 0.78841547 | E10: 3279945.9 | F10: 0.66787511
B11: 106.07909 | C11: 8501 | D11: 0.11771467 | E11: 574012.51 | F11: 0.11688262
A12: Total | B12: 241.70304 | C12: 72217 | D12: 1 | E12: 4911016.9 | F12: 1
A30: Top 50 By Unit Summary
A31: Lens diameter | B31: Avg Price | C31: Quantity/Mo | D31: Qty by % | E31: Revenue/Mo | F31: Revenue by %
A32: 5.5mm | B32: 149.99 | C32: 1975 | D32: 0.023858132 | E32: 275689.59 | F32: 0.064312848
A33: 8.5mm | B33: 139.39 | C33: 2468 | D33: 0.029813605 | E33: 344006.92 | F33: 0.08024991
A34: 8mm | B34: 47.353226 | C34: 62920 | D34: 0.7600778 | E34: 3074017.9 | F34: 0.71710667
B35: 36.933125 | C35: 15418 | D35: 0.18625047 | E35: 592981.01 | F35: 0.13833057
A36: Total | B36: 93.416588 | C36: 82781 | D36: 1 | E36: 4286695.4 | F36: 1

Sheet Top50 Lens count Summary 
A1: Top 50 By Revenue Summary
A2: Lens count | B2: Avg Price | C2: Quantity/Mo | D2: Qty by % | E2: Revenue/Mo | F2: Revenue by %
A3: Dual | B3: 100.29625 | C3: 27593 | D3: 0.38208455 | E3: 1459603.5 | F3: 0.29721004
A4: Single | B4: 141.66 | C4: 34884 | D4: 0.48304416 | E4: 2719081 | F4: 0.55366966
A5: Triple | B5: 120.92 | C5: 1239 | D5: 0.017156625 | E5: 158319.82 | F5: 0.032237686
B6: 106.07909 | C6: 8501 | D6: 0.11771467 | E6: 574012.51 | F6: 0.11688262
A7: Total | B7: 117.23884 | C7: 72217 | D7: 1 | E7: 4911016.9 | F7: 1
A25: Top 50 By Unit Summary
A26: Lens count | B26: Avg Price | C26: Quantity/Mo | D26: Qty by % | E26: Revenue/Mo | F26: Revenue by %
A27: Dual | B27: 64.768571 | C27: 28086 | D27: 0.33928075 | E27: 1293137.1 | F27: 0.30166294
A28: Single | B28: 50.028 | C28: 39277 | D28: 0.47446878 | E28: 2400577.3 | F28: 0.56000649
B29: 36.933125 | C29: 15418 | D29: 0.18625047 | E29: 592981.01 | F29: 0.13833057
A30: Total | B30: 50.576565 | C30: 82781 | D30: 1 | E30: 4286695.4 | F30: 1

Sheet Top50 Cable length Summary  
A1: Top 50 By Revenue Summary
A2: Cable length | B2: Avg Price | C2: Quantity/Mo | D2: Qty by % | E2: Revenue/Mo | F2: Revenue by %
A3: 10ft | B3: 121.82 | C3: 1725 | D3: 0.023886343 | E3: 128052.34 | F3: 0.026074506
A4: 16.5ft | B4: 52.007647 | C4: 41898 | D4: 0.5801681 | E4: 1584002 | F4: 0.32254054
A5: 300ft | B5: 781.9 | C5: 187 | D5: 0.002589418 | E5: 111145.84 | F5: 0.02263194
A6: 33ft | B6: 33.99 | C6: 1219 | D6: 0.016879682 | E6: 36255.3 | F6: 0.0073824426
A7: 5.25ft | B7: 159.99 | C7: 413 | D7: 0.0057188751 | E7: 59879.58 | F7: 0.012192909
A8: 5.5ft | B8: 108.45667 | C8: 4152 | D8: 0.057493388 | E8: 498750.79 | F8: 0.10155754
A9: 50ft | B9: 112.985 | C9: 1014 | D9: 0.014041015 | E9: 122752.58 | F9: 0.024995349
A10: 5ft | B10: 194.76778 | C10: 12334 | D10: 0.17079081 | E10: 1702991 | F10: 0.34676953
A11: 9.8ft | B11: 135.49 | C11: 774 | D11: 0.010717698 | E11: 93174.9 | F11: 0.018972629
B12: 106.07909 | C12: 8501 | D12: 0.11771467 | E12: 574012.51 | F12: 0.11688262
A13: Total | B13: 180.74862 | C13: 72217 | D13: 1 | E13: 4911016.9 | F13: 1
A31: Top 50 By Unit Summary
A32: Cable length | B32: Avg Price | C32: Quantity/Mo | D32: Qty by % | E32: Revenue/Mo | F32: Revenue by %
A33: 10ft | B33: 21.725 | C33: 1916 | D33: 0.023145408 | E33: 46868.79 | F33: 0.010933548
A34: 16.5ft | B34: 40.763478 | C34: 48336 | D34: 0.5839021 | E34: 1713931.4 | F34: 0.3998258
A35: 32.8ft | B35: 39.99 | C35: 685 | D35: 0.0082748457 | E35: 27387.26 | F35: 0.0063888981
A36: 33ft | B36: 33.99 | C36: 1219 | D36: 0.014725601 | E36: 36255.3 | F36: 0.0084576338
A37: 5.5ft | B37: 122.69 | C37: 3556 | D37: 0.042956717 | E37: 451114.42 | F37: 0.10523594
A38: 5ft | B38: 144.99 | C38: 10562 | D38: 0.12758966 | E38: 1391881.4 | F38: 0.32469801
A39: 9.8ft | B39: 26.99 | C39: 1089 | D39: 0.013155193 | E39: 26275.76 | F39: 0.0061296074
B40: 36.933125 | C40: 15418 | D40: 0.18625047 | E40: 592981.01 | F40: 0.13833057
A41: Total | B41: 58.50895 | C41: 82781 | D41: 1 | E41: 4286695.4 | F41: 1

Sheet Teslong
A1: #VALUE!
A7: Rank by Revenue
A8: Product Name | B8: ASIN | C8: Avg Price | D8: Estimated 12mo Revenue | E8: Monthly Rev | F8: Estimated 12mo Units | G8: Monthly Units | H8: # of Reviews | I8: Tool Rating | J8: Column1 | K8: Link
A9: Teslong Two-Way Articulating Borescope with Light, Industrial Endoscope Inspection Camera with Articulated Probe, Flexible Mechanic Fiber Optic Snake Scope Cam for Wall Automotive Engine Inspect-5FT | B9: B0CJY5C9QX | C9: 129.99 | D9: 11848630 | E9: 987385.82 | F9: 91152 | G9: 7596 | H9: 1220 | I9: 4.7 | J9: https://amazon.com/dp/B0CJY5C9QX | K9: =HYPERLINK(J9) -> https://amazon.com/dp/B0CJY5C9QX
A10: Articulating Borescope with Dual Lens Endoscope Camera, Teslong Two-Way Articulated Industrial Inspection Camera with LED Light, Flexible Mechanic Fiber Optic Snake Scope Cam for Wall Automotive-5FT | B10: B0CJY6SWBN | C10: 149.99 | D10: 1847769.5 | E10: 153980.79 | F10: 13584 | G10: 1132 | H10: 378 | I10: 4.5 | J10: https://amazon.com/dp/B0CJY6SWBN | K10: =HYPERLINK(J10) -> https://amazon.com/dp/B0CJY6SWBN
A11: Teslong Inspection Camera, Dual Lens Borescope Camera with Light, NTS300 5" IPS Industrial Endoscope, 1080P Waterproof Flexible Mechanic Fiber Optic Snake Scope Cam for Wall Automotive Engine (16.5FT) | B11: B07TV2BFVR | C11: 159.99 | D11: 1674127.1 | E11: 139510.59 | F11: 10464 | G11: 872 | H11: 3569 | I11: 4.6 | J11: https://amazon.com/dp/B07TV2BFVR | K11: =HYPERLINK(J11) -> https://amazon.com/dp/B07TV2BFVR
A12: Teslong Two-Way Articulating Borescope, 5.5mm Slim Probe, 5.0'' Industrial Endoscope with Light, 5FT Flexible Snake Scope for Automotive, HVAC & Mechanics | B12: B0DT4H7QQM | C12: 139.99 | D12: 1634148 | E12: 136179 | F12: 13236 | G12: 1103 | H12: 217 | I12: 4.5 | J12: https://amazon.com/dp/B0DT4H7QQM | K12: =HYPERLINK(J12) -> https://amazon.com/dp/B0DT4H7QQM
A13: Teslong Endoscope Borescope with Light, Snake Inspection Camera for Automotive Engine, Waterproof Fiber Optic Camera for Mechanics - Ideal for Wall, Vent, Wire Video Scope (16.5FT) | B13: B0DK965BZP | C13: 37.99 | D13: 1174114.3 | E13: 97842.86 | F13: 24420 | G13: 2035 | H13: 287 | I13: 4.5 | J13: https://amazon.com/dp/B0DK965BZP | K13: =HYPERLINK(J13) -> https://amazon.com/dp/B0DK965BZP
A14: Teslong Two-Way Articulating Borescope with Light, 5-inch IPS Endoscope Inspection Camera with Articulation Head, Automotive Mechanics Fiber Optic Scope-0.33inch | B14: B09ZV7KJHL | C14: 279.99 | D14: 1040719.2 | E14: 86726.6 | F14: 4416 | G14: 368 | H14: 555 | I14: 4.7 | J14: https://amazon.com/dp/B09ZV7KJHL | K14: =HYPERLINK(J14) -> https://amazon.com/dp/B09ZV7KJHL
A15: Articulating Borescope with Dual Lens Endoscope, Teslong 5-inch IPS Automotive Inspection Camera with Two-Way Articulation Tip, 6+1 LED Lights, Mechanics Fiber Optic Scope-Dia. 0.25 inch & L 5.0 feet | B15: B0CHW4FLS7 | C15: 299.99 | D15: 816540.24 | E15: 68045.02 | F15: 2724 | G15: 227 | H15: 191 | I15: 4.2 | J15: https://amazon.com/dp/B0CHW4FLS7 | K15: =HYPERLINK(J15) -> https://amazon.com/dp/B0CHW4FLS7
A16: Teslong 360 Articulating Borescope with Light, 5'' Monitor Industrial Inspection Camera with 4-Way Joystick Articulation, HD Endoscope Camera for Automotive, Pipes, and Mechanics (0.24inch-5FT) | B16: B0DTHZDGYD | C16: 359.99 | D16: 668197.2 | E16: 55683.1 | F16: 1620 | G16: 135 | H16: 32 | I16: 4.8 | J16: https://amazon.com/dp/B0DTHZDGYD | K16: =HYPERLINK(J16) -> https://amazon.com/dp/B0DTHZDGYD
A17: Teslong Dual Lens Endoscope with Light, Mechanic Borescope Inspection Camera, Fiber Optic Scope, Flexible Snake Probe for Automotive, HVAC, Wall & Home Inspections (16.5FT) | B17: B0DYDXH1NQ | C17: 59.99 | D17: 663353.52 | E17: 55279.46 | F17: 11052 | G17: 921 | H17: 81 | I17: 4.4 | J17: https://amazon.com/dp/B0DYDXH1NQ | K17: =HYPERLINK(J17) -> https://amazon.com/dp/B0DYDXH1NQ
A18: Teslong Inspection Camera, Dual Lens Borescope Camera with Light, NTS300 5" IPS Industrial Endoscope, 1080P Waterproof Flexible Mechanic Fiber Optic Snake Scope Cam for Wall Automotive Engine (10FT) | B18: B08519V6GW | C18: 149.99 | D18: 561478.8 | E18: 46789.9 | F18: 3744 | G18: 312 | H18: 3569 | I18: 4.6 | J18: https://amazon.com/dp/B08519V6GW | K18: =HYPERLINK(J18) -> https://amazon.com/dp/B08519V6GW
A19: Triple Lens Borescope Inspection Camera, Teslong Professional Endoscope with Light, Digital Video Scope Camera, 5" IPS Screen, Waterproof Flexible Cable for Automotive/Home/Wall/Pipe/Car (16.5FT) | B19: B07Q86XGN2 | C19: 136.79 | D19: 426806.88 | E19: 35567.24 | F19: 2700 | G19: 225 | H19: 341 | I19: 4.4 | J19: https://amazon.com/dp/B07Q86XGN2 | K19: =HYPERLINK(J19) -> https://amazon.com/dp/B07Q86XGN2
A20: Teslong Rifle Borescope for Phone & PC, USB C Bore Scope Camera with Lights & Mirror Set, Fits .20 Caliber & Larger, Flexible Gun Cleaning Camera, Compatible with iPhone 15/16 & USB-C Android Devices | B20: B0DRP8LPF8 | C20: 65.99 | D20: 405036.96 | E20: 33753.08 | F20: 6144 | G20: 512 | H20: 137 | I20: 4.3 | J20: https://amazon.com/dp/B0DRP8LPF8 | K20: =HYPERLINK(J20) -> https://amazon.com/dp/B0DRP8LPF8
... A67: Teslong Endoscope Replacement Cable with Light, Single Lens Inspection Camera 5.5mm/0.21inch Waterproof Probe Compatible with NTS500, NTS300(3.3FT) | B67: B08QCP8YFM | C67: 59.99 | D67: 751.56 | E67: 62.63 | F67: 12 | G67: 1 | H67: 18 | I67: 4.7 | J67: https://amazon.com/dp/B08QCP8YFM | K67: =HYPERLINK(J67) -> https://amazon.com/dp/B08QCP8YFM
A68: Teslong Endoscope Replacement Cable with Light, Dual Lens Inspection Camera 8mm/0.31inch Waterproof Probe Compatible with NTS500, NTS300(3.3FT) | B68: B0DBHT7F23 | C68: 69.99 | F68: 0 | G68: 0 | H68: 6 | I68: 4.8 | J68: https://amazon.com/dp/B0DBHT7F23 | K68: =HYPERLINK(J68) -> https://amazon.com/dp/B0DBHT7F23
A69: 10FT Single Lens Probe, 3.9mm/0.15inch Diameter Semi-Rigid Cable Compatible with MS450 Inspection Camera | B69: B0D9JGJG5R | C69: 59.99 | F69: 0 | G69: 0 | J69: https://amazon.com/dp/B0D9JGJG5R | K69: =HYPERLINK(J69) -> https://amazon.com/dp/B0D9JGJG5R
A70: Total | D70: =SUM(D9:D69) -> 28160877 | E70: =SUM(E9:E69) -> 2346739.8
A73: Rank by Units
A74: Product Name | B74: ASIN | C74: Avg Price | D74: Estimated 12mo Revenue | E74: Monthly Rev | F74: Estimated 12mo Units | G74: Monthly Units | H74: # of Reviews | I74: Tool Rating | J74: Column1 | K74: Link
A75: Teslong Two-Way Articulating Borescope with Light, Industrial Endoscope Inspection Camera with Articulated Probe, Flexible Mechanic Fiber Optic Snake Scope Cam for Wall Automotive Engine Inspect-5FT | B75: B0CJY5C9QX | C75: 129.99 | D75: 11848630 | E75: 987385.82 | F75: 91152 | G75: 7596 | H75: 1220 | I75: 4.7 | J75: https://amazon.com/dp/B0CJY5C9QX | K75: =HYPERLINK(J75) -> https://amazon.com/dp/B0CJY5C9QX
A76: Teslong Endoscope Borescope with Light, Snake Inspection Camera for Automotive Engine, Waterproof Fiber Optic Camera for Mechanics - Ideal for Wall, Vent, Wire Video Scope (16.5FT) | B76: B0DK965BZP | C76: 37.99 | D76: 1174114.3 | E76: 97842.86 | F76: 24420 | G76: 2035 | H76: 287 | I76: 4.5 | J76: https://amazon.com/dp/B0DK965BZP | K76: =HYPERLINK(J76) -> https://amazon.com/dp/B0DK965BZP
A77: Articulating Borescope with Dual Lens Endoscope Camera, Teslong Two-Way Articulated Industrial Inspection Camera with LED Light, Flexible Mechanic Fiber Optic Snake Scope Cam for Wall Automotive-5FT | B77: B0CJY6SWBN | C77: 149.99 | D77: 1847769.5 | E77: 153980.79 | F77: 13584 | G77: 1132 | H77: 378 | I77: 4.5 | J77: https://amazon.com/dp/B0CJY6SWBN | K77: =HYPERLINK(J77) -> https://amazon.com/dp/B0CJY6SWBN
A78: Teslong Two-Way Articulating Borescope, 5.5mm Slim Probe, 5.0'' Industrial Endoscope with Light, 5FT Flexible Snake Scope for Automotive, HVAC & Mechanics | B78: B0DT4H7QQM | C78: 139.99 | D78: 1634148 | E78: 136179 | F78: 13236 | G78: 1103 | H78: 217 | I78: 4.5 | J78: https://amazon.com/dp/B0DT4H7QQM | K78: =HYPERLINK(J78) -> https://amazon.com/dp/B0DT4H7QQM
A79: USB C Endoscope Camera with Light, Teslong Type-C Snake Borescope Camera with 8 LED Lights, 10FT Flexible Waterproof Inspection Cam, Fiber Optic Scope Compatible with iPhone 15/16/17, Android Phone | B79: B0C1GFBTDC | C79: 25.48 | D79: 386197.92 | E79: 32183.16 | F79: 13224 | G79: 1102 | H79: 982 | I79: 4.4 | J79: https://amazon.com/dp/B0C1GFBTDC | K79: =HYPERLINK(J79) -> https://amazon.com/dp/B0C1GFBTDC
A80: Teslong Dual Lens Endoscope with Light, Mechanic Borescope Inspection Camera, Fiber Optic Scope, Flexible Snake Probe for Automotive, HVAC, Wall & Home Inspections (16.5FT) | B80: B0DYDXH1NQ | C80: 59.99 | D80: 663353.52 | E80: 55279.46 | F80: 11052 | G80: 921 | H80: 81 | I80: 4.4 | J80: https://amazon.com/dp/B0DYDXH1NQ | K80: =HYPERLINK(J80) -> https://amazon.com/dp/B0DYDXH1NQ
A81: Teslong Inspection Camera, Dual Lens Borescope Camera with Light, NTS300 5" IPS Industrial Endoscope, 1080P Waterproof Flexible Mechanic Fiber Optic Snake Scope Cam for Wall Automotive Engine (16.5FT) | B81: B07TV2BFVR | C81: 159.99 | D81: 1674127.1 | E81: 139510.59 | F81: 10464 | G81: 872 | H81: 3569 | I81: 4.6 | J81: https://amazon.com/dp/B07TV2BFVR | K81: =HYPERLINK(J81) -> https://amazon.com/dp/B07TV2BFVR
A82: Teslong 50FT USB-C Borescope Camera with Light, Only Compatible with iPhone 15/16/17 Android Phones, 50 ft Flexible Waterproof Endoscope for DIY Pipe Inspection with Drain Snake | B82: B0CL4KT182 | C82: 39.99 | D82: 300235.56 | E82: 25019.63 | F82: 7512 | G82: 626 | H82: 770 | I82: 4.2 | J82: https://amazon.com/dp/B0CL4KT182 | K82: =HYPERLINK(J82) -> https://amazon.com/dp/B0CL4KT182
A83: Teslong Rifle Borescope for Phone & PC, USB C Bore Scope Camera with Lights & Mirror Set, Fits .20 Caliber & Larger, Flexible Gun Cleaning Camera, Compatible with iPhone 15/16 & USB-C Android Devices | B83: B0DRP8LPF8 | C83: 65.99 | D83: 405036.96 | E83: 33753.08 | F83: 6144 | G83: 512 | H83: 137 | I83: 4.3 | J83: https://amazon.com/dp/B0DRP8LPF8 | K83: =HYPERLINK(J83) -> https://amazon.com/dp/B0DRP8LPF8
A84: Teslong Rifle Borescope, Bore Camera Gun Cleaning Camera - Fits .20 Caliber & Larger-Hunting Shooting Firearms Visual Barrel Inspection Tool w/3 Right-Angle Mirrors and Carrying Case(45inch-Flexible) | B84: B07TTQF24F | C84: 55.99 | D84: 318642.36 | E84: 26553.53 | F84: 5688 | G84: 474 | H84: 2126 | I84: 4.4 | J84: https://amazon.com/dp/B07TTQF24F | K84: =HYPERLINK(J84) -> https://amazon.com/dp/B07TTQF24F
A85: Dual Lens Endoscope with Light, Teslong USB-C Borescope Inspection Camera with 8+1 LED Lights, Flexible Waterproof Fiber Optic Snake Camera Scope Compatible with iPhone 15, Android Phone(10FT) | B85: B0CF1VCDBD | C85: 36.99 | D85: 198486.36 | E85: 16540.53 | F85: 5364 | G85: 447 | H85: 310 | I85: 4.3 | J85: https://amazon.com/dp/B0CF1VCDBD | K85: =HYPERLINK(J85) -> https://amazon.com/dp/B0CF1VCDBD
A86: Teslong Two-Way Articulating Borescope with Light, 5-inch IPS Endoscope Inspection Camera with Articulation Head, Automotive Mechanics Fiber Optic Scope-0.33inch | B86: B09ZV7KJHL | C86: 279.99 | D86: 1040719.2 | E86: 86726.6 | F86: 4416 | G86: 368 | H86: 555 | I86: 4.7 | J86: https://amazon.com/dp/B09ZV7KJHL | K86: =HYPERLINK(J86) -> https://amazon.com/dp/B09ZV7KJHL
... A133: Teslong Endoscope Replacement Cable with Light, Single Lens Inspection Camera 5.5mm/0.21inch Waterproof Probe Compatible with NTS500, NTS300(3.3FT) | B133: B08QCP8YFM | C133: 59.99 | D133: 751.56 | E133: 62.63 | F133: 12 | G133: 1 | H133: 18 | I133: 4.7 | J133: https://amazon.com/dp/B08QCP8YFM | K133: =HYPERLINK(J133) -> https://amazon.com/dp/B08QCP8YFM
A134: Teslong Endoscope Replacement Cable with Light, Dual Lens Inspection Camera 8mm/0.31inch Waterproof Probe Compatible with NTS500, NTS300(3.3FT) | B134: B0DBHT7F23 | C134: 69.99 | F134: 0 | G134: 0 | H134: 6 | I134: 4.8 | J134: https://amazon.com/dp/B0DBHT7F23 | K134: =HYPERLINK(J134) -> https://amazon.com/dp/B0DBHT7F23
A135: 10FT Single Lens Probe, 3.9mm/0.15inch Diameter Semi-Rigid Cable Compatible with MS450 Inspection Camera | B135: B0D9JGJG5R | C135: 59.99 | F135: 0 | G135: 0 | J135: https://amazon.com/dp/B0D9JGJG5R | K135: =HYPERLINK(J135) -> https://amazon.com/dp/B0D9JGJG5R
A136: Total | F136: =SUM(Teslong!F75:F135) -> 250440 | G136: =SUM(Teslong!G75:G135) -> 20870

Sheet DEPSTECH
A1: #VALUE!
A7: Rank by Revenue
A8: Product Name | B8: ASIN | C8: Avg Price | D8: Estimated 12mo Revenue | E8: Monthly Rev | F8: Estimated 12mo Units | G8: Monthly Units | H8: # of Reviews | I8: Tool Rating | J8: Column1 | K8: Link
A9: DEPSTECH Dual Lens Industrial Endoscope, 1080P Digital Borescope Inspection Camera, 7.9mm IP67 Waterproof Sewer Camera with 4.3" LCD Screen, 7 LED Lights, 16.5FT Semi-Rigid Cable, 32GB Card-Black | B9: B0928Q3T42 | C9: 69.99 | D9: 2650221.6 | E9: 220851.8 | F9: 42720 | G9: 3560 | H9: 6846 | I9: 4.6 | J9: https://amazon.com/dp/B0928Q3T42 | K9: =HYPERLINK(J9) -> https://amazon.com/dp/B0928Q3T42
A10: Triple Lens Borescope Tool, DEPSTECH 5" IPS Screen Endoscope Camera with Lights, 1080P Sewer Inspection Camera & Split Screen, 180° Rotation, IP67 Snake Cable, Gadget for Automotive Mechanical Repair | B10: B0BL7RK5JJ | C10: 109.99 | D10: 1120366.7 | E10: 93363.89 | F10: 11172 | G10: 931 | H10: 1423 | I10: 4.3 | J10: https://amazon.com/dp/B0BL7RK5JJ | K10: =HYPERLINK(J10) -> https://amazon.com/dp/B0BL7RK5JJ
A11: DEPSTECH 50ft Sewer Camera, 1080P HD Triple Lens Borescope, 5" IPS Screen Endoscope with Light, IP67 Waterproof Plumbing Drain Pipe Snake Inspection Camera with 32G Card, Carry Case | B11: B0DD6YVBHD | C11: 99.98 | D11: 944118.6 | E11: 78676.55 | F11: 7248 | G11: 604 | H11: 273 | I11: 4.4 | J11: https://amazon.com/dp/B0DD6YVBHD | K11: =HYPERLINK(J11) -> https://amazon.com/dp/B0DD6YVBHD
A12: DEPSTECH Inspection Endoscope Camera with Lights: 1080P Triple Lens Snake Camera with 5" Screen and 16.5FT Flexible Cable, Waterproof Industrial Borescope Tool for Auto, Wall, Sewer, Pipe, Mechanics | B12: B0FKM8K5QX | C12: 56.98 | D12: 912548.88 | E12: 76045.74 | F12: 12168 | G12: 1014 | H12: 155 | I12: 4.7 | J12: https://amazon.com/dp/B0FKM8K5QX | K12: =HYPERLINK(J12) -> https://amazon.com/dp/B0FKM8K5QX
A13: DEPSTECH 10FT Articulating Endoscope Camera with Light: Dual Lens Industrial Borescope with 4.5" Screen and Flexible Cable, Video Inspection Snake Scope Camera Tool for Wall, Auto, Pipe, Mechanics | B13: B0F62WJY8N | C13: 159.99 | D13: 730252.32 | E13: 60854.36 | F13: 5040 | G13: 420 | H13: 303 | I13: 4.5 | J13: https://amazon.com/dp/B0F62WJY8N | K13: =HYPERLINK(J13) -> https://amazon.com/dp/B0F62WJY8N
A14: DEPSTECH Dual Lens Two-Way Articulating Borescope Camera with Light, 4.5" Screen and 5FT Flexible Snake Scope Industrial Endoscope, Inspection Video Camera Tool for Wall, Engine, Auto, Mechanics | B14: B0DT16R78W | C14: 129.99 | D14: 614656.44 | E14: 51221.37 | F14: 5304 | G14: 442 | H14: 299 | I14: 4.5 | J14: https://amazon.com/dp/B0DT16R78W | K14: =HYPERLINK(J14) -> https://amazon.com/dp/B0DT16R78W
A15: Dual-Lens Endoscope Camera with Light, DEPSTECH 1080P HD Borescope with 5" IPS Screen, 16.5FT Flexible Sewer Plumbing Snake Camera, Cool Gadgets for Men, Women | B15: B0CT2CX59S | C15: 69.99 | D15: 274797 | E15: 22899.75 | F15: 3924 | G15: 327 | H15: 1316 | I15: 4.6 | J15: https://amazon.com/dp/B0CT2CX59S | K15: =HYPERLINK(J15) -> https://amazon.com/dp/B0CT2CX59S
A16: Triple Lens Endoscope Camera with Light with 50FT Semi-Rigid Cable, DEPSTECH 5" IPS Screen Sewer Inspection Camera, 1080P Industrial Borescope, Split Screen, Waterproof Drain Pipe Tool, Carrying Case | B16: B0BS1CFFH8 | C16: 129.99 | D16: 205635 | E16: 17136.25 | F16: 1716 | G16: 143 | H16: 1423 | I16: 4.3 | J16: https://amazon.com/dp/B0BS1CFFH8 | K16: =HYPERLINK(J16) -> https://amazon.com/dp/B0BS1CFFH8
A17: DEPSTECH Dual Lens Borescope Camera with Light, Two-Way Articulating Borescope, 5" IPS Dual View Endoscope with 0.33in Slim Probe, 1080P Waterproof Inspection Camera for Wall Auto Engine Inspect-5FT | B17: B0FQC32XV7 | C17: 105.99 | D17: 150701.64 | E17: 12558.47 | F17: 1224 | G17: 102 | H17: 71 | I17: 4.8 | J17: https://amazon.com/dp/B0FQC32XV7 | K17: =HYPERLINK(J17) -> https://amazon.com/dp/B0FQC32XV7
A18: DEPSTECH 7'' IPS Endoscope Camera with Lights, 1080P Triple-Lens Digital Borescope Tool, Inspection Camera with Split Screen, Sound Recording, 16.5ft IP67 Waterproof Snake Cable, 180° Rotation View | B18: B0CT5L1H9B | C18: 139.99 | D18: 149726.88 | E18: 12477.24 | F18: 1068 | G18: 89 | H18: 189 | I18: 4.6 | J18: https://amazon.com/dp/B0CT5L1H9B | K18: =HYPERLINK(J18) -> https://amazon.com/dp/B0CT5L1H9B
A19: Two-Way Articulating Borescope Camera with Light, DEPSTECH Industrial Endoscope with Articulated Probe, Flexible Mechanic Snake Inspection Camera for Wall Automotive Engine Inspect-5FT | B19: B0DPX48VZB | C19: 99.99 | D19: 146793.84 | E19: 12232.82 | F19: 1044 | G19: 87 | H19: 400 | I19: 4.6 | J19: https://amazon.com/dp/B0DPX48VZB | K19: =HYPERLINK(J19) -> https://amazon.com/dp/B0DPX48VZB
A20: DEPSTECH Dual Lens Industrial Endoscope, 1080P Digital Borescope Inspection Camera, 7.9mm IP67 Waterproof, Sewer Camera with 4.3" LCD Screen, 7 LED Lights, 16.5FT Semi-Rigid Cable, 32GB Card - Orange | B20: B09DKKJGS7 | C20: 72.99 | D20: 135210 | E20: 11267.5 | F20: 2052 | G20: 171 | H20: 6846 | I20: 4.6 | J20: https://amazon.com/dp/B09DKKJGS7 | K20: =HYPERLINK(J20) -> https://amazon.com/dp/B09DKKJGS7
... A39: DEPSTECH DS520 Triple Lens Borescope Inspection Camera Cable, 7.9mm Dia Probe, IP67 Waterproof Camera Lens with 6+2 LED Lights, 16.5ft Semi-Rigid Cable Replacement | B39: B0BMXGMM1F | C39: 49.99 | D39: 1412.28 | E39: 117.69 | F39: 24 | G39: 2 | H39: 20 | I39: 4.4 | J39: https://amazon.com/dp/B0BMXGMM1F | K39: =HYPERLINK(J39) -> https://amazon.com/dp/B0BMXGMM1F
A40: DEPSTECH DS300 Dual Lens Industrial Endoscope | B40: B0CGT1N3VR | C40: 49.99 | F40: 0 | G40: 0 | H40: 6847 | I40: 4.6 | J40: https://amazon.com/dp/B0CGT1N3VR | K40: =HYPERLINK(J40) -> https://amazon.com/dp/B0CGT1N3VR
A42: Total | D42: =SUM(D9:D41) -> 9104010.1 | E42: =SUM(E9:E41) -> 758667.51
A45: Rank by Units
A46: Product Name | B46: ASIN | C46: Avg Price | D46: Estimated 12mo Revenue | E46: Monthly Rev | F46: Estimated 12mo Units | G46: Monthly Units | H46: # of Reviews | I46: Tool Rating | J46: Column1 | K46: Link
A47: DEPSTECH Dual Lens Industrial Endoscope, 1080P Digital Borescope Inspection Camera, 7.9mm IP67 Waterproof Sewer Camera with 4.3" LCD Screen, 7 LED Lights, 16.5FT Semi-Rigid Cable, 32GB Card-Black | B47: B0928Q3T42 | C47: 69.99 | D47: 2650221.6 | E47: 220851.8 | F47: 42720 | G47: 3560 | H47: 6846 | I47: 4.6 | J47: https://amazon.com/dp/B0928Q3T42 | K47: =HYPERLINK(J47) -> https://amazon.com/dp/B0928Q3T42
A48: DEPSTECH Inspection Endoscope Camera with Lights: 1080P Triple Lens Snake Camera with 5" Screen and 16.5FT Flexible Cable, Waterproof Industrial Borescope Tool for Auto, Wall, Sewer, Pipe, Mechanics | B48: B0FKM8K5QX | C48: 56.98 | D48: 912548.88 | E48: 76045.74 | F48: 12168 | G48: 1014 | H48: 155 | I48: 4.7 | J48: https://amazon.com/dp/B0FKM8K5QX | K48: =HYPERLINK(J48) -> https://amazon.com/dp/B0FKM8K5QX
A49: Triple Lens Borescope Tool, DEPSTECH 5" IPS Screen Endoscope Camera with Lights, 1080P Sewer Inspection Camera & Split Screen, 180° Rotation, IP67 Snake Cable, Gadget for Automotive Mechanical Repair | B49: B0BL7RK5JJ | C49: 109.99 | D49: 1120366.7 | E49: 93363.89 | F49: 11172 | G49: 931 | H49: 1423 | I49: 4.3 | J49: https://amazon.com/dp/B0BL7RK5JJ | K49: =HYPERLINK(J49) -> https://amazon.com/dp/B0BL7RK5JJ
A50: DEPSTECH 50ft Sewer Camera, 1080P HD Triple Lens Borescope, 5" IPS Screen Endoscope with Light, IP67 Waterproof Plumbing Drain Pipe Snake Inspection Camera with 32G Card, Carry Case | B50: B0DD6YVBHD | C50: 99.98 | D50: 944118.6 | E50: 78676.55 | F50: 7248 | G50: 604 | H50: 273 | I50: 4.4 | J50: https://amazon.com/dp/B0DD6YVBHD | K50: =HYPERLINK(J50) -> https://amazon.com/dp/B0DD6YVBHD
A51: DEPSTECH Dual Lens Two-Way Articulating Borescope Camera with Light, 4.5" Screen and 5FT Flexible Snake Scope Industrial Endoscope, Inspection Video Camera Tool for Wall, Engine, Auto, Mechanics | B51: B0DT16R78W | C51: 129.99 | D51: 614656.44 | E51: 51221.37 | F51: 5304 | G51: 442 | H51: 299 | I51: 4.5 | J51: https://amazon.com/dp/B0DT16R78W | K51: =HYPERLINK(J51) -> https://amazon.com/dp/B0DT16R78W
A52: DEPSTECH 10FT Articulating Endoscope Camera with Light: Dual Lens Industrial Borescope with 4.5" Screen and Flexible Cable, Video Inspection Snake Scope Camera Tool for Wall, Auto, Pipe, Mechanics | B52: B0F62WJY8N | C52: 159.99 | D52: 730252.32 | E52: 60854.36 | F52: 5040 | G52: 420 | H52: 303 | I52: 4.5 | J52: https://amazon.com/dp/B0F62WJY8N | K52: =HYPERLINK(J52) -> https://amazon.com/dp/B0F62WJY8N
A53: Dual-Lens Endoscope Camera with Light, DEPSTECH 1080P HD Borescope with 5" IPS Screen, 16.5FT Flexible Sewer Plumbing Snake Camera, Cool Gadgets for Men, Women | B53: B0CT2CX59S | C53: 69.99 | D53: 274797 | E53: 22899.75 | F53: 3924 | G53: 327 | H53: 1316 | I53: 4.6 | J53: https://amazon.com/dp/B0CT2CX59S | K53: =HYPERLINK(J53) -> https://amazon.com/dp/B0CT2CX59S
A54: DEPSTECH 5.5mm Industrial Endoscope, 1080P Digital Borescope Inspection Camera with 4.3" Screen, IP67 Waterproof Snake Camera with Lights,16.5FT Semi-Rigid Cable, 32GB Card &Photo Capture,Helpful Tool | B54: B094XGX6GQ | C54: 49.99 | D54: 123105.48 | E54: 10258.79 | F54: 2460 | G54: 205 | H54: 4275 | I54: 4.4 | J54: https://amazon.com/dp/B094XGX6GQ | K54: =HYPERLINK(J54) -> https://amazon.com/dp/B094XGX6GQ
A55: DEPSTECH Dual Lens Industrial Endoscope, 1080P Digital Borescope Inspection Camera, 7.9mm IP67 Waterproof, Sewer Camera with 4.3" LCD Screen, 7 LED Lights, 16.5FT Semi-Rigid Cable, 32GB Card - Orange | B55: B09DKKJGS7 | C55: 72.99 | D55: 135210 | E55: 11267.5 | F55: 2052 | G55: 171 | H55: 6846 | I55: 4.6 | J55: https://amazon.com/dp/B09DKKJGS7 | K55: =HYPERLINK(J55) -> https://amazon.com/dp/B09DKKJGS7
A56: Triple Lens Endoscope Camera with Light with 50FT Semi-Rigid Cable, DEPSTECH 5" IPS Screen Sewer Inspection Camera, 1080P Industrial Borescope, Split Screen, Waterproof Drain Pipe Tool, Carrying Case | B56: B0BS1CFFH8 | C56: 129.99 | D56: 205635 | E56: 17136.25 | F56: 1716 | G56: 143 | H56: 1423 | I56: 4.3 | J56: https://amazon.com/dp/B0BS1CFFH8 | K56: =HYPERLINK(J56) -> https://amazon.com/dp/B0BS1CFFH8
A57: DEPSTECH Original Endoscope Case, Wireless Borescope Carrying Bag WiFi & USB Scope Cameras, Upgraded Large-Capacity Hardshell Case, Compatible with 4.3" Inspection Camera DS300, Black | B57: B076D86Z7S | C57: 17.59 | D57: 28782.36 | E57: 2398.53 | F57: 1500 | G57: 125 | H57: 2973 | I57: 4.6 | J57: https://amazon.com/dp/B076D86Z7S | K57: =HYPERLINK(J57) -> https://amazon.com/dp/B076D86Z7S
A58: DEPSTECH 5.5mm Industrial Endoscope, 1080P Digital Borescope Inspection Camera with 4.3" Screen, IP67 Waterproof Snake Camera with Lights,16.5FT Semi-Rigid Cable, 32GB Card &Photo Capture (Orange) | B58: B095K8XHY2 | C58: 49.99 | D58: 70547.64 | E58: 5878.97 | F58: 1416 | G58: 118 | H58: 4275 | I58: 4.4 | J58: https://amazon.com/dp/B095K8XHY2 | K58: =HYPERLINK(J58) -> https://amazon.com/dp/B095K8XHY2
... A77: DEPSTECH DS520 Triple Lens Borescope Inspection Camera Cable, 7.9mm Dia Probe, IP67 Waterproof Camera Lens with 6+2 LED Lights, 16.5ft Semi-Rigid Cable Replacement | B77: B0BMXGMM1F | C77: 49.99 | D77: 1412.28 | E77: 117.69 | F77: 24 | G77: 2 | H77: 20 | I77: 4.4 | J77: https://amazon.com/dp/B0BMXGMM1F | K77: =HYPERLINK(J77) -> https://amazon.com/dp/B0BMXGMM1F
A78: DEPSTECH DS300 Dual Lens Industrial Endoscope | B78: B0CGT1N3VR | C78: 49.99 | F78: 0 | G78: 0 | H78: 6847 | I78: 4.6 | J78: https://amazon.com/dp/B0CGT1N3VR | K78: =HYPERLINK(J78) -> https://amazon.com/dp/B0CGT1N3VR
A80: Total | F80: =SUM(DEPSTECH!F47:F79) -> 108732 | G80: =SUM(DEPSTECH!G47:G79) -> 9061

Sheet KINPTHY
A1: #VALUE!
A7: Rank by Revenue
A8: Product Name | B8: ASIN | C8: Avg Price | D8: Estimated 12mo Revenue | E8: Monthly Rev | F8: Estimated 12mo Units | G8: Monthly Units | H8: # of Reviews | I8: Tool Rating | J8: Column1 | K8: Link
A9: Endoscope Camera with Light, 1920P HD Borescope Tools with 8 Adjustable LED Lights, Endoscope with Semi-Rigid Snake Camera, Inspection Borescope for iOS and Android - 16.4ft Single Lens | B9: B0C4V5LWWL | C9: 32.99 | D9: 2437937.8 | E9: 203161.48 | F9: 89124 | G9: 7427 | H9: 5630 | I9: 4.4 | J9: https://amazon.com/dp/B0C4V5LWWL | K9: =HYPERLINK(J9) -> https://amazon.com/dp/B0C4V5LWWL
A10: Endoscope Camera with Light,1920P HD Borescope Tools with 8 Adjustable LED Lights, Endoscope with Semi-Rigid Snake Camera, IP67 Waterproof Inspection Borescope for iOS and Android-16.4ft Dual-Lens | B10: B0C9JR3N4W | C10: 35.99 | D10: 1565314.4 | E10: 130442.87 | F10: 43356 | G10: 3613 | H10: 5630 | I10: 4.4 | J10: https://amazon.com/dp/B0C9JR3N4W | K10: =HYPERLINK(J10) -> https://amazon.com/dp/B0C9JR3N4W
A11: Endoscope Camera with Light, 1920P HD Borescope Tools with 8 Adjustable LED Lights, Endoscope with Semi-Rigid Snake Camera, Inspection Borescope for iOS and Android - 16.3ft Dual Line Single Lens | B11: B0G23P5N7X | C11: 25.99 | D11: 383762.04 | E11: 31980.17 | F11: 17100 | G11: 1425 | H11: 5630 | I11: 4.4 | J11: https://amazon.com/dp/B0G23P5N7X | K11: =HYPERLINK(J11) -> https://amazon.com/dp/B0G23P5N7X
A12: Endoscope Camera with Light, 1920P HD Borescope Tools with 8 Adjustable LED Lights, Endoscope with Semi-Rigid Snake Camera, Inspection Borescope for iOS and Android - 16.3ft Single Line Single Lens | B12: B0G23FH94K | C12: 19.99 | D12: 377762.52 | E12: 31480.21 | F12: 21444 | G12: 1787 | H12: 5630 | I12: 4.4 | J12: https://amazon.com/dp/B0G23FH94K | K12: =HYPERLINK(J12) -> https://amazon.com/dp/B0G23FH94K
A13: Endoscope Camera with Light,1920P HD Borescope Tools with 8 Adjustable LED Lights, Endoscope with Semi-Rigid Snake Camera, IP67 Waterproof Inspection Borescope for iOS and Android-32.8ft Single Lens | B13: B0BF64PP4F | C13: 39.99 | D13: 328647.12 | E13: 27387.26 | F13: 8220 | G13: 685 | H13: 5630 | I13: 4.4 | J13: https://amazon.com/dp/B0BF64PP4F | K13: =HYPERLINK(J13) -> https://amazon.com/dp/B0BF64PP4F
A14: Endoscope 4-Piece Accessories Hook Magnet Side View Mirror Set, 8-Piece Accessories, Suitable for Kinpthy W400 W400-B Series | B14: B0DBDJ3FK2 | C14: 9.99 | D14: 8837.4 | E14: 736.45 | F14: 888 | G14: 74 | H14: 21 | I14: 4.4 | J14: https://amazon.com/dp/B0DBDJ3FK2 | K14: =HYPERLINK(J14) -> https://amazon.com/dp/B0DBDJ3FK2
A15: Total | D15: =SUM(D9:D14) -> 5102261.3 | E15: =SUM(E9:E14) -> 425188.44
A18: Rank by Units
A19: Product Name | B19: ASIN | C19: Avg Price | D19: Estimated 12mo Revenue | E19: Monthly Rev | F19: Estimated 12mo Units | G19: Monthly Units | H19: # of Reviews | I19: Tool Rating | J19: Column1 | K19: Link
A20: Endoscope Camera with Light, 1920P HD Borescope Tools with 8 Adjustable LED Lights, Endoscope with Semi-Rigid Snake Camera, Inspection Borescope for iOS and Android - 16.4ft Single Lens | B20: B0C4V5LWWL | C20: 32.99 | D20: 2437937.8 | E20: 203161.48 | F20: 89124 | G20: 7427 | H20: 5630 | I20: 4.4 | J20: https://amazon.com/dp/B0C4V5LWWL | K20: =HYPERLINK(J20) -> https://amazon.com/dp/B0C4V5LWWL
A21: Endoscope Camera with Light,1920P HD Borescope Tools with 8 Adjustable LED Lights, Endoscope with Semi-Rigid Snake Camera, IP67 Waterproof Inspection Borescope for iOS and Android-16.4ft Dual-Lens | B21: B0C9JR3N4W | C21: 35.99 | D21: 1565314.4 | E21: 130442.87 | F21: 43356 | G21: 3613 | H21: 5630 | I21: 4.4 | J21: https://amazon.com/dp/B0C9JR3N4W | K21: =HYPERLINK(J21) -> https://amazon.com/dp/B0C9JR3N4W
A22: Endoscope Camera with Light, 1920P HD Borescope Tools with 8 Adjustable LED Lights, Endoscope with Semi-Rigid Snake Camera, Inspection Borescope for iOS and Android - 16.3ft Single Line Single Lens | B22: B0G23FH94K | C22: 19.99 | D22: 377762.52 | E22: 31480.21 | F22: 21444 | G22: 1787 | H22: 5630 | I22: 4.4 | J22: https://amazon.com/dp/B0G23FH94K | K22: =HYPERLINK(J22) -> https://amazon.com/dp/B0G23FH94K
A23: Endoscope Camera with Light, 1920P HD Borescope Tools with 8 Adjustable LED Lights, Endoscope with Semi-Rigid Snake Camera, Inspection Borescope for iOS and Android - 16.3ft Dual Line Single Lens | B23: B0G23P5N7X | C23: 25.99 | D23: 383762.04 | E23: 31980.17 | F23: 17100 | G23: 1425 | H23: 5630 | I23: 4.4 | J23: https://amazon.com/dp/B0G23P5N7X | K23: =HYPERLINK(J23) -> https://amazon.com/dp/B0G23P5N7X
A24: Endoscope Camera with Light,1920P HD Borescope Tools with 8 Adjustable LED Lights, Endoscope with Semi-Rigid Snake Camera, IP67 Waterproof Inspection Borescope for iOS and Android-32.8ft Single Lens | B24: B0BF64PP4F | C24: 39.99 | D24: 328647.12 | E24: 27387.26 | F24: 8220 | G24: 685 | H24: 5630 | I24: 4.4 | J24: https://amazon.com/dp/B0BF64PP4F | K24: =HYPERLINK(J24) -> https://amazon.com/dp/B0BF64PP4F
A25: Endoscope 4-Piece Accessories Hook Magnet Side View Mirror Set, 8-Piece Accessories, Suitable for Kinpthy W400 W400-B Series | B25: B0DBDJ3FK2 | C25: 9.99 | D25: 8837.4 | E25: 736.45 | F25: 888 | G25: 74 | H25: 21 | I25: 4.4 | J25: https://amazon.com/dp/B0DBDJ3FK2 | K25: =HYPERLINK(J25) -> https://amazon.com/dp/B0DBDJ3FK2
A26: Total | F26: =SUM(KINPTHY!F20:F25) -> 180132 | G26: =SUM(KINPTHY!G20:G25) -> 15011

Sheet Acoath
A1: #VALUE!
A7: Rank by Revenue
A8: Product Name | B8: ASIN | C8: Avg Price | D8: Estimated 12mo Revenue | E8: Monthly Rev | F8: Estimated 12mo Units | G8: Monthly Units | H8: # of Reviews | I8: Tool Rating | J8: Column1 | K8: Link
A9: Acoath Endoscope Camera with Light, Dual-Lens 1920P HD Borescope with 8 Adjustable LED Lights, IP67 Waterproof Boroscope Inspection Tools, 16.4ft Semi-Rigid Snake Camera for iOS & Android | B9: B0DGFBCH38 | C9: 29.99 | D9: 2006598.4 | E9: 167216.53 | F9: 77424 | G9: 6452 | H9: 1327 | I9: 4.4 | J9: https://amazon.com/dp/B0DGFBCH38 | K9: =HYPERLINK(J9) -> https://amazon.com/dp/B0DGFBCH38
A10: Acoath Endoscope Camera with Light, Dual-Lens 1920P HD Borescope with 8 Adjustable LED Lights, IP67 Waterproof Boroscope Inspection Tools, 33ft Semi-Rigid Snake Camera for iOS & Android | B10: B0DGFC3D9H | C10: 33.99 | D10: 435063.6 | E10: 36255.3 | F10: 14628 | G10: 1219 | H10: 1327 | I10: 4.4 | J10: https://amazon.com/dp/B0DGFC3D9H | K10: =HYPERLINK(J10) -> https://amazon.com/dp/B0DGFC3D9H
A11: Acoath Endoscope Camera with Light, Dual-Lens 1920P HD Borescope with 8 Adjustable LED Lights, IP67 Waterproof Boroscope Inspection Tools, 9.8ft Semi-Rigid Snake Camera for iOS & Android | B11: B0DGFBJYG2 | C11: 26.99 | D11: 315309.12 | E11: 26275.76 | F11: 13068 | G11: 1089 | H11: 1327 | I11: 4.4 | J11: https://amazon.com/dp/B0DGFBJYG2 | K11: =HYPERLINK(J11) -> https://amazon.com/dp/B0DGFBJYG2
A12: Acoath Borescope Endoscope Camera with Light, Dual-Lens 1080P HD Industrial Inspection Camera with 8 LED Lights, 16.5Ft Semi-Rigid Snake Cable, 5" IPS Screen, 32GB Card, IP67 Waterproof Sewer Tools | B12: B0DRSCP6DN | C12: 49.99 | D12: 222296.04 | E12: 18524.67 | F12: 5340 | G12: 445 | H12: 288 | I12: 4.6 | J12: https://amazon.com/dp/B0DRSCP6DN | K12: =HYPERLINK(J12) -> https://amazon.com/dp/B0DRSCP6DN
A13: Acoath Two-Way Articulating Borescope, Endoscope Camera with Light, Dual-Lens 1080P Industrial Inspection Camera, 4.3" IPS Screen, 32GB Card, IP67 Waterproof Sewer Tools - 5FT | B13: B0FZJ4CQB6 | C13: 139.99 | D13: 64383 | E13: 5365.25 | F13: 456 | G13: 38 | H13: 290 | I13: 4.6 | J13: https://amazon.com/dp/B0FZJ4CQB6 | K13: =HYPERLINK(J13) -> https://amazon.com/dp/B0FZJ4CQB6
A14: Acoath Borescope Endoscope Camera with Light, Dual-Lens 1080P HD Industrial Inspection Camera with 8 LED Lights, 9.8Ft Semi-Rigid Snake Cable, 5" IPS Screen, 32GB Card, IP67 Waterproof Sewer Tools | B14: B0DRSF5Q5Z | C14: 45.99 | D14: 64227.6 | E14: 5352.3 | F14: 1704 | G14: 142 | H14: 288 | I14: 4.6 | J14: https://amazon.com/dp/B0DRSF5Q5Z | K14: =HYPERLINK(J14) -> https://amazon.com/dp/B0DRSF5Q5Z
A15: Total | D15: =SUM(D9:D14) -> 3107877.7 | E15: =SUM(E9:E14) -> 258989.81
A18: Rank by Units
A19: Product Name | B19: ASIN | C19: Avg Price | D19: Estimated 12mo Revenue | E19: Monthly Rev | F19: Estimated 12mo Units | G19: Monthly Units | H19: # of Reviews | I19: Tool Rating | J19: Column1 | K19: Link
A20: Acoath Endoscope Camera with Light, Dual-Lens 1920P HD Borescope with 8 Adjustable LED Lights, IP67 Waterproof Boroscope Inspection Tools, 16.4ft Semi-Rigid Snake Camera for iOS & Android | B20: B0DGFBCH38 | C20: 29.99 | D20: 2006598.4 | E20: 167216.53 | F20: 77424 | G20: 6452 | H20: 1327 | I20: 4.4 | J20: https://amazon.com/dp/B0DGFBCH38 | K20: =HYPERLINK(J20) -> https://amazon.com/dp/B0DGFBCH38
A21: Acoath Endoscope Camera with Light, Dual-Lens 1920P HD Borescope with 8 Adjustable LED Lights, IP67 Waterproof Boroscope Inspection Tools, 33ft Semi-Rigid Snake Camera for iOS & Android | B21: B0DGFC3D9H | C21: 33.99 | D21: 435063.6 | E21: 36255.3 | F21: 14628 | G21: 1219 | H21: 1327 | I21: 4.4 | J21: https://amazon.com/dp/B0DGFC3D9H | K21: =HYPERLINK(J21) -> https://amazon.com/dp/B0DGFC3D9H
A22: Acoath Endoscope Camera with Light, Dual-Lens 1920P HD Borescope with 8 Adjustable LED Lights, IP67 Waterproof Boroscope Inspection Tools, 9.8ft Semi-Rigid Snake Camera for iOS & Android | B22: B0DGFBJYG2 | C22: 26.99 | D22: 315309.12 | E22: 26275.76 | F22: 13068 | G22: 1089 | H22: 1327 | I22: 4.4 | J22: https://amazon.com/dp/B0DGFBJYG2 | K22: =HYPERLINK(J22) -> https://amazon.com/dp/B0DGFBJYG2
A23: Acoath Borescope Endoscope Camera with Light, Dual-Lens 1080P HD Industrial Inspection Camera with 8 LED Lights, 16.5Ft Semi-Rigid Snake Cable, 5" IPS Screen, 32GB Card, IP67 Waterproof Sewer Tools | B23: B0DRSCP6DN | C23: 49.99 | D23: 222296.04 | E23: 18524.67 | F23: 5340 | G23: 445 | H23: 288 | I23: 4.6 | J23: https://amazon.com/dp/B0DRSCP6DN | K23: =HYPERLINK(J23) -> https://amazon.com/dp/B0DRSCP6DN
A24: Acoath Borescope Endoscope Camera with Light, Dual-Lens 1080P HD Industrial Inspection Camera with 8 LED Lights, 9.8Ft Semi-Rigid Snake Cable, 5" IPS Screen, 32GB Card, IP67 Waterproof Sewer Tools | B24: B0DRSF5Q5Z | C24: 45.99 | D24: 64227.6 | E24: 5352.3 | F24: 1704 | G24: 142 | H24: 288 | I24: 4.6 | J24: https://amazon.com/dp/B0DRSF5Q5Z | K24: =HYPERLINK(J24) -> https://amazon.com/dp/B0DRSF5Q5Z
A25: Acoath Two-Way Articulating Borescope, Endoscope Camera with Light, Dual-Lens 1080P Industrial Inspection Camera, 4.3" IPS Screen, 32GB Card, IP67 Waterproof Sewer Tools - 5FT | B25: B0FZJ4CQB6 | C25: 139.99 | D25: 64383 | E25: 5365.25 | F25: 456 | G25: 38 | H25: 290 | I25: 4.6 | J25: https://amazon.com/dp/B0FZJ4CQB6 | K25: =HYPERLINK(J25) -> https://amazon.com/dp/B0FZJ4CQB6
A27: Total | F27: =SUM(Acoath!F20:F26) -> 112620 | G27: =SUM(Acoath!G20:G26) -> 9385

Sheet DAXIONGMAO
A1: #VALUE!
A7: Rank by Revenue
A8: Product Name | B8: ASIN | C8: Avg Price | D8: Estimated 12mo Revenue | E8: Monthly Rev | F8: Estimated 12mo Units | G8: Monthly Units | H8: # of Reviews | I8: Tool Rating | J8: Column1 | K8: Link
A9: Endoscope Camera with Light, Borescope Camera with 4.3" IPS Screen, 1920P HD with 8 LED Lights, 16.4FT Semi-Rigid Cord Bore Scope, Gadgets for Men & Tools for Men | B9: B0C3R381FC | C9: 39.99 | D9: 1320207.8 | E9: 110017.32 | F9: 34920 | G9: 2910 | H9: 4009 | I9: 4.5 | J9: https://amazon.com/dp/B0C3R381FC | K9: =HYPERLINK(J9) -> https://amazon.com/dp/B0C3R381FC
A10: Endoscope Camera with Light, 1080P HD Borescope with 8 Adjustable Lights, 4.3" Endoscope with 33 ft Semi-Rigid Snake Camera, IP67 Waterproof Borescopese for Sewer, Cool Gadgets & Tools for Men | B10: B0CJC65Q9P | C10: 42.98 | D10: 1193844.7 | E10: 99487.06 | F10: 19932 | G10: 1661 | H10: 1934 | I10: 4.4 | J10: https://amazon.com/dp/B0CJC65Q9P | K10: =HYPERLINK(J10) -> https://amazon.com/dp/B0CJC65Q9P
A11: Endoscope Camera with Light, 1080P HD Borescope with 8 Adjustable Lights, 4.3" Endoscope with 16.4 ft Semi-Rigid Snake Camera, IP67 Waterproof Borescopese for Sewer, Cool Gadgets & Tools for Men | B11: B0BXSMSS7M | C11: 29.71 | D11: 490244.88 | E11: 40853.74 | F11: 13608 | G11: 1134 | H11: 1934 | I11: 4.4 | J11: https://amazon.com/dp/B0BXSMSS7M | K11: =HYPERLINK(J11) -> https://amazon.com/dp/B0BXSMSS7M
A12: Daxiongmao Endoscope Camera with Light, Borescope Camera with 4.3" IPS Screen, 1920P HD with 8 LED Lights, 50 FT Semi-Rigid Cord Bore Scope, IP67 Waterproof for Sewer, Tools for Men | B12: B0BYHMRHG1 | C12: 49.99 | D12: 178192.8 | E12: 14849.4 | F12: 3576 | G12: 298 | H12: 4009 | I12: 4.5 | J12: https://amazon.com/dp/B0BYHMRHG1 | K12: =HYPERLINK(J12) -> https://amazon.com/dp/B0BYHMRHG1
A13: Daxiongmao Endoscope Camera with Light, Borescope Camera with 4.3" IPS Screen, 1080P HD with 8 LED Lights, Semi-Rigid Cord Bore Scope, Gadgets for Men & Tools for Men | B13: B0FCRFV5TX | C13: 28.48 | D13: 142336.92 | E13: 11861.41 | F13: 4776 | G13: 398 | H13: 132 | I13: 4.3 | J13: https://amazon.com/dp/B0FCRFV5TX | K13: =HYPERLINK(J13) -> https://amazon.com/dp/B0FCRFV5TX
A14: Endoscope Camera with Light, 5" IPS Screen Borescope,1920P HD Inspection Camera with Lights, IP67 Waterproof Flexible Cable for Automotive/Home/Wall/Pipe/Car (16.5FT) | B14: B0C2P62QN5 | C14: 69.99 | D14: 102925.92 | E14: 8577.16 | F14: 1512 | G14: 126 | H14: 1929 | I14: 4.4 | J14: https://amazon.com/dp/B0C2P62QN5 | K14: =HYPERLINK(J14) -> https://amazon.com/dp/B0C2P62QN5
A15: Endoscope Camera with Light, 5-inch Dual Lens 1920P HD Borescope, 7.9mm Camera with 9 LEDs, 16.5ft Semi-Rigid Cable, IP67 Waterproof - for Sewer/Drain Pipe, Automotive Inspection, Tools & Cool Gadgets | B15: B0CJC8KTBM | C15: 56.99 | D15: 43715.76 | E15: 3642.98 | F15: 1020 | G15: 85 | H15: 86 | I15: 4.5 | J15: https://amazon.com/dp/B0CJC8KTBM | K15: =HYPERLINK(J15) -> https://amazon.com/dp/B0CJC8KTBM
A16: Daxiongmao Borescope Camera with Lights, Industrial Endoscope Inspection Camera with Articulated Probe, Flexible Mechanic Fiber Optic Snake Scope Cam for Wall Automotive Engine Inspect-5.0 FT | B16: B0CW67ZYP1 | C16: 116.99 | D16: 21308.4 | E16: 1775.7 | F16: 228 | G16: 19 | H16: 89 | I16: 4.3 | J16: https://amazon.com/dp/B0CW67ZYP1 | K16: =HYPERLINK(J16) -> https://amazon.com/dp/B0CW67ZYP1
A17: Total | D17: =SUM(D9:D16) -> 3492777.2 | E17: =SUM(E9:E16) -> 291064.77
A20: Rank by Units
A21: Product Name | B21: ASIN | C21: Avg Price | D21: Estimated 12mo Revenue | E21: Monthly Rev | F21: Estimated 12mo Units | G21: Monthly Units | H21: # of Reviews | I21: Tool Rating | J21: Column1 | K21: Link
A22: Endoscope Camera with Light, Borescope Camera with 4.3" IPS Screen, 1920P HD with 8 LED Lights, 16.4FT Semi-Rigid Cord Bore Scope, Gadgets for Men & Tools for Men | B22: B0C3R381FC | C22: 39.99 | D22: 1320207.8 | E22: 110017.32 | F22: 34920 | G22: 2910 | H22: 4009 | I22: 4.5 | J22: https://amazon.com/dp/B0C3R381FC | K22: =HYPERLINK(J22) -> https://amazon.com/dp/B0C3R381FC
A23: Endoscope Camera with Light, 1080P HD Borescope with 8 Adjustable Lights, 4.3" Endoscope with 33 ft Semi-Rigid Snake Camera, IP67 Waterproof Borescopese for Sewer, Cool Gadgets & Tools for Men | B23: B0CJC65Q9P | C23: 42.98 | D23: 1193844.7 | E23: 99487.06 | F23: 19932 | G23: 1661 | H23: 1934 | I23: 4.4 | J23: https://amazon.com/dp/B0CJC65Q9P | K23: =HYPERLINK(J23) -> https://amazon.com/dp/B0CJC65Q9P
A24: Endoscope Camera with Light, 1080P HD Borescope with 8 Adjustable Lights, 4.3" Endoscope with 16.4 ft Semi-Rigid Snake Camera, IP67 Waterproof Borescopese for Sewer, Cool Gadgets & Tools for Men | B24: B0BXSMSS7M | C24: 29.71 | D24: 490244.88 | E24: 40853.74 | F24: 13608 | G24: 1134 | H24: 1934 | I24: 4.4 | J24: https://amazon.com/dp/B0BXSMSS7M | K24: =HYPERLINK(J24) -> https://amazon.com/dp/B0BXSMSS7M
A25: Daxiongmao Endoscope Camera with Light, Borescope Camera with 4.3" IPS Screen, 1080P HD with 8 LED Lights, Semi-Rigid Cord Bore Scope, Gadgets for Men & Tools for Men | B25: B0FCRFV5TX | C25: 28.48 | D25: 142336.92 | E25: 11861.41 | F25: 4776 | G25: 398 | H25: 132 | I25: 4.3 | J25: https://amazon.com/dp/B0FCRFV5TX | K25: =HYPERLINK(J25) -> https://amazon.com/dp/B0FCRFV5TX
A26: Daxiongmao Endoscope Camera with Light, Borescope Camera with 4.3" IPS Screen, 1920P HD with 8 LED Lights, 50 FT Semi-Rigid Cord Bore Scope, IP67 Waterproof for Sewer, Tools for Men | B26: B0BYHMRHG1 | C26: 49.99 | D26: 178192.8 | E26: 14849.4 | F26: 3576 | G26: 298 | H26: 4009 | I26: 4.5 | J26: https://amazon.com/dp/B0BYHMRHG1 | K26: =HYPERLINK(J26) -> https://amazon.com/dp/B0BYHMRHG1
A27: Endoscope Camera with Light, 5" IPS Screen Borescope,1920P HD Inspection Camera with Lights, IP67 Waterproof Flexible Cable for Automotive/Home/Wall/Pipe/Car (16.5FT) | B27: B0C2P62QN5 | C27: 69.99 | D27: 102925.92 | E27: 8577.16 | F27: 1512 | G27: 126 | H27: 1929 | I27: 4.4 | J27: https://amazon.com/dp/B0C2P62QN5 | K27: =HYPERLINK(J27) -> https://amazon.com/dp/B0C2P62QN5
A28: Endoscope Camera with Light, 5-inch Dual Lens 1920P HD Borescope, 7.9mm Camera with 9 LEDs, 16.5ft Semi-Rigid Cable, IP67 Waterproof - for Sewer/Drain Pipe, Automotive Inspection, Tools & Cool Gadgets | B28: B0CJC8KTBM | C28: 56.99 | D28: 43715.76 | E28: 3642.98 | F28: 1020 | G28: 85 | H28: 86 | I28: 4.5 | J28: https://amazon.com/dp/B0CJC8KTBM | K28: =HYPERLINK(J28) -> https://amazon.com/dp/B0CJC8KTBM
A29: Daxiongmao Borescope Camera with Lights, Industrial Endoscope Inspection Camera with Articulated Probe, Flexible Mechanic Fiber Optic Snake Scope Cam for Wall Automotive Engine Inspect-5.0 FT | B29: B0CW67ZYP1 | C29: 116.99 | D29: 21308.4 | E29: 1775.7 | F29: 228 | G29: 19 | H29: 89 | I29: 4.3 | J29: https://amazon.com/dp/B0CW67ZYP1 | K29: =HYPERLINK(J29) -> https://amazon.com/dp/B0CW67ZYP1
A30: Total | F30: =SUM(DAXIONGMAO!F22:F29) -> 79572 | G30: =SUM(DAXIONGMAO!G22:G29) -> 6631

Sheet DZXtoz
A1: #VALUE!
A7: Rank by Revenue
A8: Product Name | B8: ASIN | C8: Avg Price | D8: Estimated 12mo Revenue | E8: Monthly Rev | F8: Estimated 12mo Units | G8: Monthly Units | H8: # of Reviews | I8: Tool Rating | J8: Column1 | K8: Link
A9: DXZtoz Two-Way Articulating Borescope, Industrial Endoscope with 0.33in Articulated Snake Camera, Video Inspection Scope with Light for Automotive Aircraft Mechanics- 5.5FT | B9: B0B28HRSBP | C9: 139.39 | D9: 4128083 | E9: 344006.92 | F9: 29616 | G9: 2468 | H9: 1579 | I9: 4.6 | J9: https://amazon.com/dp/B0B28HRSBP | K9: =HYPERLINK(J9) -> https://amazon.com/dp/B0B28HRSBP
A10: DXZtoz Dual-Lens Articulating Borescope, Engine Endoscope with 0.33in Two-Way Articulated Snake Camera, 5'' Dual Screen, 1080P Inspection Camera with Light for Automotive Home Mechanics-5FT | B10: B0C3B32Q9Z | C10: 159.99 | D10: 1372030.1 | E10: 114335.84 | F10: 8772 | G10: 731 | H10: 477 | I10: 4.5 | J10: https://amazon.com/dp/B0C3B32Q9Z | K10: =HYPERLINK(J10) -> https://amazon.com/dp/B0C3B32Q9Z
A11: DXZtoz 10FT Articulating Borescope, Inspection Camera with 0.33in Two-Way Steering Snake Camera, Waterproof 1080P Endoscope with Light for Mechanics Electriction Wall Pipe Inspection | B11: B0B71PT47Q | C11: 179.99 | D11: 420177.84 | E11: 35014.82 | F11: 2436 | G11: 203 | H11: 188 | I11: 4.3 | J11: https://amazon.com/dp/B0B71PT47Q | K11: =HYPERLINK(J11) -> https://amazon.com/dp/B0B71PT47Q
A12: DXZtoz Dual-Lens Articulating Borescope, 6.5mm Slim Probe, Two-Way 210°Rotate Industrial Endoscope, 5'' Dual Screen Inspection Camera with Light for Aircraft Automotive Mechanic Electrician-5FT | B12: B0DNFL72B5 | C12: 159.99 | D12: 76971.36 | E12: 6414.28 | F12: 480 | G12: 40 | H12: 29 | I12: 4.5 | J12: https://amazon.com/dp/B0DNFL72B5 | K12: =HYPERLINK(J12) -> https://amazon.com/dp/B0DNFL72B5
A13: Total | D13: =SUM(D9:D12) -> 5997262.3 | E13: =SUM(E9:E12) -> 499771.86
A16: Rank by Units
A17: Product Name | B17: ASIN | C17: Avg Price | D17: Estimated 12mo Revenue | E17: Monthly Rev | F17: Estimated 12mo Units | G17: Monthly Units | H17: # of Reviews | I17: Tool Rating | J17: Column1 | K17: Link
A18: DXZtoz Two-Way Articulating Borescope, Industrial Endoscope with 0.33in Articulated Snake Camera, Video Inspection Scope with Light for Automotive Aircraft Mechanics- 5.5FT | B18: B0B28HRSBP | C18: 139.39 | D18: 4128083 | E18: 344006.92 | F18: 29616 | G18: 2468 | H18: 1579 | I18: 4.6 | J18: https://amazon.com/dp/B0B28HRSBP | K18: =HYPERLINK(J18) -> https://amazon.com/dp/B0B28HRSBP
A19: DXZtoz Dual-Lens Articulating Borescope, Engine Endoscope with 0.33in Two-Way Articulated Snake Camera, 5'' Dual Screen, 1080P Inspection Camera with Light for Automotive Home Mechanics-5FT | B19: B0C3B32Q9Z | C19: 159.99 | D19: 1372030.1 | E19: 114335.84 | F19: 8772 | G19: 731 | H19: 477 | I19: 4.5 | J19: https://amazon.com/dp/B0C3B32Q9Z | K19: =HYPERLINK(J19) -> https://amazon.com/dp/B0C3B32Q9Z
A20: DXZtoz 10FT Articulating Borescope, Inspection Camera with 0.33in Two-Way Steering Snake Camera, Waterproof 1080P Endoscope with Light for Mechanics Electriction Wall Pipe Inspection | B20: B0B71PT47Q | C20: 179.99 | D20: 420177.84 | E20: 35014.82 | F20: 2436 | G20: 203 | H20: 188 | I20: 4.3 | J20: https://amazon.com/dp/B0B71PT47Q | K20: =HYPERLINK(J20) -> https://amazon.com/dp/B0B71PT47Q
A21: DXZtoz Dual-Lens Articulating Borescope, 6.5mm Slim Probe, Two-Way 210°Rotate Industrial Endoscope, 5'' Dual Screen Inspection Camera with Light for Aircraft Automotive Mechanic Electrician-5FT | B21: B0DNFL72B5 | C21: 159.99 | D21: 76971.36 | E21: 6414.28 | F21: 480 | G21: 40 | H21: 29 | I21: 4.5 | J21: https://amazon.com/dp/B0DNFL72B5 | K21: =HYPERLINK(J21) -> https://amazon.com/dp/B0DNFL72B5
A22: Total | F22: =SUM(DZXtoz!F18:F21) -> 41304 | G22: =SUM(DZXtoz!G18:G21) -> 3442

Sheet WINWEND
A1: #VALUE!
A7: Rank by Revenue
A8: Product Name | B8: ASIN | C8: Avg Price | D8: Estimated 12mo Revenue | E8: Monthly Rev | F8: Estimated 12mo Units | G8: Monthly Units | H8: # of Reviews | I8: Tool Rating | J8: Column1 | K8: Link
A9: WINWEND Endoscope Camera with Light - IP67 Waterproof Borescope Camera with 8 Adjustable LED Lights | 4.3" LCD Screen Borescope | HD 1080P Inspection Cameras with 16.5ft Semi-Rigid Cord Tools for Men | B9: B0CP538LN1 | C9: 31.96 | D9: 1036676.2 | E9: 86389.68 | F9: 30696 | G9: 2558 | H9: 1179 | I9: 4.5 | J9: https://amazon.com/dp/B0CP538LN1 | K9: =HYPERLINK(J9) -> https://amazon.com/dp/B0CP538LN1
A10: Endoscope Camera with Light - 4.3" LCD Screen Inspection Cameras,IP67 Waterproof Borescope with 8 Adjustable LED Lights,HD 1080P Endoscope Camera 16.5ft Semi-Rigid Cord,gifts for men tools and gadgets | B10: B0CW65T636 | C10: 33.9 | D10: 399353.04 | E10: 33279.42 | F10: 12780 | G10: 1065 | H10: 363 | I10: 4.5 | J10: https://amazon.com/dp/B0CW65T636 | K10: =HYPERLINK(J10) -> https://amazon.com/dp/B0CW65T636
A11: Dual-Lens Endoscope Camera with Light, Borescope with 5" IPS Screen, Photo & Record Video Inspection Cameras with 32G SD Card, IP67 Waterproof Snake Camera, Tools Cool Gadgets for Men (16.5FT) | B11: B0DXP6S228 | C11: 47.46 | D11: 26674.8 | E11: 2222.9 | F11: 540 | G11: 45 | H11: 48 | I11: 4.4 | J11: https://amazon.com/dp/B0DXP6S228 | K11: =HYPERLINK(J11) -> https://amazon.com/dp/B0DXP6S228
A12: Dual-Lens Endoscope Camera with Light - 2.4" LCD Screen Inspection Cameras,IP67 Waterproof Borescope,HD 1080P Endoscope Camera 16.5ft Semi-Rigid Cord for Sewer,Gifts for Men Tools and Gadgets | B12: B0DYNS468T | C12: 29.99 | D12: 4597.56 | E12: 383.13 | F12: 156 | G12: 13 | H12: 25 | I12: 4.4 | J12: https://amazon.com/dp/B0DYNS468T | K12: =HYPERLINK(J12) -> https://amazon.com/dp/B0DYNS468T
A13: Endoscope Camera with Light - 2.4" LCD Screen Inspection Cameras,IP67 Waterproof Borescope,HD 1080P Endoscope Camera 16.5ft Semi-Rigid Cord for Sewer,Gifts for Men Tools and Gadgets | B13: B0DYNM86H2 | C13: 29.99 | D13: 900 | E13: 75 | F13: 24 | G13: 2 | H13: 24 | I13: 4.3 | J13: https://amazon.com/dp/B0DYNM86H2 | K13: =HYPERLINK(J13) -> https://amazon.com/dp/B0DYNM86H2
A14: Total | D14: =SUM(D9:D13) -> 1468201.6 | E14: =SUM(E9:E13) -> 122350.13
A17: Rank by Units
A18: Product Name | B18: ASIN | C18: Avg Price | D18: Estimated 12mo Revenue | E18: Monthly Rev | F18: Estimated 12mo Units | G18: Monthly Units | H18: # of Reviews | I18: Tool Rating | J18: Column1 | K18: Link
A19: WINWEND Endoscope Camera with Light - IP67 Waterproof Borescope Camera with 8 Adjustable LED Lights | 4.3" LCD Screen Borescope | HD 1080P Inspection Cameras with 16.5ft Semi-Rigid Cord Tools for Men | B19: B0CP538LN1 | C19: 31.96 | D19: 1036676.2 | E19: 86389.68 | F19: 30696 | G19: 2558 | H19: 1179 | I19: 4.5 | J19: https://amazon.com/dp/B0CP538LN1 | K19: =HYPERLINK(J19) -> https://amazon.com/dp/B0CP538LN1
A20: Endoscope Camera with Light - 4.3" LCD Screen Inspection Cameras,IP67 Waterproof Borescope with 8 Adjustable LED Lights,HD 1080P Endoscope Camera 16.5ft Semi-Rigid Cord,gifts for men tools and gadgets | B20: B0CW65T636 | C20: 33.9 | D20: 399353.04 | E20: 33279.42 | F20: 12780 | G20: 1065 | H20: 363 | I20: 4.5 | J20: https://amazon.com/dp/B0CW65T636 | K20: =HYPERLINK(J20) -> https://amazon.com/dp/B0CW65T636
A21: Dual-Lens Endoscope Camera with Light, Borescope with 5" IPS Screen, Photo & Record Video Inspection Cameras with 32G SD Card, IP67 Waterproof Snake Camera, Tools Cool Gadgets for Men (16.5FT) | B21: B0DXP6S228 | C21: 47.46 | D21: 26674.8 | E21: 2222.9 | F21: 540 | G21: 45 | H21: 48 | I21: 4.4 | J21: https://amazon.com/dp/B0DXP6S228 | K21: =HYPERLINK(J21) -> https://amazon.com/dp/B0DXP6S228
A22: Dual-Lens Endoscope Camera with Light - 2.4" LCD Screen Inspection Cameras,IP67 Waterproof Borescope,HD 1080P Endoscope Camera 16.5ft Semi-Rigid Cord for Sewer,Gifts for Men Tools and Gadgets | B22: B0DYNS468T | C22: 29.99 | D22: 4597.56 | E22: 383.13 | F22: 156 | G22: 13 | H22: 25 | I22: 4.4 | J22: https://amazon.com/dp/B0DYNS468T | K22: =HYPERLINK(J22) -> https://amazon.com/dp/B0DYNS468T
A23: Endoscope Camera with Light - 2.4" LCD Screen Inspection Cameras,IP67 Waterproof Borescope,HD 1080P Endoscope Camera 16.5ft Semi-Rigid Cord for Sewer,Gifts for Men Tools and Gadgets | B23: B0DYNM86H2 | C23: 29.99 | D23: 900 | E23: 75 | F23: 24 | G23: 2 | H23: 24 | I23: 4.3 | J23: https://amazon.com/dp/B0DYNM86H2 | K23: =HYPERLINK(J23) -> https://amazon.com/dp/B0DYNM86H2
A24: Total | F24: =SUM(WINWEND!F19:F23) -> 44196 | G24: =SUM(WINWEND!G19:G23) -> 3683

Sheet ANYSUN
A1: #VALUE!
A7: Rank by Revenue
A8: Product Name | B8: ASIN | C8: Avg Price | D8: Estimated 12mo Revenue | E8: Monthly Rev | F8: Estimated 12mo Units | G8: Monthly Units | H8: # of Reviews | I8: Tool Rating | J8: Column1 | K8: Link
A9: Anysun Sewer Camera with Locator, Self Leveling Sewer Camera 100ft with Distance Counter, 10.1" HD Monitor with Keypad and 7MM Cable, 5X Zoom(16GB Card) | B9: B0DLW66T4W | C9: 999.99 | D9: 96581.76 | E9: 8048.48 | F9: 96 | G9: 8 | H9: 2 | I9: 4.5 | J9: https://amazon.com/dp/B0DLW66T4W | K9: =HYPERLINK(J9) -> https://amazon.com/dp/B0DLW66T4W
A10: Anysun 9'' Sewer Camera Self Leveling, Length Marker, 5100mAh, IPS Screen, HD 1080P with DVR - 32GB, IP68 Sewer Pipe Cam, Sewer Scope Pipe Drain Plumbing Inspection Cameras Borescope Snake (100Ft/30M) | B10: B0FK294Z6X | C10: 369.99 | D10: 93314.16 | E10: 7776.18 | F10: 252 | G10: 21 | H10: 2 | I10: 5 | J10: https://amazon.com/dp/B0FK294Z6X | K10: =HYPERLINK(J10) -> https://amazon.com/dp/B0FK294Z6X
A11: Anysun Self-Leveling Sewer Camera with Meter Marking, 9'' IPS Screen, HD 1080P Resolution, 5100mAh Battery, 165ft 5mm Cable Sewer Drain Video Inspection Camera with DVR Recorder and 32GB SD Card | B11: B0FKB6Q7DF | C11: 429.99 | D11: 87586.56 | E11: 7298.88 | F11: 204 | G11: 17 | H11: 3 | I11: 4.6 | J11: https://amazon.com/dp/B0FKB6Q7DF | K11: =HYPERLINK(J11) -> https://amazon.com/dp/B0FKB6Q7DF
A12: Anysun Sewer Camera with Locator, Pipe Camera with 512Hz Sonde Transmitter and Receiver, IP68 Waterproof Industrial Plumbing Endoscope Drain Snake Cam with 7" LCD Monitor, 8G SD Card (100Ft/30M Cable) | B12: B0B7MGGXJZ | C12: 800.99 | D12: 83506.8 | E12: 6958.9 | F12: 108 | G12: 9 | H12: 88 | I12: 4.3 | J12: https://amazon.com/dp/B0B7MGGXJZ | K12: =HYPERLINK(J12) -> https://amazon.com/dp/B0B7MGGXJZ
A13: Anysun Sewer Camera with 512hz sonde, Self Leveling Sewer Inspection Camera 150ft with 7MM Cable and Meter Marker, 9'' Monitor and DVR, 12 Adjustable Lights(32GB Card) | B13: B0CYSTX8HK | C13: 769.99 | D13: 78442.08 | E13: 6536.84 | F13: 108 | G13: 9 | H13: 15 | I13: 4.2 | J13: https://amazon.com/dp/B0CYSTX8HK | K13: =HYPERLINK(J13) -> https://amazon.com/dp/B0CYSTX8HK
A14: Anysun Sewer Camera with 512hz sonde, Self Leveling Sewer Inspection Camera 100ft with 7MM Cable and Meter Marker, 9'' Monitor and DVR, 12 Adjustable Lights(32GB Card) | B14: B0CYSS11DP | C14: 699.99 | D14: 77509.44 | E14: 6459.12 | F14: 108 | G14: 9 | H14: 15 | I14: 4.2 | J14: https://amazon.com/dp/B0CYSS11DP | K14: =HYPERLINK(J14) -> https://amazon.com/dp/B0CYSS11DP
A15: Anysun Sewer Inspection Camera with Locator, 165ft Pipe Camera with 512Hz Sonde Transmitter and Receiver, IP68 Waterproof Industrial Plumbing Endoscope Drain Snake Cam with 7" LCD Monitor | B15: B09441WDJ9 | C15: 880 | D15: 76979.64 | E15: 6414.97 | F15: 84 | G15: 7 | H15: 88 | I15: 4.3 | J15: https://amazon.com/dp/B09441WDJ9 | K15: =HYPERLINK(J15) -> https://amazon.com/dp/B09441WDJ9
A16: Anysun 100ft Pipe Video Inspection Camera with 512Hz Sonde and Receiver, Waterproof Drain Plumbing Camera Snake with 7' LCD Monitor DVR Recorder (8GB SD Card Included) | B16: B093SVJZRZ | C16: 659.99 | D16: 68954.4 | E16: 5746.2 | F16: 96 | G16: 8 | H16: 154 | I16: 4.2 | J16: https://amazon.com/dp/B093SVJZRZ | K16: =HYPERLINK(J16) -> https://amazon.com/dp/B093SVJZRZ
A17: Anysun Self Leveling Sewer Inspection Camera with Distance Counter, 7MM Thicker Cable, 100Ft with 9'' 1080P Screen & DVR, IP68 Waterproof Drain Pipe Camera Borescope with Light, 32GB Card | B17: B0D5M7WTV8 | C17: 699.99 | D17: 62562.6 | E17: 5213.55 | F17: 84 | G17: 7 | H17: 26 | I17: 4.4 | J17: https://amazon.com/dp/B0D5M7WTV8 | K17: =HYPERLINK(J17) -> https://amazon.com/dp/B0D5M7WTV8
A18: Self-Leveling Sewer Camera 100FT, Anysun 9" HD Screen Pipe Borescope Drain Inspection with 12pcs LED Light, DVR Recorder with 32GB Card, IP68 Waterproof Plumbing Cam, 7mm Cable with Meter Marks | B18: B0BJKTWZBV | C18: 599.99 | D18: 62509.2 | E18: 5209.1 | F18: 108 | G18: 9 | H18: 86 | I18: 4.3 | J18: https://amazon.com/dp/B0BJKTWZBV | K18: =HYPERLINK(J18) -> https://amazon.com/dp/B0BJKTWZBV
A19: Sewer Camera with Locator, Anysun 165ft Pipe Video Inspection Camera with 512Hz Sonde and Receiver, 7” LCD Monitor DVR Recorder, IP68 Waterproof (8GB SD Card Included) | B19: B093SXC6X7 | C19: 699.99 | D19: 55775.88 | E19: 4647.99 | F19: 72 | G19: 6 | H19: 154 | I19: 4.2 | J19: https://amazon.com/dp/B093SXC6X7 | K19: =HYPERLINK(J19) -> https://amazon.com/dp/B093SXC6X7
A20: Anysun Sewer Camera Self Leveling with Distance Counter, 7MM Thicker Cable, 165Ft/50M Pipe Inspection Camera with 9'' 1080P IPS Screen, Video Drain Camera IP68 Industrial Borescope Snake, 32GB Card | B20: B0D5M8F5Z3 | C20: 849.99 | D20: 55736.76 | E20: 4644.73 | F20: 60 | G20: 5 | H20: 26 | I20: 4.4 | J20: https://amazon.com/dp/B0D5M8F5Z3 | K20: =HYPERLINK(J20) -> https://amazon.com/dp/B0D5M8F5Z3
... A52: Anysun Sewer Camera with Locator, Self-Leveling, Distance Counter, 100ft Pipe Inspection Camera, DVR Recorder, 9'' 1080P IPS Monitor, IP68 Waterproof, Black | B52: B0DGCZ99ZM | C52: 799.99 | D52: 21477.36 | E52: 1789.78 | F52: 24 | G52: 2 | H52: 1 | I52: 5 | J52: https://amazon.com/dp/B0DGCZ99ZM | K52: =HYPERLINK(J52) -> https://amazon.com/dp/B0DGCZ99ZM
A53: Anysun Sewer Camera Self Leveling 100ft, Sewer Inspection Camera with Meter Marker,HD Screen, DVR, 12 Adjustable LED Lights, 5mm Cable, 5100mAh Rechargeable Battery, 32GB Card | B53: B0FLPXZR53 | C53: 369.99 | D53: 21041.88 | E53: 1753.49 | F53: 60 | G53: 5 | J53: https://amazon.com/dp/B0FLPXZR53 | K53: =HYPERLINK(J53) -> https://amazon.com/dp/B0FLPXZR53
A54: Anysun Sewer Camera with Locator, Self-Leveling Drain Camera with 9'' IPS Monitor and 100ft Cable, IP68 Waterproof Pipe Inspection Camera with DVR Recording Funcation and 16GB Memory Card | B54: B0BK8NHFJQ | C54: 699.99 | D54: 20595.36 | E54: 1716.28 | F54: 24 | G54: 2 | H54: 24 | I54: 3.1 | J54: https://amazon.com/dp/B0BK8NHFJQ | K54: =HYPERLINK(J54) -> https://amazon.com/dp/B0BK8NHFJQ
A55: Sewer Camera Self Leveling, Anysun Sewer Inspection Camera 100ft with 9'' Monitor and DVR Recorder with 32GB Card, Meter Marker, 12 Adjustable Lights | B55: B0CLLJSCJ9 | C55: 599.99 | D55: 19766.16 | E55: 1647.18 | F55: 36 | G55: 3 | H55: 31 | I55: 4.3 | J55: https://amazon.com/dp/B0CLLJSCJ9 | K55: =HYPERLINK(J55) -> https://amazon.com/dp/B0CLLJSCJ9
A56: Sewer Camera with Locator, Anysun 165FT with 512HZ Locator Set and Receiver for Drain Plumbing Video Inspection 7'' LCD HD Screen Waterproof IP68 Cameras with 12pcs LED Light(8GB SD Card-DVR Record) | B56: B09HSC4Q8Y | C56: 799.99 | D56: 18615 | E56: 1551.25 | F56: 24 | G56: 2 | H56: 519 | I56: 4.2 | J56: https://amazon.com/dp/B09HSC4Q8Y | K56: =HYPERLINK(J56) -> https://amazon.com/dp/B09HSC4Q8Y
A57: Sewer Camera with Self-Leveling, Built-in Distance Counter, Can Connect External Monitor, Zoom in and Out, IP68 Waterproof, 12 pcs Adjustable Light, Plumbing Drain Video Cam with DVR (100FT) | B57: B0CYGYXDXZ | C57: 499.99 | D57: 18067.8 | E57: 1505.65 | F57: 36 | G57: 3 | H57: 519 | I57: 4.2 | J57: https://amazon.com/dp/B0CYGYXDXZ | K57: =HYPERLINK(J57) -> https://amazon.com/dp/B0CYGYXDXZ
A58: Sewer Camera with Locator, Anysun Self Leveling Sewer Inspection Camera with Distance Counter, 165ft Cable with 9'' 1080P HD Monitor and DVR 32GB Card, IP68 Waterproof with 12 Lights | B58: B0DBZP6GCT | C58: 799.99 | D58: 17835.6 | E58: 1486.3 | F58: 24 | G58: 2 | H58: 3 | I58: 3 | J58: https://amazon.com/dp/B0DBZP6GCT | K58: =HYPERLINK(J58) -> https://amazon.com/dp/B0DBZP6GCT
A59: Anysun Sewer Camera Self Leveling 165ft, Sewer Inspection Camera with Meter Marker,HD Screen, DVR, 12 Adjustable LED Lights, 5mm Cable, 5100mAh Rechargeable Battery, 32GB Card | B59: B0FLQ1TFBW | C59: 429.99 | D59: 17098.08 | E59: 1424.84 | F59: 36 | G59: 3 | J59: https://amazon.com/dp/B0FLQ1TFBW | K59: =HYPERLINK(J59) -> https://amazon.com/dp/B0FLQ1TFBW
A60: Anysun Sewer Camera with Locator, Self Leveling Sewer Inspection Camera 100ft with Distance Counter, 9'' 1080P IPS Monitor and Video Recorder with MIC, 7MM Cable with 12 Lights(32GB Card) | B60: B0G394XQCT | C60: 899.99 | D60: 16637.88 | E60: 1386.49 | F60: 12 | G60: 1 | H60: 1 | I60: 5 | J60: https://amazon.com/dp/B0G394XQCT | K60: =HYPERLINK(J60) -> https://amazon.com/dp/B0G394XQCT
A61: Self-Leveling Sewer Camera 200FT, Anysun 9" HD Screen Pipe Borescope Drain Inspection with 12pcs LED Light, DVR Recorder with 32GB Card, IP68 Waterproof Plumbing Cam, 7mm Cable with Depth Marker | B61: B0BJKX93TM | C61: 569.99 | D61: 15053.76 | E61: 1254.48 | F61: 24 | G61: 2 | H61: 1 | I61: 5 | J61: https://amazon.com/dp/B0BJKX93TM | K61: =HYPERLINK(J61) -> https://amazon.com/dp/B0BJKX93TM
A62: Anysun Self-Leveling Sewer Camera with Locator, Drain Camera 100ft Cable 9'' IPS Monitor, IP68 Waterproof Pipe Inspection Camera with DVR Recording Funcation and 16GB Memory Card | B62: B0DSZR774M | C62: 899.99 | D62: 14848.2 | E62: 1237.35 | F62: 12 | G62: 1 | H62: 80 | I62: 4.3 | J62: https://amazon.com/dp/B0DSZR774M | K62: =HYPERLINK(J62) -> https://amazon.com/dp/B0DSZR774M
A63: Sewer Camera Self Leveling, Anysun Sewer Inspection Camera 250ft with 9'' Monitor and DVR Recorder with 32GB Card, Meter Marker, 12 Adjustable Lights | B63: B0DD78SXJF | C63: 639.99 | D63: 14787 | E63: 1232.25 | F63: 24 | G63: 2 | H63: 31 | I63: 4.3 | J63: https://amazon.com/dp/B0DD78SXJF | K63: =HYPERLINK(J63) -> https://amazon.com/dp/B0DD78SXJF
A64: Anysun Self-Leveling Sewer Camera with Locator, Drain Camera with 9'' IPS Monitor and 165ft Cable, IP68 Waterproof Pipe Inspection Camera with DVR Recording Funcation and 16GB Memory Card | B64: B0BTDDX3LD | C64: 999.99 | D64: 13436.4 | E64: 1119.7 | F64: 12 | G64: 1 | H64: 80 | I64: 4.3 | J64: https://amazon.com/dp/B0BTDDX3LD | K64: =HYPERLINK(J64) -> https://amazon.com/dp/B0BTDDX3LD
A65: Sewer Camera Self Leveling, Anysun Sewer Inspection Camera 150ft with 9'' Monitor and DVR Recorder with 32GB Card, Meter Marker, 12 Adjustable Lights | B65: B0DDXDMTPR | C65: 639.99 | D65: 13180.68 | E65: 1098.39 | F65: 24 | G65: 2 | H65: 31 | I65: 4.3 | J65: https://amazon.com/dp/B0DDXDMTPR | K65: =HYPERLINK(J65) -> https://amazon.com/dp/B0DDXDMTPR
A66: Sewer Camera,100ft Plumbing Drain Camera with DVR 30M Cable Industrial Endoscope Waterproof IP68 Cable Snake Video System with 7 Inch LCD Monitor 1000TVL DVR Recorder | B66: B07T7G66P8 | C66: 399.99 | D66: 12211.44 | E66: 1017.62 | F66: 36 | G66: 3 | H66: 139 | I66: 4.3 | J66: https://amazon.com/dp/B07T7G66P8 | K66: =HYPERLINK(J66) -> https://amazon.com/dp/B07T7G66P8
A67: Anysun 9" Replacement Screen for Sewer Camera Mode 9DX7, High-Resolution LCD Screen, Compatible with Anysun HBUDS Pipe Inspection Cameras System-CR110-9DX7 | B67: B0FY4YCYG7 | C67: 129.99 | D67: 12204.36 | E67: 1017.03 | F67: 96 | G67: 8 | J67: https://amazon.com/dp/B0FY4YCYG7 | K67: =HYPERLINK(J67) -> https://amazon.com/dp/B0FY4YCYG7
A68: Anysun 9" Replacement Screen for Sewer Camera Mode 9DX23, High-Resolution LCD Screen, Compatible with Anysun HBUDS Pipe Inspection Cameras System-CR110-9DX23 | B68: B0F1Y5TN2Q | C68: 129.99 | D68: 11994.12 | E68: 999.51 | F68: 96 | G68: 8 | J68: https://amazon.com/dp/B0F1Y5TN2Q | K68: =HYPERLINK(J68) -> https://amazon.com/dp/B0F1Y5TN2Q
A69: Anysun Replacement Cable with Meter Marker and Box, Sewer Inspection Camera Part Only for Anysun 9DX23 Series Sewer Camera | B69: B0D1CG3JXK | C69: 369.94 | D69: 10288.68 | E69: 857.39 | F69: 24 | G69: 2 | H69: 3 | I69: 3.2 | J69: https://amazon.com/dp/B0D1CG3JXK | K69: =HYPERLINK(J69) -> https://amazon.com/dp/B0D1CG3JXK
A70: Anysun Self-Leveling Sewer Camera with Meter Marking, 9'' IPS Screen, HD 1080P Resolution, 5100mAh Battery, 100ft 5mm Cable Sewer Drain Video Inspection Camera with DVR Recorder and 32GB SD Card | B70: B0FKB5XRTJ | C70: 329.99 | D70: 9988.56 | E70: 832.38 | F70: 24 | G70: 2 | H70: 1 | I70: 1 | J70: https://amazon.com/dp/B0FKB5XRTJ | K70: =HYPERLINK(J70) -> https://amazon.com/dp/B0FKB5XRTJ
A71: ANYSUN Sewer Camera's Accessories- 9' Screen (Model： 9DX) | B71: B0CNLB131J | C71: 129.99 | D71: 9505.44 | E71: 792.12 | F71: 72 | G71: 6 | H71: 2 | I71: 5 | J71: https://amazon.com/dp/B0CNLB131J | K71: =HYPERLINK(J71) -> https://amazon.com/dp/B0CNLB131J
A72: ANYSUN Sewer Camera's Accessories Camera (Buil-t-in 512hz Sonde and Self-Leveling Function) | B72: B0CYL6LHWC | C72: 359.99 | D72: 9390.6 | E72: 782.55 | F72: 24 | G72: 2 | J72: https://amazon.com/dp/B0CYL6LHWC | K72: =HYPERLINK(J72) -> https://amazon.com/dp/B0CYL6LHWC
A73: Anysun Sewer Camera Self Leveling with Locator, Distance Counter, 165Ft Sewer Inspection Cameras with 9'' 1080P IPS Monitor, Video Pipe Drain Cam IP68 Industrial Borescope Snake, 16GB Card | B73: B0DGCX6G3L | C73: 999.99 | D73: 9327.84 | E73: 777.32 | F73: 12 | G73: 1 | H73: 1 | I73: 5 | J73: https://amazon.com/dp/B0DGCX6G3L | K73: =HYPERLINK(J73) -> https://amazon.com/dp/B0DGCX6G3L
A74: Sewer Camera Pipe Inspection Anysun Waterproof IP68 Plumbing Camera with DVR Recorder (Red-30M) | B74: B087RC1Z7P | C74: 500 | D74: 7999.8 | E74: 666.65 | F74: 12 | G74: 1 | H74: 169 | I74: 3.9 | J74: https://amazon.com/dp/B087RC1Z7P | K74: =HYPERLINK(J74) -> https://amazon.com/dp/B087RC1Z7P
A75: Anysun Sewer Inspection Camera Self Leveling, Distance Counter, 7MM 100 Ft Cable, Pipe Camera with 9'' Screen DVR, IP68 Waterproof Plumbing Snake Camera for Pipe Inspection | B75: B0DDT8PRQ7 | C75: 669.99 | D75: 7690.08 | E75: 640.84 | F75: 12 | G75: 1 | H75: 1 | I75: 5 | J75: https://amazon.com/dp/B0DDT8PRQ7 | K75: =HYPERLINK(J75) -> https://amazon.com/dp/B0DDT8PRQ7
A76: Sewer Camera with Locator, Anysun Self Leveling Sewer Inspection Camera with Distance Counter, 132ft Cable with 9'' 1080P HD Monitor and DVR 32GB Card, IP68 Waterproof with 12 Lights | B76: B0DKNX4RP9 | C76: 899.99 | D76: 6803.76 | E76: 566.98 | F76: 12 | G76: 1 | H76: 3 | I76: 3 | J76: https://amazon.com/dp/B0DKNX4RP9 | K76: =HYPERLINK(J76) -> https://amazon.com/dp/B0DKNX4RP9
A77: Sewer Camera Self Leveling, Anysun Sewer Inspection Camera 200ft with 9'' Monitor and DVR Recorder with 32GB Card, Meter Marker, 12 Adjustable Lights | B77: B0BHKH6JFR | C77: 699.99 | D77: 6517.08 | E77: 543.09 | F77: 12 | G77: 1 | H77: 31 | I77: 4.3 | J77: https://amazon.com/dp/B0BHKH6JFR | K77: =HYPERLINK(J77) -> https://amazon.com/dp/B0BHKH6JFR
A78: Sewer Camera 165ft , 512Hz Sonde Transmitter Plumbing Camera Snake with DVR Recorder, Inspection Cam with 7" LCD Monitor with Fiber Optic Cable Wire (8 GB SD Card Included) (165ft/50m) | B78: B08QYX32R7 | C78: 569.92 | D78: 6050.88 | E78: 504.24 | F78: 12 | G78: 1 | H78: 139 | I78: 4.3 | J78: https://amazon.com/dp/B08QYX32R7 | K78: =HYPERLINK(J78) -> https://amazon.com/dp/B08QYX32R7
A79: Sewer Camera Self Leveling, Anysun Sewer Inspection Camera 300ft with 9'' Monitor and DVR Recorder with 32GB Card, Meter Marker, 12 Adjustable Lights | B79: B0DD781TXP | C79: 799.99 | D79: 4838.4 | E79: 403.2 | F79: 12 | G79: 1 | H79: 31 | I79: 4.3 | J79: https://amazon.com/dp/B0DD781TXP | K79: =HYPERLINK(J79) -> https://amazon.com/dp/B0DD781TXP
A80: Anysun Replacement Camera Head with 512hz Transmitter, IP68 Waterproof HD Sewer Inspection Camera Head Accessories for SY985, 5100 Series | B80: B0CH7QT9YD | C80: 319.99 | D80: 3840.12 | E80: 320.01 | F80: 12 | G80: 1 | J80: https://amazon.com/dp/B0CH7QT9YD | K80: =HYPERLINK(J80) -> https://amazon.com/dp/B0CH7QT9YD
A81: Anysun Black Camera Cover Protective Cover for 22mm & 23mm Sewer Camera Pipe Inspection Camera, 2pcs | B81: B0D2ZPKZ3G | C81: 23.99 | D81: 3724.2 | E81: 310.35 | F81: 156 | G81: 13 | H81: 1 | I81: 5 | J81: https://amazon.com/dp/B0D2ZPKZ3G | K81: =HYPERLINK(J81) -> https://amazon.com/dp/B0D2ZPKZ3G
A82: Anysun Self-Leveling Sewer Inspection Camera - 100ft, 9" Monitor & DVR, 12 Lights, Plumbing Pipe Camera for Plumbers & Homeowners (16GB Card) | B82: B0CWLBH81V | C82: 369.99 | D82: 3700.8 | E82: 308.4 | F82: 12 | G82: 1 | H82: 8 | I82: 3.2 | J82: https://amazon.com/dp/B0CWLBH81V | K82: =HYPERLINK(J82) -> https://amazon.com/dp/B0CWLBH81V
A83: anysun Pipe Camera's Kit Cable Used for Brand HBUDS Sewer Camera 100ft Extension Cable for Pipe Cam,100ft Cable Parts for Pipe Inspection Cam Mode 7D1 / 7D3A/ 9D3A (30m/100ft) | B83: B0B2VN9NCN | C83: 239.92 | D83: 3116.28 | E83: 259.69 | F83: 12 | G83: 1 | H83: 13 | I83: 4.4 | J83: https://amazon.com/dp/B0B2VN9NCN | K83: =HYPERLINK(J83) -> https://amazon.com/dp/B0B2VN9NCN
A84: Anysun 5860 Model Sewer Camear Monitor Replacement, Only for Anysun 5860 Serie Sewer Camera System | B84: B0DL9J7SQ5 | C84: 199.99 | D84: 2541 | E84: 211.75 | F84: 12 | G84: 1 | H84: 1 | I84: 5 | J84: https://amazon.com/dp/B0DL9J7SQ5 | K84: =HYPERLINK(J84) -> https://amazon.com/dp/B0DL9J7SQ5
A85: Pipeline Inspection Camera HD Pipe Sewer Camera's Kit Replace Use for 7D1 Series from Brand Anysun | B85: B08X9WQ65K | C85: 179.94 | D85: 2350.68 | E85: 195.89 | F85: 12 | G85: 1 | J85: https://amazon.com/dp/B08X9WQ65K | K85: =HYPERLINK(J85) -> https://amazon.com/dp/B08X9WQ65K
A86: ANYSUN Sewer Camera's Accessories- Connection Line | B86: B09HKVBX9V | C86: 29.99 | D86: 2061.72 | E86: 171.81 | F86: 72 | G86: 6 | H86: 5 | I86: 3.6 | J86: https://amazon.com/dp/B09HKVBX9V | K86: =HYPERLINK(J86) -> https://amazon.com/dp/B09HKVBX9V
A87: Anysun Self-Leveling Sewer Camera with 512Hz Transmitter, Meter Marking, 9'' IPS Screen, HD 1080P Resolution, 5100mAh Battery, 165ft 5mm Cable Sewer Drain Video Inspection Camera with DVR-32GB | B87: B0FXXGFLTL | C87: 699.99 | F87: 0 | G87: 0 | H87: 3 | I87: 4.6 | J87: https://amazon.com/dp/B0FXXGFLTL | K87: =HYPERLINK(J87) -> https://amazon.com/dp/B0FXXGFLTL
A88: Sewer Camera, Pipe Inspection Camera with Distance Counter Plumbing Snake Camera DVR Recorder Waterproof IP68, Anysun 115ft/35M Industrial Pipeline Drain Endoscope with 7" LCD Color Monitor | B88: B0B29BY7N1 | C88: 500 | F88: 0 | G88: 0 | H88: 169 | I88: 3.9 | J88: https://amazon.com/dp/B0B29BY7N1 | K88: =HYPERLINK(J88) -> https://amazon.com/dp/B0B29BY7N1
A89: Anysun Sewer Camera with 512Hz Sonde Transmitter, 100ft Plumbing Camera Snake with DVR Recorder, Inspection Cam with 7" LCD Monitor with Fiber Optic Cable Wire | B89: B0FP4TT49F | C89: 499.92 | F89: 0 | G89: 0 | H89: 139 | I89: 4.3 | J89: https://amazon.com/dp/B0FP4TT49F | K89: =HYPERLINK(J89) -> https://amazon.com/dp/B0FP4TT49F
A90: Anysun Sewer Camera with Locator, Self Leveling Sewer Inspection Camera 150ft with Distance Counter, 9'' 1080P IPS Monitor and Video Recorder with MIC, 7MM Cable with 12 Lights(32GB Card) | B90: B0DJ7L3MCV | C90: 999.99 | F90: 0 | G90: 0 | H90: 2 | I90: 3.4 | J90: https://amazon.com/dp/B0DJ7L3MCV | K90: =HYPERLINK(J90) -> https://amazon.com/dp/B0DJ7L3MCV
A91: Anysun Sewer Camera Self Leveling with 512Hz Sonde, 7MM Thick Pushrod, Length Mark, 32GB Card, 9'' HD Monitor with DVR, 300Ft Sewer Scope Pipe Drain Inspection Camera IP68 Borescope w/Adjustable LEDs | B91: B0DKX9FZ8M | C91: 799.99 | F91: 0 | G91: 0 | H91: 2 | I91: 5 | J91: https://amazon.com/dp/B0DKX9FZ8M | K91: =HYPERLINK(J91) -> https://amazon.com/dp/B0DKX9FZ8M
A92: Pipe Camera's Kit Cable Used for Brand Anysun HBUDS Sewer Camera 165ft Extension Cable for Pipe Camera,165ft Cable Parts for Pipe Inspection Camera(50M/165FT Cable) (50m/165ft) | B92: B0B2VGF8L5 | C92: 299.99 | F92: 0 | G92: 0 | H92: 13 | I92: 4.4 | J92: https://amazon.com/dp/B0B2VGF8L5 | K92: =HYPERLINK(J92) -> https://amazon.com/dp/B0B2VGF8L5
A93: Anysun Sewer Camera with Locator, Pipe Camera with 512Hz Sonde Transmitter and Receiver, IP68 Waterproof Industrial Plumbing Endoscope Drain Snake Cam with 7" LCD Monitor, 8G SD Card | B93: B0BDDH8DLR | C93: 500 | F93: 0 | G93: 0 | H93: 169 | I93: 3.9 | J93: https://amazon.com/dp/B0BDDH8DLR | K93: =HYPERLINK(J93) -> https://amazon.com/dp/B0BDDH8DLR
A94: Anysun Sewer Inspection Camera, 7MM 165 Ft Cable, Pipe Camera with 9" Screen, IP68 Waterproof, Self-Leveling, Distance Counter, 8 Hr Battery Life | B94: B0DDT5FW1B | C94: 699.99 | F94: 0 | G94: 0 | H94: 1 | I94: 5 | J94: https://amazon.com/dp/B0DDT5FW1B | K94: =HYPERLINK(J94) -> https://amazon.com/dp/B0DDT5FW1B
A95: Anysun Sewer Camera with 512Hz Sonde Transmitter, Self Leveling & Distance Counter, 100Ft Pipe Inspection Camera with DVR Recorder, 9'' 1080P IPS Monitor, IP68 Waterproof, 16GB Card | B95: B0DDXT2242 | C95: 599.99 | F95: 0 | G95: 0 | H95: 10 | I95: 3.3 | J95: https://amazon.com/dp/B0DDXT2242 | K95: =HYPERLINK(J95) -> https://amazon.com/dp/B0DDXT2242
A96: Anysun 512Hz Sewer Camera Head Transmitter, Sewer Camera Head Replacement Locator 0.9inch / 23mm Camera Head Built-in 512Hz Sonde Transmitter for Anysun HBUDS Pipe Inspection Camera | B96: B0CQ28WJT1 | C96: 299.99 | F96: 0 | G96: 0 | H96: 2 | I96: 3.3 | J96: https://amazon.com/dp/B0CQ28WJT1 | K96: =HYPERLINK(J96) -> https://amazon.com/dp/B0CQ28WJT1
A97: Anysun Self-Leveling Sewer Camera with Locator, 9'' Pipe Drain Inspection System, 100ft Meter Marker Cable, DVR, 12 Adjustable Lights for Plumbing Snake | B97: B0CQK1GSHP | C97: 799.99 | F97: 0 | G97: 0 | H97: 37 | I97: 4 | J97: https://amazon.com/dp/B0CQK1GSHP | K97: =HYPERLINK(J97) -> https://amazon.com/dp/B0CQK1GSHP
A98: Anysun Sewer Inspection Camera with Locator, Self Leveling, Distance Counter, 7MM 100 Ft Cable, Pipe Camera with 9'' Color Screen DVR, IP68 Waterproof Plumbing Snake Camera for Pipe Inspection | B98: B0DDT8XC2S | C98: 869.99 | F98: 0 | G98: 0 | H98: 1 | I98: 5 | J98: https://amazon.com/dp/B0DDT8XC2S | K98: =HYPERLINK(J98) -> https://amazon.com/dp/B0DDT8XC2S
... A100: Camera Head for Pipe Inspection Camera Waterproof (IP68) Industrial Endoscope Video Inspection System Camera Head | B100: B08HH9899J | C100: 179.99 | F100: 0 | G100: 0 | H100: 21 | I100: 4 | J100: https://amazon.com/dp/B08HH9899J | K100: =HYPERLINK(J100) -> https://amazon.com/dp/B08HH9899J
A101: Replacement Screen for Anysun 9DX Series Sewer Inspection Camera | B101: B0CP638V8G | C101: 129.99 | F101: 0 | G101: 0 | J101: https://amazon.com/dp/B0CP638V8G | K101: =HYPERLINK(J101) -> https://amazon.com/dp/B0CP638V8G
A102: Sewer Camera 150FT with 512HZ Sonde, Anysun 9" HD Screen Pipe Drain Inspection with 12pcs Light, DVR Recorder with 32GB Card, IP68 Waterproof Plumbing Cam, 7mm Cable with Depth Marker | B102: B0BVMFRKGZ | C102: 699.99 | F102: 0 | G102: 0 | H102: 21 | I102: 3.6 | J102: https://amazon.com/dp/B0BVMFRKGZ | K102: =HYPERLINK(J102) -> https://amazon.com/dp/B0BVMFRKGZ
A103: Sewer Camera 100FT with 512HZ Sonde, Anysun 9" HD Screen Pipe Drain Inspection with 12pcs Light, DVR Recorder with 32GB Card, IP68 Waterproof Plumbing Cam, 7mm Cable with Depth Marker | B103: B0DG8V6BSC | C103: 599.99 | F103: 0 | G103: 0 | H103: 21 | I103: 3.6 | J103: https://amazon.com/dp/B0DG8V6BSC | K103: =HYPERLINK(J103) -> https://amazon.com/dp/B0DG8V6BSC
A104: Anysun Sewer Snake Cam with DVR, 100ft Plumbing Camera, 4.3" LCD Monitor, 17mm Mini Camera with 8 LED Lights, IP68 Waterproof, 16GB Memory Card | B104: B0CNGTPJWD | C104: 249.99 | F104: 0 | G104: 0 | H104: 5 | I104: 3.6 | J104: https://amazon.com/dp/B0CNGTPJWD | K104: =HYPERLINK(J104) -> https://amazon.com/dp/B0CNGTPJWD
A105: ANYSUN Sewer Camera's Accessories- Cable (100FT) | B105: B09HKTGBPK | C105: 219.99 | F105: 0 | G105: 0 | H105: 3 | I105: 4.5 | J105: https://amazon.com/dp/B09HKTGBPK | K105: =HYPERLINK(J105) -> https://amazon.com/dp/B09HKTGBPK
A106: Total | D106: =SUM(D9:D105) -> 2419019.8 | E106: =SUM(E9:E105) -> 201584.98
A109: Rank by Units
A110: Product Name | B110: ASIN | C110: Avg Price | D110: Estimated 12mo Revenue | E110: Monthly Rev | F110: Estimated 12mo Units | G110: Monthly Units | H110: # of Reviews | I110: Tool Rating | J110: Column1 | K110: Link
A111: Anysun 9'' Sewer Camera Self Leveling, Length Marker, 5100mAh, IPS Screen, HD 1080P with DVR - 32GB, IP68 Sewer Pipe Cam, Sewer Scope Pipe Drain Plumbing Inspection Cameras Borescope Snake (100Ft/30M) | B111: B0FK294Z6X | C111: 369.99 | D111: 93314.16 | E111: 7776.18 | F111: 252 | G111: 21 | H111: 2 | I111: 5 | J111: https://amazon.com/dp/B0FK294Z6X | K111: =HYPERLINK(J111) -> https://amazon.com/dp/B0FK294Z6X
A112: Anysun Self-Leveling Sewer Camera with Meter Marking, 9'' IPS Screen, HD 1080P Resolution, 5100mAh Battery, 165ft 5mm Cable Sewer Drain Video Inspection Camera with DVR Recorder and 32GB SD Card | B112: B0FKB6Q7DF | C112: 429.99 | D112: 87586.56 | E112: 7298.88 | F112: 204 | G112: 17 | H112: 3 | I112: 4.6 | J112: https://amazon.com/dp/B0FKB6Q7DF | K112: =HYPERLINK(J112) -> https://amazon.com/dp/B0FKB6Q7DF
A113: Anysun Black Camera Cover Protective Cover for 22mm & 23mm Sewer Camera Pipe Inspection Camera, 2pcs | B113: B0D2ZPKZ3G | C113: 23.99 | D113: 3724.2 | E113: 310.35 | F113: 156 | G113: 13 | H113: 1 | I113: 5 | J113: https://amazon.com/dp/B0D2ZPKZ3G | K113: =HYPERLINK(J113) -> https://amazon.com/dp/B0D2ZPKZ3G
A114: Sewer Camera 65FT, Can Connect External Monitor, Zoom in and Out, IP68 Waterproof, 12 pcs Adjustable Light, Plumbing Snake Cam with DVR Pipe Video Inspection, for Sewer Line, Drain, Duct, Plumbing | B114: B0B4SDBMPX | C114: 329.99 | D114: 44957.4 | E114: 3746.45 | F114: 132 | G114: 11 | H114: 519 | I114: 4.2 | J114: https://amazon.com/dp/B0B4SDBMPX | K114: =HYPERLINK(J114) -> https://amazon.com/dp/B0B4SDBMPX
A115: Anysun 9'' Sewer Camera Self Leveling, 7MM Fiberglass Cable, Length Marker, 5100mAh, IPS Screen, HD 1080P with DVR - 32GB, IP68 Sewer Scope Pipe Drain Plumbing Inspection Cameras Borescope Snake-100Ft | B115: B0FK29787B | C115: 499.99 | D115: 53997.6 | E115: 4499.8 | F115: 108 | G115: 9 | H115: 1 | I115: 5 | J115: https://amazon.com/dp/B0FK29787B | K115: =HYPERLINK(J115) -> https://amazon.com/dp/B0FK29787B
A116: ANYSUN Sewer Camera's Accessories Camera with 512hz Sonde | B116: B09HTJP92P | C116: 299.99 | D116: 33118.56 | E116: 2759.88 | F116: 108 | G116: 9 | H116: 5 | I116: 2.9 | J116: https://amazon.com/dp/B09HTJP92P | K116: =HYPERLINK(J116) -> https://amazon.com/dp/B09HTJP92P
A117: Anysun Sewer Camera with 512hz sonde, Self Leveling Sewer Inspection Camera 100ft with 7MM Cable and Meter Marker, 9'' Monitor and DVR, 12 Adjustable Lights(32GB Card) | B117: B0CYSS11DP | C117: 699.99 | D117: 77509.44 | E117: 6459.12 | F117: 108 | G117: 9 | H117: 15 | I117: 4.2 | J117: https://amazon.com/dp/B0CYSS11DP | K117: =HYPERLINK(J117) -> https://amazon.com/dp/B0CYSS11DP
A118: Sewer Camera 100FT, Can Connect External Monitor, Zoom in and Out, IP68 Waterproof, 12 pcs Adjustable Light, Plumbing Snake Cam with DVR Pipe Video Inspection, for Sewer Line, Drain, Duct, Plumbing | B118: B07PWZ3KKF | C118: 439.99 | D118: 41409.48 | E118: 3450.79 | F118: 108 | G118: 9 | H118: 519 | I118: 4.2 | J118: https://amazon.com/dp/B07PWZ3KKF | K118: =HYPERLINK(J118) -> https://amazon.com/dp/B07PWZ3KKF
A119: Anysun Sewer Camera with Locator, Pipe Camera with 512Hz Sonde Transmitter and Receiver, IP68 Waterproof Industrial Plumbing Endoscope Drain Snake Cam with 7" LCD Monitor, 8G SD Card (100Ft/30M Cable) | B119: B0B7MGGXJZ | C119: 800.99 | D119: 83506.8 | E119: 6958.9 | F119: 108 | G119: 9 | H119: 88 | I119: 4.3 | J119: https://amazon.com/dp/B0B7MGGXJZ | K119: =HYPERLINK(J119) -> https://amazon.com/dp/B0B7MGGXJZ
A120: Anysun Sewer Camera with 512hz sonde, Self Leveling Sewer Inspection Camera 150ft with 7MM Cable and Meter Marker, 9'' Monitor and DVR, 12 Adjustable Lights(32GB Card) | B120: B0CYSTX8HK | C120: 769.99 | D120: 78442.08 | E120: 6536.84 | F120: 108 | G120: 9 | H120: 15 | I120: 4.2 | J120: https://amazon.com/dp/B0CYSTX8HK | K120: =HYPERLINK(J120) -> https://amazon.com/dp/B0CYSTX8HK
A121: Self-Leveling Sewer Camera 100FT, Anysun 9" HD Screen Pipe Borescope Drain Inspection with 12pcs LED Light, DVR Recorder with 32GB Card, IP68 Waterproof Plumbing Cam, 7mm Cable with Meter Marks | B121: B0BJKTWZBV | C121: 599.99 | D121: 62509.2 | E121: 5209.1 | F121: 108 | G121: 9 | H121: 86 | I121: 4.3 | J121: https://amazon.com/dp/B0BJKTWZBV | K121: =HYPERLINK(J121) -> https://amazon.com/dp/B0BJKTWZBV
A122: Anysun 9" Replacement Screen for Sewer Camera Mode 9DX7, High-Resolution LCD Screen, Compatible with Anysun HBUDS Pipe Inspection Cameras System-CR110-9DX7 | B122: B0FY4YCYG7 | C122: 129.99 | D122: 12204.36 | E122: 1017.03 | F122: 96 | G122: 8 | J122: https://amazon.com/dp/B0FY4YCYG7 | K122: =HYPERLINK(J122) -> https://amazon.com/dp/B0FY4YCYG7
A123: Anysun 9" Replacement Screen for Sewer Camera Mode 9DX23, High-Resolution LCD Screen, Compatible with Anysun HBUDS Pipe Inspection Cameras System-CR110-9DX23 | B123: B0F1Y5TN2Q | C123: 129.99 | D123: 11994.12 | E123: 999.51 | F123: 96 | G123: 8 | J123: https://amazon.com/dp/B0F1Y5TN2Q | K123: =HYPERLINK(J123) -> https://amazon.com/dp/B0F1Y5TN2Q
A124: Anysun Sewer Inspection Camera - 100ft with 7" Monitor, DVR, 16GB Card, 12 Lights, Plumbing Pipe Camera for Plumber & Homeowner | B124: B0C3D9GLTK | C124: 399.99 | D124: 36038.52 | E124: 3003.21 | F124: 96 | G124: 8 | H124: 16 | I124: 4.8 | J124: https://amazon.com/dp/B0C3D9GLTK | K124: =HYPERLINK(J124) -> https://amazon.com/dp/B0C3D9GLTK
A125: Anysun Sewer Camera with Locator, Self Leveling Sewer Camera 100ft with Distance Counter, 10.1" HD Monitor with Keypad and 7MM Cable, 5X Zoom(16GB Card) | B125: B0DLW66T4W | C125: 999.99 | D125: 96581.76 | E125: 8048.48 | F125: 96 | G125: 8 | H125: 2 | I125: 4.5 | J125: https://amazon.com/dp/B0DLW66T4W | K125: =HYPERLINK(J125) -> https://amazon.com/dp/B0DLW66T4W
A126: Anysun 100ft Pipe Video Inspection Camera with 512Hz Sonde and Receiver, Waterproof Drain Plumbing Camera Snake with 7' LCD Monitor DVR Recorder (8GB SD Card Included) | B126: B093SVJZRZ | C126: 659.99 | D126: 68954.4 | E126: 5746.2 | F126: 96 | G126: 8 | H126: 154 | I126: 4.2 | J126: https://amazon.com/dp/B093SVJZRZ | K126: =HYPERLINK(J126) -> https://amazon.com/dp/B093SVJZRZ
A127: Sewer Camera with Self-Leveling, Can Connect External Monitor, Zoom in and Out, IP68 Waterproof, 12 pcs Adjustable Light, Plumbing Cam with DVR, for Sewer Line, Drain, Duct, Plumbing (100FT) | B127: B0CYH6NPFK | C127: 439.99 | D127: 36957.24 | E127: 3079.77 | F127: 84 | G127: 7 | H127: 519 | I127: 4.2 | J127: https://amazon.com/dp/B0CYH6NPFK | K127: =HYPERLINK(J127) -> https://amazon.com/dp/B0CYH6NPFK
A128: Sewer Camera, Can Connect External Monitor, Zoom in and Out, IP68 Waterproof, 12 pcs Adjustable Light, Plumbing Snake Cam with DVR Pipe Video Inspection, for Sewer Line, Drain, Duct, Plumbing(165FT) | B128: B07PBZZKJD | C128: 439.99 | D128: 36829.8 | E128: 3069.15 | F128: 84 | G128: 7 | H128: 519 | I128: 4.2 | J128: https://amazon.com/dp/B07PBZZKJD | K128: =HYPERLINK(J128) -> https://amazon.com/dp/B07PBZZKJD
A129: Anysun Sewer Camera Self-Leveling, Distance Counter, 7MM Diameter Cable, Microphone/DVR, 100FT/30M Sewer Pipe Inspection Camera with 9'' HD 1080P IPS Screen, Plumbing Camera IP68 Waterproof -32GB Card | B129: B0D7HQ7MQQ | C129: 659.99 | D129: 53578.08 | E129: 4464.84 | F129: 84 | G129: 7 | H129: 10 | I129: 4.8 | J129: https://amazon.com/dp/B0D7HQ7MQQ | K129: =HYPERLINK(J129) -> https://amazon.com/dp/B0D7HQ7MQQ
A130: Anysun Self Leveling Sewer Inspection Camera with Distance Counter, 7MM Thicker Cable, 100Ft with 9'' 1080P Screen & DVR, IP68 Waterproof Drain Pipe Camera Borescope with Light, 32GB Card | B130: B0D5M7WTV8 | C130: 699.99 | D130: 62562.6 | E130: 5213.55 | F130: 84 | G130: 7 | H130: 26 | I130: 4.4 | J130: https://amazon.com/dp/B0D5M7WTV8 | K130: =HYPERLINK(J130) -> https://amazon.com/dp/B0D5M7WTV8
A131: Anysun Sewer Inspection Camera with Locator, 165ft Pipe Camera with 512Hz Sonde Transmitter and Receiver, IP68 Waterproof Industrial Plumbing Endoscope Drain Snake Cam with 7" LCD Monitor | B131: B09441WDJ9 | C131: 880 | D131: 76979.64 | E131: 6414.97 | F131: 84 | G131: 7 | H131: 88 | I131: 4.3 | J131: https://amazon.com/dp/B09441WDJ9 | K131: =HYPERLINK(J131) -> https://amazon.com/dp/B09441WDJ9
A132: ANYSUN Sewer Camera's Accessories- 9' Screen (Model： 9DX) | B132: B0CNLB131J | C132: 129.99 | D132: 9505.44 | E132: 792.12 | F132: 72 | G132: 6 | H132: 2 | I132: 5 | J132: https://amazon.com/dp/B0CNLB131J | K132: =HYPERLINK(J132) -> https://amazon.com/dp/B0CNLB131J
A133: Sewer Camera with Locator, Anysun 165ft Pipe Video Inspection Camera with 512Hz Sonde and Receiver, 7” LCD Monitor DVR Recorder, IP68 Waterproof (8GB SD Card Included) | B133: B093SXC6X7 | C133: 699.99 | D133: 55775.88 | E133: 4647.99 | F133: 72 | G133: 6 | H133: 154 | I133: 4.2 | J133: https://amazon.com/dp/B093SXC6X7 | K133: =HYPERLINK(J133) -> https://amazon.com/dp/B093SXC6X7
A134: Anysun Self-Leveling Sewer Camera with 9'' Screen, 100ft 7mm Cable, Sewer Drain Video Inspection Camera with DVR Recorder and 32GB SD Card, Plumbing Snake Cam for Pipe Inspection | B134: B0FKB5FTTH | C134: 449.99 | D134: 33400.56 | E134: 2783.38 | F134: 72 | G134: 6 | H134: 3 | I134: 4.6 | J134: https://amazon.com/dp/B0FKB5FTTH | K134: =HYPERLINK(J134) -> https://amazon.com/dp/B0FKB5FTTH
A135: Anysun Sewer Camera - 1080P HD Drain Snake with 9" IPS Monitor and 100ft Cable, IP68 Waterproof Pipe Inspection Camera with DVR Recording and 16GB Memory Card | B135: B0BJ733KVW | C135: 459.99 | D135: 34752.36 | E135: 2896.03 | F135: 72 | G135: 6 | H135: 80 | I135: 4.3 | J135: https://amazon.com/dp/B0BJ733KVW | K135: =HYPERLINK(J135) -> https://amazon.com/dp/B0BJ733KVW
... A140: Anysun Sewer Camera with 512hz Sonde 150ft, Self Leveling Sewer Inspection Camera with Distance Counter, 7MM Diameter Cable with Trolley and Wheels, 9" HD Monitor with DVR Drain Pipe Camera(32GB Card) | B140: B0DNW97B3J | C140: 849.99 | D140: 50993.28 | E140: 4249.44 | F140: 60 | G140: 5 | H140: 2 | I140: 5 | J140: https://amazon.com/dp/B0DNW97B3J | K140: =HYPERLINK(J140) -> https://amazon.com/dp/B0DNW97B3J
A141: Anysun Sewer Camera Self Leveling 100ft, Sewer Inspection Camera with Meter Marker,HD Screen, DVR, 12 Adjustable LED Lights, 5mm Cable, 5100mAh Rechargeable Battery, 32GB Card | B141: B0FLPXZR53 | C141: 369.99 | D141: 21041.88 | E141: 1753.49 | F141: 60 | G141: 5 | J141: https://amazon.com/dp/B0FLPXZR53 | K141: =HYPERLINK(J141) -> https://amazon.com/dp/B0FLPXZR53
A142: Self-Leveling Sewer Camera 200FT, Anysun 9" HD Screen DVR Recorder with 32GB Card, IP68 Waterproof Plumbing Cam Pipe Borescope Drain Inspection with 12pcs LED Light, 7mm Cable with Meter Marks | B142: B0CBS872G4 | C142: 699.99 | D142: 38699.04 | E142: 3224.92 | F142: 60 | G142: 5 | H142: 86 | I142: 4.3 | J142: https://amazon.com/dp/B0CBS872G4 | K142: =HYPERLINK(J142) -> https://amazon.com/dp/B0CBS872G4
A143: Anysun Sewer Camera Self Leveling with Distance Counter, 7MM Thicker Cable, 165Ft/50M Pipe Inspection Camera with 9'' 1080P IPS Screen, Video Drain Camera IP68 Industrial Borescope Snake, 32GB Card | B143: B0D5M8F5Z3 | C143: 849.99 | D143: 55736.76 | E143: 4644.73 | F143: 60 | G143: 5 | H143: 26 | I143: 4.4 | J143: https://amazon.com/dp/B0D5M8F5Z3 | K143: =HYPERLINK(J143) -> https://amazon.com/dp/B0D5M8F5Z3
...

Sheet VEVOR
A1: #VALUE!
A7: Rank by Revenue
A8: Product Name | B8: ASIN | C8: Avg Price | D8: Estimated 12mo Revenue | E8: Monthly Rev | F8: Estimated 12mo Units | G8: Monthly Units | H8: # of Reviews | I8: Tool Rating | J8: Column1 | K8: Link
A9: VEVOR Sewer Inspection Camera, 300 ft/91.5 m, 9" Pipeline Camera w/DVR & 512Hz Locator, IP68 Waterproof, 12 LEDs, 16 GB SD Card for Sewer, Drain & Duct Pipe Plumbing | B9: B0CM3FBXJT | C9: 781.9 | D9: 1333750.1 | E9: 111145.84 | F9: 2244 | G9: 187 | H9: 25 | I9: 4.1 | J9: https://amazon.com/dp/B0CM3FBXJT | K9: =HYPERLINK(J9) -> https://amazon.com/dp/B0CM3FBXJT
A10: VEVOR Articulating Borescope Camera with Light, Two-Way Articulated Endoscope Inspection Camera with 6.4mm Tiny Lens, 5" IPS 1080P HD Screen, 8X Zoom, 8 LED Light Snake Cameras for Auto, Plumbing | B10: B0C9GR791B | C10: 102.99 | D10: 593201.76 | E10: 49433.48 | F10: 7200 | G10: 600 | H10: 470 | I10: 4.6 | J10: https://amazon.com/dp/B0C9GR791B | K10: =HYPERLINK(J10) -> https://amazon.com/dp/B0C9GR791B
A11: VEVOR Borescope Triple Lens Endoscope Camera with Light, 4.5" Screen 1080P Inspection Camera with 10 LED Light, IP67 Waterproof Drain Snake Cameras for Auto, Plumbing(16.5FT Cable, 32GB Card) | B11: B0BVMFYQNS | C11: 57.65 | D11: 346126.08 | E11: 28843.84 | F11: 6420 | G11: 535 | H11: 619 | I11: 4.5 | J11: https://amazon.com/dp/B0BVMFYQNS | K11: =HYPERLINK(J11) -> https://amazon.com/dp/B0BVMFYQNS
A12: VEVOR Sewer Camera with 512Hz Locator, 131 ft/40 m, 7" Pipeline Inspection kit with DVR Function, IP68, 12 Adjustable LEDs, A 16 GB SD Card for Sewer Line, Home, Duct Drain Pipe Plumbing | B12: B0C1B657ST | C12: 460.11 | D12: 311901.6 | E12: 25991.8 | F12: 672 | G12: 56 | H12: 175 | I12: 3.9 | J12: https://amazon.com/dp/B0C1B657ST | K12: =HYPERLINK(J12) -> https://amazon.com/dp/B0C1B657ST
A13: VEVOR Sewer Camera with 512Hz Locator, 98 ft/30 m, Self-Leveling Drain Inspection Camera with 9" 1080P HD Screen, 36X Zoom, Snake Plumbing Cameras with Lights-12 LED, 32GB SD Card for Duct Pipe | B13: B0DNMF126P | C13: 699.99 | D13: 287234.76 | E13: 23936.23 | F13: 540 | G13: 45 | H13: 16 | I13: 3.4 | J13: https://amazon.com/dp/B0DNMF126P | K13: =HYPERLINK(J13) -> https://amazon.com/dp/B0DNMF126P
A14: VEVOR Sewer Camera, 98.4 ft/30 m, 4.3" Pipe Drain Inspection Camera with DVR Function and LED Lights, Waterproof IP68 Borescope, Industrial Endoscope for Home Wall Duct Drain Pipe Plumbing | B14: B0CYPV6964 | C14: 220.9 | D14: 244437.24 | E14: 20369.77 | F14: 1104 | G14: 92 | H14: 89 | I14: 4.2 | J14: https://amazon.com/dp/B0CYPV6964 | K14: =HYPERLINK(J14) -> https://amazon.com/dp/B0CYPV6964
A15: VEVOR Sewer Camera with 512Hz Locator,165 ft/50 m, Self-Leveling Drain Inspection Camera with 9" 1080P HD Screen, 36X Zoom, Snake Plumbing Cameras with Lights-12 LED, 32GB SD Card for Duct Pipe | B15: B0DNMHPJR6 | C15: 799.99 | D15: 152095.92 | E15: 12674.66 | F15: 192 | G15: 16 | H15: 16 | I15: 3.4 | J15: https://amazon.com/dp/B0DNMHPJR6 | K15: =HYPERLINK(J15) -> https://amazon.com/dp/B0DNMHPJR6
A16: VEVOR Endoscope Camera with Light, Dual Lens Industrial Borescope, 4.3" Screen 1080P Inspection Tool, 8 + 1 Lights, 4X Zoom, IP67 Waterproof Snake Camera for Auto, Plumbing (16.4FT Cable, 32GB Card) | B16: B0DJGFL6B8 | C16: 45.99 | D16: 137924.76 | E16: 11493.73 | F16: 3756 | G16: 313 | H16: 207 | I16: 4.4 | J16: https://amazon.com/dp/B0DJGFL6B8 | K16: =HYPERLINK(J16) -> https://amazon.com/dp/B0DJGFL6B8
A17: VEVOR Inspection Camera with Light, Screen Industrial Borescope, 1080P HD Split Screen, LED Lights Scope Camera for Automotive, Plumbing (4.3inch IPS Screen-49.2FT) | B17: B0DJGFZQ5X | C17: 59.99 | D17: 128401.44 | E17: 10700.12 | F17: 2436 | G17: 203 | H17: 615 | I17: 4.5 | J17: https://amazon.com/dp/B0DJGFZQ5X | K17: =HYPERLINK(J17) -> https://amazon.com/dp/B0DJGFZQ5X
A18: VEVOR Sewer Camera, 165 ft/50m, Self-Leveling Drain Camera with 512Hz Transmitter, Distance Counter, 9" Screen 1080P HD Snake Plumbing Cameras with Lights-12 LED & 32GB Card for Duct Pipe | B18: B0DNMGM6MH | C18: 699.99 | D18: 119788.8 | E18: 9982.4 | F18: 168 | G18: 14 | H18: 4 | I18: 4.8 | J18: https://amazon.com/dp/B0DNMGM6MH | K18: =HYPERLINK(J18) -> https://amazon.com/dp/B0DNMGM6MH
A19: VEVOR Sewer Camera 165ft/50m with 9" Screen, DVR, IP68 Waterproof, 12 LEDs, 16GB SD Card for Sewer Lines, Home Drain Pipes, Ducts & Plumbing | B19: B0BV2SYJDK | C19: 467.99 | D19: 105098.52 | E19: 8758.21 | F19: 240 | G19: 20 | H19: 80 | I19: 4.1 | J19: https://amazon.com/dp/B0BV2SYJDK | K19: =HYPERLINK(J19) -> https://amazon.com/dp/B0BV2SYJDK
A20: VEVOR Endoscope Camera with Light, Triple Lens Borescope with 49.2FT Semi-Rigid Cable, 5" Screen 1080P Inspection Camera, 8 + 2 LED Lights, IP67 Waterproof Snake Cameras for Auto, Plumbing (32GB Card) | B20: B0DGTFVHF3 | C20: 59.99 | D20: 98361.12 | E20: 8196.76 | F20: 1956 | G20: 163 | H20: 283 | I20: 4.2 | J20: https://amazon.com/dp/B0DGTFVHF3 | K20: =HYPERLINK(J20) -> https://amazon.com/dp/B0DGTFVHF3
... A39: VEVOR Endoscope Camera with 49.2FT Semi-Rigid Cable, 1920P HD Borescope for Android & iOS, Industrial Inspection Tool with Light - 8 LED, 2X Zoom, IP67 Waterproof Snake Camera for Auto, Plumbing | B39: B0F6WZPTJZ | C39: 26.9 | D39: 2308.68 | E39: 192.39 | F39: 60 | G39: 5 | H39: 40 | I39: 3.8 | J39: https://amazon.com/dp/B0F6WZPTJZ | K39: =HYPERLINK(J39) -> https://amazon.com/dp/B0F6WZPTJZ
A40: VEVOR Sewer Camera with 512Hz Locator,100 ft/30 m, 7" Pipeline Inspection Kit with DVR Function, IP68, 12 Adjustable LEDs, A 16 GB SD Card for Sewer Line, Home, Duct Drain Pipe Plumbing | B40: B0C1BN96WB | C40: 467.9 | F40: 0 | G40: 0 | H40: 173 | I40: 3.9 | J40: https://amazon.com/dp/B0C1BN96WB | K40: =HYPERLINK(J40) -> https://amazon.com/dp/B0C1BN96WB
A41: VEVOR Sewer Camera, 328ft/100m Cable, Waterproof IP68 Sewer Video Inspection Equipment, Drain Camera with 16 GB SD Card, DVR Function, 720P 9" LCD Monitor, LED Lights | B41: B0B3R4L85C | C41: 475.99 | F41: 0 | G41: 0 | H41: 84 | I41: 3.9 | J41: https://amazon.com/dp/B0B3R4L85C | K41: =HYPERLINK(J41) -> https://amazon.com/dp/B0B3R4L85C
A42: VEVOR 165 ft/50m Self-Leveling Pipeline Inspection Camera with 9" 1080P HD Screen, 36X Zoom, IP68 Waterproof, 32GB Card, Black | B42: B0DNYTF8L4 | C42: 443.99 | F42: 0 | G42: 0 | H42: 6 | I42: 3.5 | J42: https://amazon.com/dp/B0DNYTF8L4 | K42: =HYPERLINK(J42) -> https://amazon.com/dp/B0DNYTF8L4
A44: Total | D44: =SUM(D9:D43) -> 4631040.1 | E44: =SUM(E9:E43) -> 385920.01
A47: Rank by Units
A48: Product Name | B48: ASIN | C48: Avg Price | D48: Estimated 12mo Revenue | E48: Monthly Rev | F48: Estimated 12mo Units | G48: Monthly Units | H48: # of Reviews | I48: Tool Rating | J48: Column1 | K48: Link
A49: VEVOR Articulating Borescope Camera with Light, Two-Way Articulated Endoscope Inspection Camera with 6.4mm Tiny Lens, 5" IPS 1080P HD Screen, 8X Zoom, 8 LED Light Snake Cameras for Auto, Plumbing | B49: B0C9GR791B | C49: 102.99 | D49: 593201.76 | E49: 49433.48 | F49: 7200 | G49: 600 | H49: 470 | I49: 4.6 | J49: https://amazon.com/dp/B0C9GR791B | K49: =HYPERLINK(J49) -> https://amazon.com/dp/B0C9GR791B
A50: VEVOR Borescope Triple Lens Endoscope Camera with Light, 4.5" Screen 1080P Inspection Camera with 10 LED Light, IP67 Waterproof Drain Snake Cameras for Auto, Plumbing(16.5FT Cable, 32GB Card) | B50: B0BVMFYQNS | C50: 57.65 | D50: 346126.08 | E50: 28843.84 | F50: 6420 | G50: 535 | H50: 619 | I50: 4.5 | J50: https://amazon.com/dp/B0BVMFYQNS | K50: =HYPERLINK(J50) -> https://amazon.com/dp/B0BVMFYQNS
A51: VEVOR Endoscope Camera with Light, Dual Lens Industrial Borescope, 4.3" Screen 1080P Inspection Tool, 8 + 1 Lights, 4X Zoom, IP67 Waterproof Snake Camera for Auto, Plumbing (16.4FT Cable, 32GB Card) | B51: B0DJGFL6B8 | C51: 45.99 | D51: 137924.76 | E51: 11493.73 | F51: 3756 | G51: 313 | H51: 207 | I51: 4.4 | J51: https://amazon.com/dp/B0DJGFL6B8 | K51: =HYPERLINK(J51) -> https://amazon.com/dp/B0DJGFL6B8
A52: VEVOR Inspection Camera with Light, Screen Industrial Borescope, 1080P HD Split Screen, LED Lights Scope Camera for Automotive, Plumbing (4.3inch IPS Screen-49.2FT) | B52: B0DJGFZQ5X | C52: 59.99 | D52: 128401.44 | E52: 10700.12 | F52: 2436 | G52: 203 | H52: 615 | I52: 4.5 | J52: https://amazon.com/dp/B0DJGFZQ5X | K52: =HYPERLINK(J52) -> https://amazon.com/dp/B0DJGFZQ5X
A53: VEVOR Sewer Inspection Camera, 300 ft/91.5 m, 9" Pipeline Camera w/DVR & 512Hz Locator, IP68 Waterproof, 12 LEDs, 16 GB SD Card for Sewer, Drain & Duct Pipe Plumbing | B53: B0CM3FBXJT | C53: 781.9 | D53: 1333750.1 | E53: 111145.84 | F53: 2244 | G53: 187 | H53: 25 | I53: 4.1 | J53: https://amazon.com/dp/B0CM3FBXJT | K53: =HYPERLINK(J53) -> https://amazon.com/dp/B0CM3FBXJT
A54: VEVOR Endoscope Camera with Light, Triple Lens Borescope with 49.2FT Semi-Rigid Cable, 5" Screen 1080P Inspection Camera, 8 + 2 LED Lights, IP67 Waterproof Snake Cameras for Auto, Plumbing (32GB Card) | B54: B0DGTFVHF3 | C54: 59.99 | D54: 98361.12 | E54: 8196.76 | F54: 1956 | G54: 163 | H54: 283 | I54: 4.2 | J54: https://amazon.com/dp/B0DGTFVHF3 | K54: =HYPERLINK(J54) -> https://amazon.com/dp/B0DGTFVHF3
A55: VEVOR Endoscope Camera with Light, Triple Lens Industrial Borescope, 5" Screen 1080P Inspection Camera, 8 + 2 Lights, IP67 Waterproof Snake Cameras for Automotive, Plumbing (16.4FT Cable, 32GB Card) | B55: B0DHRTVQZB | C55: 62.99 | D55: 80508 | E55: 6709 | F55: 1536 | G55: 128 | H55: 207 | I55: 4.4 | J55: https://amazon.com/dp/B0DHRTVQZB | K55: =HYPERLINK(J55) -> https://amazon.com/dp/B0DHRTVQZB
A56: VEVOR Sewer Camera, 98.4 ft/30 m, 4.3" Pipe Drain Inspection Camera with DVR Function and LED Lights, Waterproof IP68 Borescope, Industrial Endoscope for Home Wall Duct Drain Pipe Plumbing | B56: B0CYPV6964 | C56: 220.9 | D56: 244437.24 | E56: 20369.77 | F56: 1104 | G56: 92 | H56: 89 | I56: 4.2 | J56: https://amazon.com/dp/B0CYPV6964 | K56: =HYPERLINK(J56) -> https://amazon.com/dp/B0CYPV6964
A57: VEVOR Sewer Camera with 512Hz Locator, 131 ft/40 m, 7" Pipeline Inspection kit with DVR Function, IP68, 12 Adjustable LEDs, A 16 GB SD Card for Sewer Line, Home, Duct Drain Pipe Plumbing | B57: B0C1B657ST | C57: 460.11 | D57: 311901.6 | E57: 25991.8 | F57: 672 | G57: 56 | H57: 175 | I57: 3.9 | J57: https://amazon.com/dp/B0C1B657ST | K57: =HYPERLINK(J57) -> https://amazon.com/dp/B0C1B657ST
A58: VEVOR Sewer Camera with 512Hz Locator, 98 ft/30 m, Self-Leveling Drain Inspection Camera with 9" 1080P HD Screen, 36X Zoom, Snake Plumbing Cameras with Lights-12 LED, 32GB SD Card for Duct Pipe | B58: B0DNMF126P | C58: 699.99 | D58: 287234.76 | E58: 23936.23 | F58: 540 | G58: 45 | H58: 16 | I58: 3.4 | J58: https://amazon.com/dp/B0DNMF126P | K58: =HYPERLINK(J58) -> https://amazon.com/dp/B0DNMF126P
A59: VEVOR Sewer Camera, 98 ft/30m, 4.3" Drain Inspection Tool, IP68 Waterproof Snake Plumbing Camera with Lights - 6 Adjustable LEDs, 4500mAh Battery & 16GB Card for Sewer Line Duct Pipes | B59: B0FPBZ2R5N | C59: 215.99 | D59: 92489.04 | E59: 7707.42 | F59: 468 | G59: 39 | H59: 31 | I59: 4.1 | J59: https://amazon.com/dp/B0FPBZ2R5N | K59: =HYPERLINK(J59) -> https://amazon.com/dp/B0FPBZ2R5N
A60: VEVOR Triple Lens Inspection Camera with Light, 5" IPS Screen Industrial Borescope, 8X Zoom 1080P HD Split Screen, 10 LED Lights Scope Camera for Automotive, Plumbing(16.5FT) | B60: B0C2Z9ZK9F | C60: 73.99 | D60: 23305.56 | E60: 1942.13 | F60: 324 | G60: 27 | H60: 281 | I60: 4.2 | J60: https://amazon.com/dp/B0C2Z9ZK9F | K60: =HYPERLINK(J60) -> https://amazon.com/dp/B0C2Z9ZK9F
... A79: VEVOR 100 ft/30 m Drain Inspection Camera with 7" Screen, IP68 Waterproof, 12 LED Lights, 16GB SD Card for Sewer Line, Duct Drain Pipe Plumbing | B79: B0DZ66K1CC | C79: 279.99 | D79: 10900.2 | E79: 908.35 | F79: 48 | G79: 4 | H79: 4 | I79: 2.8 | J79: https://amazon.com/dp/B0DZ66K1CC | K79: =HYPERLINK(J79) -> https://amazon.com/dp/B0DZ66K1CC
A80: VEVOR 165 ft/50m Self-Leveling Pipeline Inspection Camera with 9" 1080P HD Screen, 36X Zoom, IP68 Waterproof, 32GB Card, Black | B80: B0DNYTF8L4 | C80: 443.99 | F80: 0 | G80: 0 | H80: 6 | I80: 3.5 | J80: https://amazon.com/dp/B0DNYTF8L4 | K80: =HYPERLINK(J80) -> https://amazon.com/dp/B0DNYTF8L4
A81: VEVOR Sewer Camera, 328ft/100m Cable, Waterproof IP68 Sewer Video Inspection Equipment, Drain Camera with 16 GB SD Card, DVR Function, 720P 9" LCD Monitor, LED Lights | B81: B0B3R4L85C | C81: 475.99 | F81: 0 | G81: 0 | H81: 84 | I81: 3.9 | J81: https://amazon.com/dp/B0B3R4L85C | K81: =HYPERLINK(J81) -> https://amazon.com/dp/B0B3R4L85C
A82: VEVOR Sewer Camera with 512Hz Locator,100 ft/30 m, 7" Pipeline Inspection Kit with DVR Function, IP68, 12 Adjustable LEDs, A 16 GB SD Card for Sewer Line, Home, Duct Drain Pipe Plumbing | B82: B0C1BN96WB | C82: 467.9 | F82: 0 | G82: 0 | H82: 173 | I82: 3.9 | J82: https://amazon.com/dp/B0C1BN96WB | K82: =HYPERLINK(J82) -> https://amazon.com/dp/B0C1BN96WB
A84: Total | F84: =SUM(VEVOR!F49:F83) -> 31488 | G84: =SUM(VEVOR!G49:G83) -> 2624

Sheet Anykit
A1: #VALUE!
A7: Rank by Revenue
A8: Product Name | B8: ASIN | C8: Avg Price | D8: Estimated 12mo Revenue | E8: Monthly Rev | F8: Estimated 12mo Units | G8: Monthly Units | H8: # of Reviews | I8: Tool Rating | J8: Column1 | K8: Link
A9: Anykit Articulating Borescope, 210° Two-Way 0.22in Slim Probe Endoscope with High-Brightness LED Lights, 4.3" IPS HD Video Inspection Snake Camera for Automotive Engine Inspect - 4FT | B9: B0FGJ8WVGP | C9: 72.99 | D9: 503011.68 | E9: 41917.64 | F9: 7560 | G9: 630 | H9: 34 | I9: 4.6 | J9: https://amazon.com/dp/B0FGJ8WVGP | K9: =HYPERLINK(J9) -> https://amazon.com/dp/B0FGJ8WVGP
A10: Borescope Inspection with Light, Industrial Endoscope Camera with 4.3” HD Screen, Waterproof Digital Snake Camera, Semi-Rigid Cable Bore Scope for Home Pipe, Engine, Inside Wall, Duct (11.5 FT) | B10: B0C9L96KF7 | C10: 39.99 | D10: 353871.72 | E10: 29489.31 | F10: 8304 | G10: 692 | H10: 598 | I10: 4.5 | J10: https://amazon.com/dp/B0C9L96KF7 | K10: =HYPERLINK(J10) -> https://amazon.com/dp/B0C9L96KF7
A11: Anykit USB Endoscope Camera with 8 Adjustable LED Lights, Borescope with Semi-Rigid Snake Camera, IP67 Waterproof Inspection Cam Compatible with iPhone and Android Devices (9.8 ft) | B11: B0DQW68W1T | C11: 27.99 | D11: 314760.36 | E11: 26230.03 | F11: 11256 | G11: 938 | H11: 255 | I11: 4.5 | J11: https://amazon.com/dp/B0DQW68W1T | K11: =HYPERLINK(J11) -> https://amazon.com/dp/B0DQW68W1T
A12: Anykit Two-Way Articulating Borescope with Light, 1080P HD Articulating Borescope with Semi-Rigid Snake Camera, Flexible Snake Scope for Wall Automotive, IP67 Waterproof Inspection, 3.9FT | B12: B0FLNCK645 | C12: 55.99 | D12: 280636.08 | E12: 23386.34 | F12: 4872 | G12: 406 | H12: 46 | I12: 4.7 | J12: https://amazon.com/dp/B0FLNCK645 | K12: =HYPERLINK(J12) -> https://amazon.com/dp/B0FLNCK645
A13: Anykit USB Endoscope Camera with 8 Adjustable LED Lights, Borescope with Semi-Rigid Snake Camera, IP67 Waterproof Inspection Cam Compatible with iPhone and Android Devices (50 ft) | B13: B0FGDC15DP | C13: 49.99 | D13: 259798.8 | E13: 21649.9 | F13: 5352 | G13: 446 | H13: 255 | I13: 4.5 | J13: https://amazon.com/dp/B0FGDC15DP | K13: =HYPERLINK(J13) -> https://amazon.com/dp/B0FGDC15DP
A14: Anykit Dual Lens Endoscope Camera with Adjustable Lights, Type C Borescope for Sewer, IP67 Waterproof Semi-Rigid Snake Camera, 1080HD Industrial Scope Inspection Cam, Gadgets for Men(16.5 ft) | B14: B0CKPG2P7F | C14: 16.1 | D14: 237107.76 | E14: 19758.98 | F14: 12036 | G14: 1003 | H14: 151 | I14: 4.5 | J14: https://amazon.com/dp/B0CKPG2P7F | K14: =HYPERLINK(J14) -> https://amazon.com/dp/B0CKPG2P7F
A15: Anykit Dual Lens Endoscope Camera, Type-C Borescope with 8 Adjustable LED Lights, IP67 Waterproof 16.5ft Semi-Rigid Snake Cord Inspection Camera Compatible with Type C iPhone 15 & Android Phone | B15: B0C9C4H2ZH | C15: 26.15 | D15: 133592.88 | E15: 11132.74 | F15: 3576 | G15: 298 | H15: 727 | I15: 4.4 | J15: https://amazon.com/dp/B0C9C4H2ZH | K15: =HYPERLINK(J15) -> https://amazon.com/dp/B0C9C4H2ZH
A16: Anykit Dual Lens Borescope,1080P Industrial Endoscope with Light, IP67 Waterproof Inspection Cam, Sewer Camera with 4.0" IPS Screen, Waterproof 16.5ft Snake Camera, 32GB Card | B16: B0C9L5V3J9 | C16: 79.99 | D16: 110436.36 | E16: 9203.03 | F16: 1380 | G16: 115 | H16: 141 | I16: 4.4 | J16: https://amazon.com/dp/B0C9L5V3J9 | K16: =HYPERLINK(J16) -> https://amazon.com/dp/B0C9L5V3J9
A17: Anykit Dual Lens Endoscope Camera, Type-C Borescope with 8 Adjustable LED Lights, IP67 Waterproof 10ft Semi-Rigid Snake Cord Inspection Camera Compatible with Type C iPhone 15 & Android Phone | B17: B0C9D8MTNC | C17: 25.19 | D17: 98095.92 | E17: 8174.66 | F17: 2688 | G17: 224 | H17: 723 | I17: 4.4 | J17: https://amazon.com/dp/B0C9D8MTNC | K17: =HYPERLINK(J17) -> https://amazon.com/dp/B0C9D8MTNC
A18: Anykit 360° 4 Ways Articulating Borescope, Industrial Endoscope with 0.26 in Articulated Snake Camera, Inspection Camera with 6 Adjustable LED Lights Compatible with Phone and Android - 3.3 FT | B18: B0B74SDPH4 | C18: 472.46 | D18: 64182.48 | E18: 5348.54 | F18: 180 | G18: 15 | H18: 84 | I18: 4.2 | J18: https://amazon.com/dp/B0B74SDPH4 | K18: =HYPERLINK(J18) -> https://amazon.com/dp/B0B74SDPH4
A19: Anykit Borescope Inspection Camera with Light, Industrial Endoscope Camera with 0.3 Slim Probe, 4.3” HD Screen Digital Snake Cam, Semi-Rigid Cable Bore Scope for Pipe, Engine, Inside Wall (33 FT) | B19: B0DCNM5MGW | C19: 49.98 | D19: 39294.6 | E19: 3274.55 | F19: 792 | G19: 66 | H19: 601 | I19: 4.5 | J19: https://amazon.com/dp/B0DCNM5MGW | K19: =HYPERLINK(J19) -> https://amazon.com/dp/B0DCNM5MGW
A20: Anykit 360° Articulated Engine Endoscope, Aviation Hole Sight with 0.25" Convertible Snake Camera, 5" IPS Video Check Camera with Light for Mechanic Maintenance Technician - 3.28' | B20: B0DZMN1941 | C20: 199.99 | D20: 17047.8 | E20: 1420.65 | F20: 84 | G20: 7 | H20: 3 | I20: 4.6 | J20: https://amazon.com/dp/B0DZMN1941 | K20: =HYPERLINK(J20) -> https://amazon.com/dp/B0DZMN1941
A21: Anykit Endoscope Camera with Light,1080P Dual Lens Endoscope，6" IPS Screen Borescope, Plumbing Snake Inspection Camera with Split Screen, 32GB Card, Plumbing Snake Camera for Home (16.5FT) | B21: B0CHH8NY8G | C21: 119.99 | D21: 4022.04 | E21: 335.17 | F21: 36 | G21: 3 | H21: 22 | I21: 4.7 | J21: https://amazon.com/dp/B0CHH8NY8G | K21: =HYPERLINK(J21) -> https://amazon.com/dp/B0CHH8NY8G
A22: Anykit Dual Lens Endoscope Camera with Adjustable Lights, Type C Borescope for Sewer, IP67 Waterproof Semi-Rigid Snake Cameras, 1080HD Industrial Scope Inspection Camera, Gadgets for Men(9.8 ft) | B22: B0CKPHBXXT | C22: 16.1 | F22: 0 | G22: 0 | H22: 151 | I22: 4.5 | J22: https://amazon.com/dp/B0CKPHBXXT | K22: =HYPERLINK(J22) -> https://amazon.com/dp/B0CKPHBXXT
A23: Anykit 1.0MP 1080P Borescope with 8 LED Lights, Endoscope with 3.3ft Semi-Rigid Snake Camera, IP67 Waterproof Inspection Camera for Phone and Tablet | B23: B0CKPG4WCV | C23: 16.1 | F23: 0 | G23: 0 | H23: 151 | I23: 4.5 | J23: https://amazon.com/dp/B0CKPG4WCV | K23: =HYPERLINK(J23) -> https://amazon.com/dp/B0CKPG4WCV
A24: Anykit 360° 4 Ways Articulating Borescope, Industrial Endoscope with 0.26 in Articulated Snake Camera, Inspection Camera with 6 Adjustable LED Lights Compatible with Phone and Android - 3.3 FT | B24: B0G1MM25PR | C24: 169.99 | F24: 0 | G24: 0 | J24: https://amazon.com/dp/B0G1MM25PR | K24: =HYPERLINK(J24) -> https://amazon.com/dp/B0G1MM25PR
A25: Dual Lens Borescope Inspection Cam, Anykit 7.9mm Endoscope Camera with 4.0" IPS Screen, Sewer Cam Adjustble LED Lights, IP67 Waterproof Snake Camera 16.5ft Semi-Rigid Cable 32GB Card | B25: B0CN69DJFX | C25: 33.99 | F25: 0 | G25: 0 | H25: 141 | I25: 4.4 | J25: https://amazon.com/dp/B0CN69DJFX | K25: =HYPERLINK(J25) -> https://amazon.com/dp/B0CN69DJFX
A26: Total | D26: =SUM(D9:D25) -> 2415858.5 | E26: =SUM(E9:E25) -> 201321.54
A29: Rank by Units
A30: Product Name | B30: ASIN | C30: Avg Price | D30: Estimated 12mo Revenue | E30: Monthly Rev | F30: Estimated 12mo Units | G30: Monthly Units | H30: # of Reviews | I30: Tool Rating | J30: Column1 | K30: Link
A31: Anykit Dual Lens Endoscope Camera with Adjustable Lights, Type C Borescope for Sewer, IP67 Waterproof Semi-Rigid Snake Camera, 1080HD Industrial Scope Inspection Cam, Gadgets for Men(16.5 ft) | B31: B0CKPG2P7F | C31: 16.1 | D31: 237107.76 | E31: 19758.98 | F31: 12036 | G31: 1003 | H31: 151 | I31: 4.5 | J31: https://amazon.com/dp/B0CKPG2P7F | K31: =HYPERLINK(J31) -> https://amazon.com/dp/B0CKPG2P7F
A32: Anykit USB Endoscope Camera with 8 Adjustable LED Lights, Borescope with Semi-Rigid Snake Camera, IP67 Waterproof Inspection Cam Compatible with iPhone and Android Devices (9.8 ft) | B32: B0DQW68W1T | C32: 27.99 | D32: 314760.36 | E32: 26230.03 | F32: 11256 | G32: 938 | H32: 255 | I32: 4.5 | J32: https://amazon.com/dp/B0DQW68W1T | K32: =HYPERLINK(J32) -> https://amazon.com/dp/B0DQW68W1T
A33: Borescope Inspection with Light, Industrial Endoscope Camera with 4.3” HD Screen, Waterproof Digital Snake Camera, Semi-Rigid Cable Bore Scope for Home Pipe, Engine, Inside Wall, Duct (11.5 FT) | B33: B0C9L96KF7 | C33: 39.99 | D33: 353871.72 | E33: 29489.31 | F33: 8304 | G33: 692 | H33: 598 | I33: 4.5 | J33: https://amazon.com/dp/B0C9L96KF7 | K33: =HYPERLINK(J33) -> https://amazon.com/dp/B0C9L96KF7
A34: Anykit Articulating Borescope, 210° Two-Way 0.22in Slim Probe Endoscope with High-Brightness LED Lights, 4.3" IPS HD Video Inspection Snake Camera for Automotive Engine Inspect - 4FT | B34: B0FGJ8WVGP | C34: 72.99 | D34: 503011.68 | E34: 41917.64 | F34: 7560 | G34: 630 | H34: 34 | I34: 4.6 | J34: https://amazon.com/dp/B0FGJ8WVGP | K34: =HYPERLINK(J34) -> https://amazon.com/dp/B0FGJ8WVGP
A35: Anykit USB Endoscope Camera with 8 Adjustable LED Lights, Borescope with Semi-Rigid Snake Camera, IP67 Waterproof Inspection Cam Compatible with iPhone and Android Devices (50 ft) | B35: B0FGDC15DP | C35: 49.99 | D35: 259798.8 | E35: 21649.9 | F35: 5352 | G35: 446 | H35: 255 | I35: 4.5 | J35: https://amazon.com/dp/B0FGDC15DP | K35: =HYPERLINK(J35) -> https://amazon.com/dp/B0FGDC15DP
A36: Anykit Two-Way Articulating Borescope with Light, 1080P HD Articulating Borescope with Semi-Rigid Snake Camera, Flexible Snake Scope for Wall Automotive, IP67 Waterproof Inspection, 3.9FT | B36: B0FLNCK645 | C36: 55.99 | D36: 280636.08 | E36: 23386.34 | F36: 4872 | G36: 406 | H36: 46 | I36: 4.7 | J36: https://amazon.com/dp/B0FLNCK645 | K36: =HYPERLINK(J36) -> https://amazon.com/dp/B0FLNCK645
A37: Anykit Dual Lens Endoscope Camera, Type-C Borescope with 8 Adjustable LED Lights, IP67 Waterproof 16.5ft Semi-Rigid Snake Cord Inspection Camera Compatible with Type C iPhone 15 & Android Phone | B37: B0C9C4H2ZH | C37: 26.15 | D37: 133592.88 | E37: 11132.74 | F37: 3576 | G37: 298 | H37: 727 | I37: 4.4 | J37: https://amazon.com/dp/B0C9C4H2ZH | K37: =HYPERLINK(J37) -> https://amazon.com/dp/B0C9C4H2ZH
A38: Anykit Dual Lens Endoscope Camera, Type-C Borescope with 8 Adjustable LED Lights, IP67 Waterproof 10ft Semi-Rigid Snake Cord Inspection Camera Compatible with Type C iPhone 15 & Android Phone | B38: B0C9D8MTNC | C38: 25.19 | D38: 98095.92 | E38: 8174.66 | F38: 2688 | G38: 224 | H38: 723 | I38: 4.4 | J38: https://amazon.com/dp/B0C9D8MTNC | K38: =HYPERLINK(J38) -> https://amazon.com/dp/B0C9D8MTNC
A39: Anykit Dual Lens Borescope,1080P Industrial Endoscope with Light, IP67 Waterproof Inspection Cam, Sewer Camera with 4.0" IPS Screen, Waterproof 16.5ft Snake Camera, 32GB Card | B39: B0C9L5V3J9 | C39: 79.99 | D39: 110436.36 | E39: 9203.03 | F39: 1380 | G39: 115 | H39: 141 | I39: 4.4 | J39: https://amazon.com/dp/B0C9L5V3J9 | K39: =HYPERLINK(J39) -> https://amazon.com/dp/B0C9L5V3J9
A40: Anykit Borescope Inspection Camera with Light, Industrial Endoscope Camera with 0.3 Slim Probe, 4.3” HD Screen Digital Snake Cam, Semi-Rigid Cable Bore Scope for Pipe, Engine, Inside Wall (33 FT) | B40: B0DCNM5MGW | C40: 49.98 | D40: 39294.6 | E40: 3274.55 | F40: 792 | G40: 66 | H40: 601 | I40: 4.5 | J40: https://amazon.com/dp/B0DCNM5MGW | K40: =HYPERLINK(J40) -> https://amazon.com/dp/B0DCNM5MGW
A41: Anykit 360° 4 Ways Articulating Borescope, Industrial Endoscope with 0.26 in Articulated Snake Camera, Inspection Camera with 6 Adjustable LED Lights Compatible with Phone and Android - 3.3 FT | B41: B0B74SDPH4 | C41: 472.46 | D41: 64182.48 | E41: 5348.54 | F41: 180 | G41: 15 | H41: 84 | I41: 4.2 | J41: https://amazon.com/dp/B0B74SDPH4 | K41: =HYPERLINK(J41) -> https://amazon.com/dp/B0B74SDPH4
A42: Anykit 360° Articulated Engine Endoscope, Aviation Hole Sight with 0.25" Convertible Snake Camera, 5" IPS Video Check Camera with Light for Mechanic Maintenance Technician - 3.28' | B42: B0DZMN1941 | C42: 199.99 | D42: 17047.8 | E42: 1420.65 | F42: 84 | G42: 7 | H42: 3 | I42: 4.6 | J42: https://amazon.com/dp/B0DZMN1941 | K42: =HYPERLINK(J42) -> https://amazon.com/dp/B0DZMN1941
A43: Anykit Endoscope Camera with Light,1080P Dual Lens Endoscope，6" IPS Screen Borescope, Plumbing Snake Inspection Camera with Split Screen, 32GB Card, Plumbing Snake Camera for Home (16.5FT) | B43: B0CHH8NY8G | C43: 119.99 | D43: 4022.04 | E43: 335.17 | F43: 36 | G43: 3 | H43: 22 | I43: 4.7 | J43: https://amazon.com/dp/B0CHH8NY8G | K43: =HYPERLINK(J43) -> https://amazon.com/dp/B0CHH8NY8G
A44: Anykit Dual Lens Endoscope Camera with Adjustable Lights, Type C Borescope for Sewer, IP67 Waterproof Semi-Rigid Snake Cameras, 1080HD Industrial Scope Inspection Camera, Gadgets for Men(9.8 ft) | B44: B0CKPHBXXT | C44: 16.1 | F44: 0 | G44: 0 | H44: 151 | I44: 4.5 | J44: https://amazon.com/dp/B0CKPHBXXT | K44: =HYPERLINK(J44) -> https://amazon.com/dp/B0CKPHBXXT
A45: Anykit 1.0MP 1080P Borescope with 8 LED Lights, Endoscope with 3.3ft Semi-Rigid Snake Camera, IP67 Waterproof Inspection Camera for Phone and Tablet | B45: B0CKPG4WCV | C45: 16.1 | F45: 0 | G45: 0 | H45: 151 | I45: 4.5 | J45: https://amazon.com/dp/B0CKPG4WCV | K45: =HYPERLINK(J45) -> https://amazon.com/dp/B0CKPG4WCV
A46: Anykit 360° 4 Ways Articulating Borescope, Industrial Endoscope with 0.26 in Articulated Snake Camera, Inspection Camera with 6 Adjustable LED Lights Compatible with Phone and Android - 3.3 FT | B46: B0G1MM25PR | C46: 169.99 | F46: 0 | G46: 0 | J46: https://amazon.com/dp/B0G1MM25PR | K46: =HYPERLINK(J46) -> https://amazon.com/dp/B0G1MM25PR
A47: Dual Lens Borescope Inspection Cam, Anykit 7.9mm Endoscope Camera with 4.0" IPS Screen, Sewer Cam Adjustble LED Lights, IP67 Waterproof Snake Camera 16.5ft Semi-Rigid Cable 32GB Card | B47: B0CN69DJFX | C47: 33.99 | F47: 0 | G47: 0 | H47: 141 | I47: 4.4 | J47: https://amazon.com/dp/B0CN69DJFX | K47: =HYPERLINK(J47) -> https://amazon.com/dp/B0CN69DJFX
A48: Total | F48: =SUM(Anykit!F31:F47) -> 58116 | G48: =SUM(Anykit!G31:G47) -> 4843
